unidade;ano;mes;setor;consultas_urgencia
CSPD;2019,0;1,0;Pronto Atendimento;494,0
CSPD;2019,0;1,0;UDC - Unidade de Decisão Clínica;494,0
CSPD;2019,0;1,0;Unidade de Decisão Clínica;494,0
CSPD;2019,0;1,0;Unidade de Urgência - Maternidade;494,0
CSPD;2019,0;1,0;Unidade Urgência Emergência Ginecológica-Obstetrícia;494,0
CSPD;2019,0;1,0;Unidade Urgência/Emergência;494,0
CSPD;2019,0;1,0;Unidade Urgência-Emergência;494,0
CSPD;2019,0;1,0;UUE/HRB/CHB;494,0
CSPD;2019,0;2,0;Pronto Atendimento;533,0
CSPD;2019,0;2,0;UDC - Unidade de Decisão Clínica;533,0
CSPD;2019,0;2,0;Unidade de Decisão Clínica;533,0
CSPD;2019,0;2,0;Unidade de Urgência - Maternidade;533,0
CSPD;2019,0;2,0;Unidade Urgência Emergência Ginecológica-Obstetrícia;533,0
CSPD;2019,0;2,0;Unidade Urgência/Emergência;533,0
CSPD;2019,0;2,0;Unidade Urgência-Emergência;533,0
CSPD;2019,0;2,0;UUE/HRB/CHB;533,0
CSPD;2019,0;3,0;Pronto Atendimento;545,0
CSPD;2019,0;3,0;UDC - Unidade de Decisão Clínica;545,0
CSPD;2019,0;3,0;Unidade de Decisão Clínica;545,0
CSPD;2019,0;3,0;Unidade de Urgência - Maternidade;545,0
CSPD;2019,0;3,0;Unidade Urgência Emergência Ginecológica-Obstetrícia;545,0
CSPD;2019,0;3,0;Unidade Urgência/Emergência;545,0
CSPD;2019,0;3,0;Unidade Urgência-Emergência;545,0
CSPD;2019,0;3,0;UUE/HRB/CHB;545,0
CSPD;2019,0;4,0;Pronto Atendimento;728,0
CSPD;2019,0;4,0;UDC - Unidade de Decisão Clínica;728,0
CSPD;2019,0;4,0;Unidade de Decisão Clínica;728,0
CSPD;2019,0;4,0;Unidade de Urgência - Maternidade;728,0
CSPD;2019,0;4,0;Unidade Urgência Emergência Ginecológica-Obstetrícia;728,0
CSPD;2019,0;4,0;Unidade Urgência/Emergência;728,0
CSPD;2019,0;4,0;Unidade Urgência-Emergência;728,0
CSPD;2019,0;4,0;UUE/HRB/CHB;728,0
CSPD;2019,0;5,0;Pronto Atendimento;811,0
CSPD;2019,0;5,0;UDC - Unidade de Decisão Clínica;811,0
CSPD;2019,0;5,0;Unidade de Decisão Clínica;811,0
CSPD;2019,0;5,0;Unidade de Urgência - Maternidade;811,0
CSPD;2019,0;5,0;Unidade Urgência Emergência Ginecológica-Obstetrícia;811,0
CSPD;2019,0;5,0;Unidade Urgência/Emergência;811,0
CSPD;2019,0;5,0;Unidade Urgência-Emergência;811,0
CSPD;2019,0;5,0;UUE/HRB/CHB;811,0
CSPD;2019,0;6,0;Pronto Atendimento;606,0
CSPD;2019,0;6,0;UDC - Unidade de Decisão Clínica;606,0
CSPD;2019,0;6,0;Unidade de Decisão Clínica;606,0
CSPD;2019,0;6,0;Unidade de Urgência - Maternidade;606,0
CSPD;2019,0;6,0;Unidade Urgência Emergência Ginecológica-Obstetrícia;606,0
CSPD;2019,0;6,0;Unidade Urgência/Emergência;606,0
CSPD;2019,0;6,0;Unidade Urgência-Emergência;606,0
CSPD;2019,0;6,0;UUE/HRB/CHB;606,0
CSPD;2019,0;7,0;Pronto Atendimento;547,0
CSPD;2019,0;7,0;UDC - Unidade de Decisão Clínica;547,0
CSPD;2019,0;7,0;Unidade de Decisão Clínica;547,0
CSPD;2019,0;7,0;Unidade de Urgência - Maternidade;547,0
CSPD;2019,0;7,0;Unidade Urgência Emergência Ginecológica-Obstetrícia;547,0
CSPD;2019,0;7,0;Unidade Urgência/Emergência;547,0
CSPD;2019,0;7,0;Unidade Urgência-Emergência;547,0
CSPD;2019,0;7,0;UUE/HRB/CHB;547,0
CSPD;2019,0;8,0;Pronto Atendimento;562,0
CSPD;2019,0;8,0;UDC - Unidade de Decisão Clínica;562,0
CSPD;2019,0;8,0;Unidade de Decisão Clínica;562,0
CSPD;2019,0;8,0;Unidade de Urgência - Maternidade;562,0
CSPD;2019,0;8,0;Unidade Urgência Emergência Ginecológica-Obstetrícia;562,0
CSPD;2019,0;8,0;Unidade Urgência/Emergência;562,0
CSPD;2019,0;8,0;Unidade Urgência-Emergência;562,0
CSPD;2019,0;8,0;UUE/HRB/CHB;562,0
CSPD;2019,0;9,0;Pronto Atendimento;516,0
CSPD;2019,0;9,0;UDC - Unidade de Decisão Clínica;516,0
CSPD;2019,0;9,0;Unidade de Decisão Clínica;516,0
CSPD;2019,0;9,0;Unidade de Urgência - Maternidade;516,0
CSPD;2019,0;9,0;Unidade Urgência Emergência Ginecológica-Obstetrícia;516,0
CSPD;2019,0;9,0;Unidade Urgência/Emergência;516,0
CSPD;2019,0;9,0;Unidade Urgência-Emergência;516,0
CSPD;2019,0;9,0;UUE/HRB/CHB;516,0
CSPD;2019,0;10,0;Pronto Atendimento;623,0
CSPD;2019,0;10,0;UDC - Unidade de Decisão Clínica;623,0
CSPD;2019,0;10,0;Unidade de Decisão Clínica;623,0
CSPD;2019,0;10,0;Unidade de Urgência - Maternidade;623,0
CSPD;2019,0;10,0;Unidade Urgência Emergência Ginecológica-Obstetrícia;623,0
CSPD;2019,0;10,0;Unidade Urgência/Emergência;623,0
CSPD;2019,0;10,0;Unidade Urgência-Emergência;623,0
CSPD;2019,0;10,0;UUE/HRB/CHB;623,0
CSPD;2019,0;11,0;Pronto Atendimento;543,0
CSPD;2019,0;11,0;UDC - Unidade de Decisão Clínica;543,0
CSPD;2019,0;11,0;Unidade de Decisão Clínica;543,0
CSPD;2019,0;11,0;Unidade de Urgência - Maternidade;543,0
CSPD;2019,0;11,0;Unidade Urgência Emergência Ginecológica-Obstetrícia;543,0
CSPD;2019,0;11,0;Unidade Urgência/Emergência;543,0
CSPD;2019,0;11,0;Unidade Urgência-Emergência;543,0
CSPD;2019,0;11,0;UUE/HRB/CHB;543,0
CSPD;2019,0;12,0;Pronto Atendimento;594,0
CSPD;2019,0;12,0;UDC - Unidade de Decisão Clínica;594,0
CSPD;2019,0;12,0;Unidade de Decisão Clínica;594,0
CSPD;2019,0;12,0;Unidade de Urgência - Maternidade;594,0
CSPD;2019,0;12,0;Unidade Urgência Emergência Ginecológica-Obstetrícia;594,0
CSPD;2019,0;12,0;Unidade Urgência/Emergência;594,0
CSPD;2019,0;12,0;Unidade Urgência-Emergência;594,0
CSPD;2019,0;12,0;UUE/HRB/CHB;594,0
CSPD;2020,0;1,0;Pronto Atendimento;694,0
CSPD;2020,0;1,0;UDC - Unidade de Decisão Clínica;694,0
CSPD;2020,0;1,0;Unidade de Decisão Clínica;694,0
CSPD;2020,0;1,0;Unidade de Urgência - Maternidade;694,0
CSPD;2020,0;1,0;Unidade Urgência Emergência Ginecológica-Obstetrícia;694,0
CSPD;2020,0;1,0;Unidade Urgência/Emergência;694,0
CSPD;2020,0;1,0;Unidade Urgência-Emergência;694,0
CSPD;2020,0;1,0;UUE/HRB/CHB;694,0
CSPD;2020,0;2,0;Pronto Atendimento;671,0
CSPD;2020,0;2,0;UDC - Unidade de Decisão Clínica;671,0
CSPD;2020,0;2,0;Unidade de Decisão Clínica;671,0
CSPD;2020,0;2,0;Unidade de Urgência - Maternidade;671,0
CSPD;2020,0;2,0;Unidade Urgência Emergência Ginecológica-Obstetrícia;671,0
CSPD;2020,0;2,0;Unidade Urgência/Emergência;671,0
CSPD;2020,0;2,0;Unidade Urgência-Emergência;671,0
CSPD;2020,0;2,0;UUE/HRB/CHB;671,0
CSPD;2020,0;3,0;Pronto Atendimento;474,0
CSPD;2020,0;3,0;UDC - Unidade de Decisão Clínica;474,0
CSPD;2020,0;3,0;Unidade de Decisão Clínica;474,0
CSPD;2020,0;3,0;Unidade de Urgência - Maternidade;474,0
CSPD;2020,0;3,0;Unidade Urgência Emergência Ginecológica-Obstetrícia;474,0
CSPD;2020,0;3,0;Unidade Urgência/Emergência;474,0
CSPD;2020,0;3,0;Unidade Urgência-Emergência;474,0
CSPD;2020,0;3,0;UUE/HRB/CHB;474,0
CSPD;2020,0;4,0;Pronto Atendimento;219,0
CSPD;2020,0;4,0;UDC - Unidade de Decisão Clínica;219,0
CSPD;2020,0;4,0;Unidade de Decisão Clínica;219,0
CSPD;2020,0;4,0;Unidade de Urgência - Maternidade;219,0
CSPD;2020,0;4,0;Unidade Urgência Emergência Ginecológica-Obstetrícia;219,0
CSPD;2020,0;4,0;Unidade Urgência/Emergência;219,0
CSPD;2020,0;4,0;Unidade Urgência-Emergência;219,0
CSPD;2020,0;4,0;UUE/HRB/CHB;219,0
CSPD;2020,0;5,0;Pronto Atendimento;301,0
CSPD;2020,0;5,0;UDC - Unidade de Decisão Clínica;301,0
CSPD;2020,0;5,0;Unidade de Decisão Clínica;301,0
CSPD;2020,0;5,0;Unidade de Urgência - Maternidade;301,0
CSPD;2020,0;5,0;Unidade Urgência Emergência Ginecológica-Obstetrícia;301,0
CSPD;2020,0;5,0;Unidade Urgência/Emergência;301,0
CSPD;2020,0;5,0;Unidade Urgência-Emergência;301,0
CSPD;2020,0;5,0;UUE/HRB/CHB;301,0
CSPD;2020,0;6,0;Pronto Atendimento;287,0
CSPD;2020,0;6,0;UDC - Unidade de Decisão Clínica;287,0
CSPD;2020,0;6,0;Unidade de Decisão Clínica;287,0
CSPD;2020,0;6,0;Unidade de Urgência - Maternidade;287,0
CSPD;2020,0;6,0;Unidade Urgência Emergência Ginecológica-Obstetrícia;287,0
CSPD;2020,0;6,0;Unidade Urgência/Emergência;287,0
CSPD;2020,0;6,0;Unidade Urgência-Emergência;287,0
CSPD;2020,0;6,0;UUE/HRB/CHB;287,0
CSPD;2020,0;7,0;Pronto Atendimento;344,0
CSPD;2020,0;7,0;UDC - Unidade de Decisão Clínica;344,0
CSPD;2020,0;7,0;Unidade de Decisão Clínica;344,0
CSPD;2020,0;7,0;Unidade de Urgência - Maternidade;344,0
CSPD;2020,0;7,0;Unidade Urgência Emergência Ginecológica-Obstetrícia;344,0
CSPD;2020,0;7,0;Unidade Urgência/Emergência;344,0
CSPD;2020,0;7,0;Unidade Urgência-Emergência;344,0
CSPD;2020,0;7,0;UUE/HRB/CHB;344,0
CSPD;2020,0;8,0;Pronto Atendimento;397,0
CSPD;2020,0;8,0;UDC - Unidade de Decisão Clínica;397,0
CSPD;2020,0;8,0;Unidade de Decisão Clínica;397,0
CSPD;2020,0;8,0;Unidade de Urgência - Maternidade;397,0
CSPD;2020,0;8,0;Unidade Urgência Emergência Ginecológica-Obstetrícia;397,0
CSPD;2020,0;8,0;Unidade Urgência/Emergência;397,0
CSPD;2020,0;8,0;Unidade Urgência-Emergência;397,0
CSPD;2020,0;8,0;UUE/HRB/CHB;397,0
CSPD;2020,0;9,0;Pronto Atendimento;382,0
CSPD;2020,0;9,0;UDC - Unidade de Decisão Clínica;382,0
CSPD;2020,0;9,0;Unidade de Decisão Clínica;382,0
CSPD;2020,0;9,0;Unidade de Urgência - Maternidade;382,0
CSPD;2020,0;9,0;Unidade Urgência Emergência Ginecológica-Obstetrícia;382,0
CSPD;2020,0;9,0;Unidade Urgência/Emergência;382,0
CSPD;2020,0;9,0;Unidade Urgência-Emergência;382,0
CSPD;2020,0;9,0;UUE/HRB/CHB;382,0
CSPD;2020,0;10,0;Pronto Atendimento;376,0
CSPD;2020,0;10,0;UDC - Unidade de Decisão Clínica;376,0
CSPD;2020,0;10,0;Unidade de Decisão Clínica;376,0
CSPD;2020,0;10,0;Unidade de Urgência - Maternidade;376,0
CSPD;2020,0;10,0;Unidade Urgência Emergência Ginecológica-Obstetrícia;376,0
CSPD;2020,0;10,0;Unidade Urgência/Emergência;376,0
CSPD;2020,0;10,0;Unidade Urgência-Emergência;376,0
CSPD;2020,0;10,0;UUE/HRB/CHB;376,0
CSPD;2020,0;11,0;Pronto Atendimento;343,0
CSPD;2020,0;11,0;UDC - Unidade de Decisão Clínica;343,0
CSPD;2020,0;11,0;Unidade de Decisão Clínica;343,0
CSPD;2020,0;11,0;Unidade de Urgência - Maternidade;343,0
CSPD;2020,0;11,0;Unidade Urgência Emergência Ginecológica-Obstetrícia;343,0
CSPD;2020,0;11,0;Unidade Urgência/Emergência;343,0
CSPD;2020,0;11,0;Unidade Urgência-Emergência;343,0
CSPD;2020,0;11,0;UUE/HRB/CHB;343,0
CSPD;2020,0;12,0;Pronto Atendimento;373,0
CSPD;2020,0;12,0;UDC - Unidade de Decisão Clínica;373,0
CSPD;2020,0;12,0;Unidade de Decisão Clínica;373,0
CSPD;2020,0;12,0;Unidade de Urgência - Maternidade;373,0
CSPD;2020,0;12,0;Unidade Urgência Emergência Ginecológica-Obstetrícia;373,0
CSPD;2020,0;12,0;Unidade Urgência/Emergência;373,0
CSPD;2020,0;12,0;Unidade Urgência-Emergência;373,0
CSPD;2020,0;12,0;UUE/HRB/CHB;373,0
CSPD;2021,0;1,0;Pronto Atendimento;368,0
CSPD;2021,0;1,0;UDC - Unidade de Decisão Clínica;368,0
CSPD;2021,0;1,0;Unidade de Decisão Clínica;368,0
CSPD;2021,0;1,0;Unidade de Urgência - Maternidade;368,0
CSPD;2021,0;1,0;Unidade Urgência Emergência Ginecológica-Obstetrícia;368,0
CSPD;2021,0;1,0;Unidade Urgência/Emergência;368,0
CSPD;2021,0;1,0;Unidade Urgência-Emergência;368,0
CSPD;2021,0;1,0;UUE/HRB/CHB;368,0
CSPD;2021,0;2,0;Pronto Atendimento;336,0
CSPD;2021,0;2,0;UDC - Unidade de Decisão Clínica;336,0
CSPD;2021,0;2,0;Unidade de Decisão Clínica;336,0
CSPD;2021,0;2,0;Unidade de Urgência - Maternidade;336,0
CSPD;2021,0;2,0;Unidade Urgência Emergência Ginecológica-Obstetrícia;336,0
CSPD;2021,0;2,0;Unidade Urgência/Emergência;336,0
CSPD;2021,0;2,0;Unidade Urgência-Emergência;336,0
CSPD;2021,0;2,0;UUE/HRB/CHB;336,0
CSPD;2021,0;3,0;Pronto Atendimento;511,0
CSPD;2021,0;3,0;UDC - Unidade de Decisão Clínica;511,0
CSPD;2021,0;3,0;Unidade de Decisão Clínica;511,0
CSPD;2021,0;3,0;Unidade de Urgência - Maternidade;511,0
CSPD;2021,0;3,0;Unidade Urgência Emergência Ginecológica-Obstetrícia;511,0
CSPD;2021,0;3,0;Unidade Urgência/Emergência;511,0
CSPD;2021,0;3,0;Unidade Urgência-Emergência;511,0
CSPD;2021,0;3,0;UUE/HRB/CHB;511,0
CSPD;2021,0;4,0;Pronto Atendimento;442,0
CSPD;2021,0;4,0;UDC - Unidade de Decisão Clínica;442,0
CSPD;2021,0;4,0;Unidade de Decisão Clínica;442,0
CSPD;2021,0;4,0;Unidade de Urgência - Maternidade;442,0
CSPD;2021,0;4,0;Unidade Urgência Emergência Ginecológica-Obstetrícia;442,0
CSPD;2021,0;4,0;Unidade Urgência/Emergência;442,0
CSPD;2021,0;4,0;Unidade Urgência-Emergência;442,0
CSPD;2021,0;4,0;UUE/HRB/CHB;442,0
CSPD;2021,0;5,0;Pronto Atendimento;465,0
CSPD;2021,0;5,0;UDC - Unidade de Decisão Clínica;465,0
CSPD;2021,0;5,0;Unidade de Decisão Clínica;465,0
CSPD;2021,0;5,0;Unidade de Urgência - Maternidade;465,0
CSPD;2021,0;5,0;Unidade Urgência Emergência Ginecológica-Obstetrícia;465,0
CSPD;2021,0;5,0;Unidade Urgência/Emergência;465,0
CSPD;2021,0;5,0;Unidade Urgência-Emergência;465,0
CSPD;2021,0;5,0;UUE/HRB/CHB;465,0
CSPD;2021,0;6,0;Pronto Atendimento;374,0
CSPD;2021,0;6,0;UDC - Unidade de Decisão Clínica;374,0
CSPD;2021,0;6,0;Unidade de Decisão Clínica;374,0
CSPD;2021,0;6,0;Unidade de Urgência - Maternidade;374,0
CSPD;2021,0;6,0;Unidade Urgência Emergência Ginecológica-Obstetrícia;374,0
CSPD;2021,0;6,0;Unidade Urgência/Emergência;374,0
CSPD;2021,0;6,0;Unidade Urgência-Emergência;374,0
CSPD;2021,0;6,0;UUE/HRB/CHB;374,0
CSPD;2021,0;7,0;Pronto Atendimento;358,0
CSPD;2021,0;7,0;UDC - Unidade de Decisão Clínica;358,0
CSPD;2021,0;7,0;Unidade de Decisão Clínica;358,0
CSPD;2021,0;7,0;Unidade de Urgência - Maternidade;358,0
CSPD;2021,0;7,0;Unidade Urgência Emergência Ginecológica-Obstetrícia;358,0
CSPD;2021,0;7,0;Unidade Urgência/Emergência;358,0
CSPD;2021,0;7,0;Unidade Urgência-Emergência;358,0
CSPD;2021,0;7,0;UUE/HRB/CHB;358,0
CSPD;2021,0;8,0;Pronto Atendimento;414,0
CSPD;2021,0;8,0;UDC - Unidade de Decisão Clínica;414,0
CSPD;2021,0;8,0;Unidade de Decisão Clínica;414,0
CSPD;2021,0;8,0;Unidade de Urgência - Maternidade;414,0
CSPD;2021,0;8,0;Unidade Urgência Emergência Ginecológica-Obstetrícia;414,0
CSPD;2021,0;8,0;Unidade Urgência/Emergência;414,0
CSPD;2021,0;8,0;Unidade Urgência-Emergência;414,0
CSPD;2021,0;8,0;UUE/HRB/CHB;414,0
CSPD;2021,0;9,0;Pronto Atendimento;425,0
CSPD;2021,0;9,0;UDC - Unidade de Decisão Clínica;425,0
CSPD;2021,0;9,0;Unidade de Decisão Clínica;425,0
CSPD;2021,0;9,0;Unidade de Urgência - Maternidade;425,0
CSPD;2021,0;9,0;Unidade Urgência Emergência Ginecológica-Obstetrícia;425,0
CSPD;2021,0;9,0;Unidade Urgência/Emergência;425,0
CSPD;2021,0;9,0;Unidade Urgência-Emergência;425,0
CSPD;2021,0;9,0;UUE/HRB/CHB;425,0
CSPD;2021,0;10,0;Pronto Atendimento;380,0
CSPD;2021,0;10,0;UDC - Unidade de Decisão Clínica;380,0
CSPD;2021,0;10,0;Unidade de Decisão Clínica;380,0
CSPD;2021,0;10,0;Unidade de Urgência - Maternidade;380,0
CSPD;2021,0;10,0;Unidade Urgência Emergência Ginecológica-Obstetrícia;380,0
CSPD;2021,0;10,0;Unidade Urgência/Emergência;380,0
CSPD;2021,0;10,0;Unidade Urgência-Emergência;380,0
CSPD;2021,0;10,0;UUE/HRB/CHB;380,0
CSPD;2021,0;11,0;Pronto Atendimento;355,0
CSPD;2021,0;11,0;UDC - Unidade de Decisão Clínica;355,0
CSPD;2021,0;11,0;Unidade de Decisão Clínica;355,0
CSPD;2021,0;11,0;Unidade de Urgência - Maternidade;355,0
CSPD;2021,0;11,0;Unidade Urgência Emergência Ginecológica-Obstetrícia;355,0
CSPD;2021,0;11,0;Unidade Urgência/Emergência;355,0
CSPD;2021,0;11,0;Unidade Urgência-Emergência;355,0
CSPD;2021,0;11,0;UUE/HRB/CHB;355,0
CSPD;2021,0;12,0;Pronto Atendimento;538,0
CSPD;2021,0;12,0;UDC - Unidade de Decisão Clínica;538,0
CSPD;2021,0;12,0;Unidade de Decisão Clínica;538,0
CSPD;2021,0;12,0;Unidade de Urgência - Maternidade;538,0
CSPD;2021,0;12,0;Unidade Urgência Emergência Ginecológica-Obstetrícia;538,0
CSPD;2021,0;12,0;Unidade Urgência/Emergência;538,0
CSPD;2021,0;12,0;Unidade Urgência-Emergência;538,0
CSPD;2021,0;12,0;UUE/HRB/CHB;538,0
CSPD;2022,0;1,0;Pronto Atendimento;580,0
CSPD;2022,0;1,0;UDC - Unidade de Decisão Clínica;580,0
CSPD;2022,0;1,0;Unidade de Decisão Clínica;580,0
CSPD;2022,0;1,0;Unidade de Urgência - Maternidade;580,0
CSPD;2022,0;1,0;Unidade Urgência Emergência Ginecológica-Obstetrícia;580,0
CSPD;2022,0;1,0;Unidade Urgência/Emergência;580,0
CSPD;2022,0;1,0;Unidade Urgência-Emergência;580,0
CSPD;2022,0;1,0;UUE/HRB/CHB;580,0
CSPD;2022,0;2,0;Pronto Atendimento;292,0
CSPD;2022,0;2,0;UDC - Unidade de Decisão Clínica;292,0
CSPD;2022,0;2,0;Unidade de Decisão Clínica;292,0
CSPD;2022,0;2,0;Unidade de Urgência - Maternidade;292,0
CSPD;2022,0;2,0;Unidade Urgência Emergência Ginecológica-Obstetrícia;292,0
CSPD;2022,0;2,0;Unidade Urgência/Emergência;292,0
CSPD;2022,0;2,0;Unidade Urgência-Emergência;292,0
CSPD;2022,0;2,0;UUE/HRB/CHB;292,0
CSPD;2022,0;3,0;Pronto Atendimento;324,0
CSPD;2022,0;3,0;UDC - Unidade de Decisão Clínica;324,0
CSPD;2022,0;3,0;Unidade de Decisão Clínica;324,0
CSPD;2022,0;3,0;Unidade de Urgência - Maternidade;324,0
CSPD;2022,0;3,0;Unidade Urgência Emergência Ginecológica-Obstetrícia;324,0
CSPD;2022,0;3,0;Unidade Urgência/Emergência;324,0
CSPD;2022,0;3,0;Unidade Urgência-Emergência;324,0
CSPD;2022,0;3,0;UUE/HRB/CHB;324,0
CSPD;2022,0;4,0;Pronto Atendimento;241,0
CSPD;2022,0;4,0;UDC - Unidade de Decisão Clínica;241,0
CSPD;2022,0;4,0;Unidade de Decisão Clínica;241,0
CSPD;2022,0;4,0;Unidade de Urgência - Maternidade;241,0
CSPD;2022,0;4,0;Unidade Urgência Emergência Ginecológica-Obstetrícia;241,0
CSPD;2022,0;4,0;Unidade Urgência/Emergência;241,0
CSPD;2022,0;4,0;Unidade Urgência-Emergência;241,0
CSPD;2022,0;4,0;UUE/HRB/CHB;241,0
CSPD;2022,0;5,0;Pronto Atendimento;328,0
CSPD;2022,0;5,0;UDC - Unidade de Decisão Clínica;328,0
CSPD;2022,0;5,0;Unidade de Decisão Clínica;328,0
CSPD;2022,0;5,0;Unidade de Urgência - Maternidade;328,0
CSPD;2022,0;5,0;Unidade Urgência Emergência Ginecológica-Obstetrícia;328,0
CSPD;2022,0;5,0;Unidade Urgência/Emergência;328,0
CSPD;2022,0;5,0;Unidade Urgência-Emergência;328,0
CSPD;2022,0;5,0;UUE/HRB/CHB;328,0
CSPD;2022,0;6,0;Pronto Atendimento;401,0
CSPD;2022,0;6,0;UDC - Unidade de Decisão Clínica;401,0
CSPD;2022,0;6,0;Unidade de Decisão Clínica;401,0
CSPD;2022,0;6,0;Unidade de Urgência - Maternidade;401,0
CSPD;2022,0;6,0;Unidade Urgência Emergência Ginecológica-Obstetrícia;401,0
CSPD;2022,0;6,0;Unidade Urgência/Emergência;401,0
CSPD;2022,0;6,0;Unidade Urgência-Emergência;401,0
CSPD;2022,0;6,0;UUE/HRB/CHB;401,0
CSPD;2022,0;7,0;Pronto Atendimento;370,0
CSPD;2022,0;7,0;UDC - Unidade de Decisão Clínica;370,0
CSPD;2022,0;7,0;Unidade de Decisão Clínica;370,0
CSPD;2022,0;7,0;Unidade de Urgência - Maternidade;370,0
CSPD;2022,0;7,0;Unidade Urgência Emergência Ginecológica-Obstetrícia;370,0
CSPD;2022,0;7,0;Unidade Urgência/Emergência;370,0
CSPD;2022,0;7,0;Unidade Urgência-Emergência;370,0
CSPD;2022,0;7,0;UUE/HRB/CHB;370,0
CSPD;2022,0;8,0;Pronto Atendimento;300,0
CSPD;2022,0;8,0;UDC - Unidade de Decisão Clínica;300,0
CSPD;2022,0;8,0;Unidade de Decisão Clínica;300,0
CSPD;2022,0;8,0;Unidade de Urgência - Maternidade;300,0
CSPD;2022,0;8,0;Unidade Urgência Emergência Ginecológica-Obstetrícia;300,0
CSPD;2022,0;8,0;Unidade Urgência/Emergência;300,0
CSPD;2022,0;8,0;Unidade Urgência-Emergência;300,0
CSPD;2022,0;8,0;UUE/HRB/CHB;300,0
CSPD;2022,0;9,0;Pronto Atendimento;302,0
CSPD;2022,0;9,0;UDC - Unidade de Decisão Clínica;302,0
CSPD;2022,0;9,0;Unidade de Decisão Clínica;302,0
CSPD;2022,0;9,0;Unidade de Urgência - Maternidade;302,0
CSPD;2022,0;9,0;Unidade Urgência Emergência Ginecológica-Obstetrícia;302,0
CSPD;2022,0;9,0;Unidade Urgência/Emergência;302,0
CSPD;2022,0;9,0;Unidade Urgência-Emergência;302,0
CSPD;2022,0;9,0;UUE/HRB/CHB;302,0
CSPD;2022,0;10,0;Pronto Atendimento;287,0
CSPD;2022,0;10,0;UDC - Unidade de Decisão Clínica;287,0
CSPD;2022,0;10,0;Unidade de Decisão Clínica;287,0
CSPD;2022,0;10,0;Unidade de Urgência - Maternidade;287,0
CSPD;2022,0;10,0;Unidade Urgência Emergência Ginecológica-Obstetrícia;287,0
CSPD;2022,0;10,0;Unidade Urgência/Emergência;287,0
CSPD;2022,0;10,0;Unidade Urgência-Emergência;287,0
CSPD;2022,0;10,0;UUE/HRB/CHB;287,0
CSPD;2022,0;11,0;Pronto Atendimento;327,0
CSPD;2022,0;11,0;UDC - Unidade de Decisão Clínica;327,0
CSPD;2022,0;11,0;Unidade de Decisão Clínica;327,0
CSPD;2022,0;11,0;Unidade de Urgência - Maternidade;327,0
CSPD;2022,0;11,0;Unidade Urgência Emergência Ginecológica-Obstetrícia;327,0
CSPD;2022,0;11,0;Unidade Urgência/Emergência;327,0
CSPD;2022,0;11,0;Unidade Urgência-Emergência;327,0
CSPD;2022,0;11,0;UUE/HRB/CHB;327,0
CSPD;2022,0;12,0;Pronto Atendimento;284,0
CSPD;2022,0;12,0;UDC - Unidade de Decisão Clínica;284,0
CSPD;2022,0;12,0;Unidade de Decisão Clínica;284,0
CSPD;2022,0;12,0;Unidade de Urgência - Maternidade;284,0
CSPD;2022,0;12,0;Unidade Urgência Emergência Ginecológica-Obstetrícia;284,0
CSPD;2022,0;12,0;Unidade Urgência/Emergência;284,0
CSPD;2022,0;12,0;Unidade Urgência-Emergência;284,0
CSPD;2022,0;12,0;UUE/HRB/CHB;284,0
CSPD;2023,0;1,0;Pronto Atendimento;285,0
CSPD;2023,0;1,0;UDC - Unidade de Decisão Clínica;285,0
CSPD;2023,0;1,0;Unidade de Decisão Clínica;285,0
CSPD;2023,0;1,0;Unidade de Urgência - Maternidade;285,0
CSPD;2023,0;1,0;Unidade Urgência Emergência Ginecológica-Obstetrícia;285,0
CSPD;2023,0;1,0;Unidade Urgência/Emergência;285,0
CSPD;2023,0;1,0;Unidade Urgência-Emergência;285,0
CSPD;2023,0;1,0;UUE/HRB/CHB;285,0
CSPD;2023,0;2,0;Pronto Atendimento;280,0
CSPD;2023,0;2,0;UDC - Unidade de Decisão Clínica;280,0
CSPD;2023,0;2,0;Unidade de Decisão Clínica;280,0
CSPD;2023,0;2,0;Unidade de Urgência - Maternidade;280,0
CSPD;2023,0;2,0;Unidade Urgência Emergência Ginecológica-Obstetrícia;280,0
CSPD;2023,0;2,0;Unidade Urgência/Emergência;280,0
CSPD;2023,0;2,0;Unidade Urgência-Emergência;280,0
CSPD;2023,0;2,0;UUE/HRB/CHB;280,0
CSPD;2023,0;3,0;Pronto Atendimento;355,0
CSPD;2023,0;3,0;UDC - Unidade de Decisão Clínica;355,0
CSPD;2023,0;3,0;Unidade de Decisão Clínica;355,0
CSPD;2023,0;3,0;Unidade de Urgência - Maternidade;355,0
CSPD;2023,0;3,0;Unidade Urgência Emergência Ginecológica-Obstetrícia;355,0
CSPD;2023,0;3,0;Unidade Urgência/Emergência;355,0
CSPD;2023,0;3,0;Unidade Urgência-Emergência;355,0
CSPD;2023,0;3,0;UUE/HRB/CHB;355,0
CSPD;2023,0;4,0;Pronto Atendimento;267,0
CSPD;2023,0;4,0;UDC - Unidade de Decisão Clínica;267,0
CSPD;2023,0;4,0;Unidade de Decisão Clínica;267,0
CSPD;2023,0;4,0;Unidade de Urgência - Maternidade;267,0
CSPD;2023,0;4,0;Unidade Urgência Emergência Ginecológica-Obstetrícia;267,0
CSPD;2023,0;4,0;Unidade Urgência/Emergência;267,0
CSPD;2023,0;4,0;Unidade Urgência-Emergência;267,0
CSPD;2023,0;4,0;UUE/HRB/CHB;267,0
CSPD;2023,0;5,0;Pronto Atendimento;333,0
CSPD;2023,0;5,0;UDC - Unidade de Decisão Clínica;333,0
CSPD;2023,0;5,0;Unidade de Decisão Clínica;333,0
CSPD;2023,0;5,0;Unidade de Urgência - Maternidade;333,0
CSPD;2023,0;5,0;Unidade Urgência Emergência Ginecológica-Obstetrícia;333,0
CSPD;2023,0;5,0;Unidade Urgência/Emergência;333,0
CSPD;2023,0;5,0;Unidade Urgência-Emergência;333,0
CSPD;2023,0;5,0;UUE/HRB/CHB;333,0
CSPD;2023,0;6,0;Pronto Atendimento;222,0
CSPD;2023,0;6,0;UDC - Unidade de Decisão Clínica;222,0
CSPD;2023,0;6,0;Unidade de Decisão Clínica;222,0
CSPD;2023,0;6,0;Unidade de Urgência - Maternidade;222,0
CSPD;2023,0;6,0;Unidade Urgência Emergência Ginecológica-Obstetrícia;222,0
CSPD;2023,0;6,0;Unidade Urgência/Emergência;222,0
CSPD;2023,0;6,0;Unidade Urgência-Emergência;222,0
CSPD;2023,0;6,0;UUE/HRB/CHB;222,0
CSPD;2023,0;7,0;Pronto Atendimento;116,0
CSPD;2023,0;7,0;UDC - Unidade de Decisão Clínica;116,0
CSPD;2023,0;7,0;Unidade de Decisão Clínica;116,0
CSPD;2023,0;7,0;Unidade de Urgência - Maternidade;116,0
CSPD;2023,0;7,0;Unidade Urgência Emergência Ginecológica-Obstetrícia;116,0
CSPD;2023,0;7,0;Unidade Urgência/Emergência;116,0
CSPD;2023,0;7,0;Unidade Urgência-Emergência;116,0
CSPD;2023,0;7,0;UUE/HRB/CHB;116,0
CSPD;2023,0;8,0;Pronto Atendimento;67,0
CSPD;2023,0;8,0;UDC - Unidade de Decisão Clínica;67,0
CSPD;2023,0;8,0;Unidade de Decisão Clínica;67,0
CSPD;2023,0;8,0;Unidade de Urgência - Maternidade;67,0
CSPD;2023,0;8,0;Unidade Urgência Emergência Ginecológica-Obstetrícia;67,0
CSPD;2023,0;8,0;Unidade Urgência/Emergência;67,0
CSPD;2023,0;8,0;Unidade Urgência-Emergência;67,0
CSPD;2023,0;8,0;UUE/HRB/CHB;67,0
CSPD;2023,0;9,0;Pronto Atendimento;59,0
CSPD;2023,0;9,0;UDC - Unidade de Decisão Clínica;59,0
CSPD;2023,0;9,0;Unidade de Decisão Clínica;59,0
CSPD;2023,0;9,0;Unidade de Urgência - Maternidade;59,0
CSPD;2023,0;9,0;Unidade Urgência Emergência Ginecológica-Obstetrícia;59,0
CSPD;2023,0;9,0;Unidade Urgência/Emergência;59,0
CSPD;2023,0;9,0;Unidade Urgência-Emergência;59,0
CSPD;2023,0;9,0;UUE/HRB/CHB;59,0
CSPD;2023,0;10,0;Pronto Atendimento;71,0
CSPD;2023,0;10,0;UDC - Unidade de Decisão Clínica;71,0
CSPD;2023,0;10,0;Unidade de Decisão Clínica;71,0
CSPD;2023,0;10,0;Unidade de Urgência - Maternidade;71,0
CSPD;2023,0;10,0;Unidade Urgência Emergência Ginecológica-Obstetrícia;71,0
CSPD;2023,0;10,0;Unidade Urgência/Emergência;71,0
CSPD;2023,0;10,0;Unidade Urgência-Emergência;71,0
CSPD;2023,0;10,0;UUE/HRB/CHB;71,0
CSPD;2023,0;11,0;Pronto Atendimento;8,0
CSPD;2023,0;11,0;UDC - Unidade de Decisão Clínica;8,0
CSPD;2023,0;11,0;Unidade de Decisão Clínica;8,0
CSPD;2023,0;11,0;Unidade de Urgência - Maternidade;8,0
CSPD;2023,0;11,0;Unidade Urgência Emergência Ginecológica-Obstetrícia;8,0
CSPD;2023,0;11,0;Unidade Urgência/Emergência;8,0
CSPD;2023,0;11,0;Unidade Urgência-Emergência;8,0
CSPD;2023,0;11,0;UUE/HRB/CHB;8,0
CSSFA;2020,0;3,0;Pronto Atendimento;1,0
CSSFA;2020,0;3,0;UDC - Unidade de Decisão Clínica;1,0
CSSFA;2020,0;3,0;Unidade de Decisão Clínica;1,0
CSSFA;2020,0;3,0;Unidade de Urgência - Maternidade;1,0
CSSFA;2020,0;3,0;Unidade Urgência Emergência Ginecológica-Obstetrícia;1,0
CSSFA;2020,0;3,0;Unidade Urgência/Emergência;1,0
CSSFA;2020,0;3,0;Unidade Urgência-Emergência;1,0
CSSFA;2020,0;3,0;UUE/HRB/CHB;1,0
CSSFA;2020,0;9,0;Pronto Atendimento;1,0
CSSFA;2020,0;9,0;UDC - Unidade de Decisão Clínica;1,0
CSSFA;2020,0;9,0;Unidade de Decisão Clínica;1,0
CSSFA;2020,0;9,0;Unidade de Urgência - Maternidade;1,0
CSSFA;2020,0;9,0;Unidade Urgência Emergência Ginecológica-Obstetrícia;1,0
CSSFA;2020,0;9,0;Unidade Urgência/Emergência;1,0
CSSFA;2020,0;9,0;Unidade Urgência-Emergência;1,0
CSSFA;2020,0;9,0;UUE/HRB/CHB;1,0
CSSFA;2022,0;1,0;Pronto Atendimento;1,0
CSSFA;2022,0;1,0;UDC - Unidade de Decisão Clínica;1,0
CSSFA;2022,0;1,0;Unidade de Decisão Clínica;1,0
CSSFA;2022,0;1,0;Unidade de Urgência - Maternidade;1,0
CSSFA;2022,0;1,0;Unidade Urgência Emergência Ginecológica-Obstetrícia;1,0
CSSFA;2022,0;1,0;Unidade Urgência/Emergência;1,0
CSSFA;2022,0;1,0;Unidade Urgência-Emergência;1,0
CSSFA;2022,0;1,0;UUE/HRB/CHB;1,0
CSSFA;2022,0;2,0;Pronto Atendimento;1,0
CSSFA;2022,0;2,0;UDC - Unidade de Decisão Clínica;1,0
CSSFA;2022,0;2,0;Unidade de Decisão Clínica;1,0
CSSFA;2022,0;2,0;Unidade de Urgência - Maternidade;1,0
CSSFA;2022,0;2,0;Unidade Urgência Emergência Ginecológica-Obstetrícia;1,0
CSSFA;2022,0;2,0;Unidade Urgência/Emergência;1,0
CSSFA;2022,0;2,0;Unidade Urgência-Emergência;1,0
CSSFA;2022,0;2,0;UUE/HRB/CHB;1,0
CSSFA;2022,0;8,0;Pronto Atendimento;2,0
CSSFA;2022,0;8,0;UDC - Unidade de Decisão Clínica;2,0
CSSFA;2022,0;8,0;Unidade de Decisão Clínica;2,0
CSSFA;2022,0;8,0;Unidade de Urgência - Maternidade;2,0
CSSFA;2022,0;8,0;Unidade Urgência Emergência Ginecológica-Obstetrícia;2,0
CSSFA;2022,0;8,0;Unidade Urgência/Emergência;2,0
CSSFA;2022,0;8,0;Unidade Urgência-Emergência;2,0
CSSFA;2022,0;8,0;UUE/HRB/CHB;2,0
CSSFA;2022,0;9,0;Pronto Atendimento;1,0
CSSFA;2022,0;9,0;UDC - Unidade de Decisão Clínica;1,0
CSSFA;2022,0;9,0;Unidade de Decisão Clínica;1,0
CSSFA;2022,0;9,0;Unidade de Urgência - Maternidade;1,0
CSSFA;2022,0;9,0;Unidade Urgência Emergência Ginecológica-Obstetrícia;1,0
CSSFA;2022,0;9,0;Unidade Urgência/Emergência;1,0
CSSFA;2022,0;9,0;Unidade Urgência-Emergência;1,0
CSSFA;2022,0;9,0;UUE/HRB/CHB;1,0
CSSFA;2022,0;11,0;Pronto Atendimento;5,0
CSSFA;2022,0;11,0;UDC - Unidade de Decisão Clínica;5,0
CSSFA;2022,0;11,0;Unidade de Decisão Clínica;5,0
CSSFA;2022,0;11,0;Unidade de Urgência - Maternidade;5,0
CSSFA;2022,0;11,0;Unidade Urgência Emergência Ginecológica-Obstetrícia;5,0
CSSFA;2022,0;11,0;Unidade Urgência/Emergência;5,0
CSSFA;2022,0;11,0;Unidade Urgência-Emergência;5,0
CSSFA;2022,0;11,0;UUE/HRB/CHB;5,0
CSSFA;2022,0;12,0;Pronto Atendimento;1,0
CSSFA;2022,0;12,0;UDC - Unidade de Decisão Clínica;1,0
CSSFA;2022,0;12,0;Unidade de Decisão Clínica;1,0
CSSFA;2022,0;12,0;Unidade de Urgência - Maternidade;1,0
CSSFA;2022,0;12,0;Unidade Urgência Emergência Ginecológica-Obstetrícia;1,0
CSSFA;2022,0;12,0;Unidade Urgência/Emergência;1,0
CSSFA;2022,0;12,0;Unidade Urgência-Emergência;1,0
CSSFA;2022,0;12,0;UUE/HRB/CHB;1,0
CSSFA;2023,0;2,0;Pronto Atendimento;1,0
CSSFA;2023,0;2,0;UDC - Unidade de Decisão Clínica;1,0
CSSFA;2023,0;2,0;Unidade de Decisão Clínica;1,0
CSSFA;2023,0;2,0;Unidade de Urgência - Maternidade;1,0
CSSFA;2023,0;2,0;Unidade Urgência Emergência Ginecológica-Obstetrícia;1,0
CSSFA;2023,0;2,0;Unidade Urgência/Emergência;1,0
CSSFA;2023,0;2,0;Unidade Urgência-Emergência;1,0
CSSFA;2023,0;2,0;UUE/HRB/CHB;1,0
CSSFA;2023,0;3,0;Pronto Atendimento;4,0
CSSFA;2023,0;3,0;UDC - Unidade de Decisão Clínica;4,0
CSSFA;2023,0;3,0;Unidade de Decisão Clínica;4,0
CSSFA;2023,0;3,0;Unidade de Urgência - Maternidade;4,0
CSSFA;2023,0;3,0;Unidade Urgência Emergência Ginecológica-Obstetrícia;4,0
CSSFA;2023,0;3,0;Unidade Urgência/Emergência;4,0
CSSFA;2023,0;3,0;Unidade Urgência-Emergência;4,0
CSSFA;2023,0;3,0;UUE/HRB/CHB;4,0
CSSFA;2023,0;4,0;Pronto Atendimento;4,0
CSSFA;2023,0;4,0;UDC - Unidade de Decisão Clínica;4,0
CSSFA;2023,0;4,0;Unidade de Decisão Clínica;4,0
CSSFA;2023,0;4,0;Unidade de Urgência - Maternidade;4,0
CSSFA;2023,0;4,0;Unidade Urgência Emergência Ginecológica-Obstetrícia;4,0
CSSFA;2023,0;4,0;Unidade Urgência/Emergência;4,0
CSSFA;2023,0;4,0;Unidade Urgência-Emergência;4,0
CSSFA;2023,0;4,0;UUE/HRB/CHB;4,0
CSSFA;2023,0;5,0;Pronto Atendimento;2,0
CSSFA;2023,0;5,0;UDC - Unidade de Decisão Clínica;2,0
CSSFA;2023,0;5,0;Unidade de Decisão Clínica;2,0
CSSFA;2023,0;5,0;Unidade de Urgência - Maternidade;2,0
CSSFA;2023,0;5,0;Unidade Urgência Emergência Ginecológica-Obstetrícia;2,0
CSSFA;2023,0;5,0;Unidade Urgência/Emergência;2,0
CSSFA;2023,0;5,0;Unidade Urgência-Emergência;2,0
CSSFA;2023,0;5,0;UUE/HRB/CHB;2,0
CSSFA;2023,0;6,0;Pronto Atendimento;3,0
CSSFA;2023,0;6,0;UDC - Unidade de Decisão Clínica;3,0
CSSFA;2023,0;6,0;Unidade de Decisão Clínica;3,0
CSSFA;2023,0;6,0;Unidade de Urgência - Maternidade;3,0
CSSFA;2023,0;6,0;Unidade Urgência Emergência Ginecológica-Obstetrícia;3,0
CSSFA;2023,0;6,0;Unidade Urgência/Emergência;3,0
CSSFA;2023,0;6,0;Unidade Urgência-Emergência;3,0
CSSFA;2023,0;6,0;UUE/HRB/CHB;3,0
CSSFA;2023,0;9,0;Pronto Atendimento;1,0
CSSFA;2023,0;9,0;UDC - Unidade de Decisão Clínica;1,0
CSSFA;2023,0;9,0;Unidade de Decisão Clínica;1,0
CSSFA;2023,0;9,0;Unidade de Urgência - Maternidade;1,0
CSSFA;2023,0;9,0;Unidade Urgência Emergência Ginecológica-Obstetrícia;1,0
CSSFA;2023,0;9,0;Unidade Urgência/Emergência;1,0
CSSFA;2023,0;9,0;Unidade Urgência-Emergência;1,0
CSSFA;2023,0;9,0;UUE/HRB/CHB;1,0
CSSFA;2023,0;10,0;Pronto Atendimento;2,0
CSSFA;2023,0;10,0;UDC - Unidade de Decisão Clínica;2,0
CSSFA;2023,0;10,0;Unidade de Decisão Clínica;2,0
CSSFA;2023,0;10,0;Unidade de Urgência - Maternidade;2,0
CSSFA;2023,0;10,0;Unidade Urgência Emergência Ginecológica-Obstetrícia;2,0
CSSFA;2023,0;10,0;Unidade Urgência/Emergência;2,0
CSSFA;2023,0;10,0;Unidade Urgência-Emergência;2,0
CSSFA;2023,0;10,0;UUE/HRB/CHB;2,0
CSSFA;2023,0;11,0;Pronto Atendimento;1,0
CSSFA;2023,0;11,0;UDC - Unidade de Decisão Clínica;1,0
CSSFA;2023,0;11,0;Unidade de Decisão Clínica;1,0
CSSFA;2023,0;11,0;Unidade de Urgência - Maternidade;1,0
CSSFA;2023,0;11,0;Unidade Urgência Emergência Ginecológica-Obstetrícia;1,0
CSSFA;2023,0;11,0;Unidade Urgência/Emergência;1,0
CSSFA;2023,0;11,0;Unidade Urgência-Emergência;1,0
CSSFA;2023,0;11,0;UUE/HRB/CHB;1,0
CSSFA;2023,0;12,0;Pronto Atendimento;1,0
CSSFA;2023,0;12,0;UDC - Unidade de Decisão Clínica;1,0
CSSFA;2023,0;12,0;Unidade de Decisão Clínica;1,0
CSSFA;2023,0;12,0;Unidade de Urgência - Maternidade;1,0
CSSFA;2023,0;12,0;Unidade Urgência Emergência Ginecológica-Obstetrícia;1,0
CSSFA;2023,0;12,0;Unidade Urgência/Emergência;1,0
CSSFA;2023,0;12,0;Unidade Urgência-Emergência;1,0
CSSFA;2023,0;12,0;UUE/HRB/CHB;1,0
CSSFA;2024,0;2,0;Pronto Atendimento;1,0
CSSFA;2024,0;2,0;UDC - Unidade de Decisão Clínica;1,0
CSSFA;2024,0;2,0;Unidade de Decisão Clínica;1,0
CSSFA;2024,0;2,0;Unidade de Urgência - Maternidade;1,0
CSSFA;2024,0;2,0;Unidade Urgência Emergência Ginecológica-Obstetrícia;1,0
CSSFA;2024,0;2,0;Unidade Urgência/Emergência;1,0
CSSFA;2024,0;2,0;Unidade Urgência-Emergência;1,0
CSSFA;2024,0;2,0;UUE/HRB/CHB;1,0
CSSFA;2024,0;4,0;Pronto Atendimento;2,0
CSSFA;2024,0;4,0;UDC - Unidade de Decisão Clínica;2,0
CSSFA;2024,0;4,0;Unidade de Decisão Clínica;2,0
CSSFA;2024,0;4,0;Unidade de Urgência - Maternidade;2,0
CSSFA;2024,0;4,0;Unidade Urgência Emergência Ginecológica-Obstetrícia;2,0
CSSFA;2024,0;4,0;Unidade Urgência/Emergência;2,0
CSSFA;2024,0;4,0;Unidade Urgência-Emergência;2,0
CSSFA;2024,0;4,0;UUE/HRB/CHB;2,0
CSSFA;2024,0;6,0;Pronto Atendimento;1,0
CSSFA;2024,0;6,0;UDC - Unidade de Decisão Clínica;1,0
CSSFA;2024,0;6,0;Unidade de Decisão Clínica;1,0
CSSFA;2024,0;6,0;Unidade de Urgência - Maternidade;1,0
CSSFA;2024,0;6,0;Unidade Urgência Emergência Ginecológica-Obstetrícia;1,0
CSSFA;2024,0;6,0;Unidade Urgência/Emergência;1,0
CSSFA;2024,0;6,0;Unidade Urgência-Emergência;1,0
CSSFA;2024,0;6,0;UUE/HRB/CHB;1,0
CSSFA;2024,0;8,0;Pronto Atendimento;7,0
CSSFA;2024,0;8,0;UDC - Unidade de Decisão Clínica;7,0
CSSFA;2024,0;8,0;Unidade de Decisão Clínica;7,0
CSSFA;2024,0;8,0;Unidade de Urgência - Maternidade;7,0
CSSFA;2024,0;8,0;Unidade Urgência Emergência Ginecológica-Obstetrícia;7,0
CSSFA;2024,0;8,0;Unidade Urgência/Emergência;7,0
CSSFA;2024,0;8,0;Unidade Urgência-Emergência;7,0
CSSFA;2024,0;8,0;UUE/HRB/CHB;7,0
CSSFA;2024,0;9,0;Pronto Atendimento;1,0
CSSFA;2024,0;9,0;UDC - Unidade de Decisão Clínica;1,0
CSSFA;2024,0;9,0;Unidade de Decisão Clínica;1,0
CSSFA;2024,0;9,0;Unidade de Urgência - Maternidade;1,0
CSSFA;2024,0;9,0;Unidade Urgência Emergência Ginecológica-Obstetrícia;1,0
CSSFA;2024,0;9,0;Unidade Urgência/Emergência;1,0
CSSFA;2024,0;9,0;Unidade Urgência-Emergência;1,0
CSSFA;2024,0;9,0;UUE/HRB/CHB;1,0
CSSFA;2024,0;10,0;Pronto Atendimento;2,0
CSSFA;2024,0;10,0;UDC - Unidade de Decisão Clínica;2,0
CSSFA;2024,0;10,0;Unidade de Decisão Clínica;2,0
CSSFA;2024,0;10,0;Unidade de Urgência - Maternidade;2,0
CSSFA;2024,0;10,0;Unidade Urgência Emergência Ginecológica-Obstetrícia;2,0
CSSFA;2024,0;10,0;Unidade Urgência/Emergência;2,0
CSSFA;2024,0;10,0;Unidade Urgência-Emergência;2,0
CSSFA;2024,0;10,0;UUE/HRB/CHB;2,0
CSSFA;2024,0;11,0;Pronto Atendimento;1,0
CSSFA;2024,0;11,0;UDC - Unidade de Decisão Clínica;1,0
CSSFA;2024,0;11,0;Unidade de Decisão Clínica;1,0
CSSFA;2024,0;11,0;Unidade de Urgência - Maternidade;1,0
CSSFA;2024,0;11,0;Unidade Urgência Emergência Ginecológica-Obstetrícia;1,0
CSSFA;2024,0;11,0;Unidade Urgência/Emergência;1,0
CSSFA;2024,0;11,0;Unidade Urgência-Emergência;1,0
CSSFA;2024,0;11,0;UUE/HRB/CHB;1,0
CSSFA;2024,0;12,0;Pronto Atendimento;1,0
CSSFA;2024,0;12,0;UDC - Unidade de Decisão Clínica;1,0
CSSFA;2024,0;12,0;Unidade de Decisão Clínica;1,0
CSSFA;2024,0;12,0;Unidade de Urgência - Maternidade;1,0
CSSFA;2024,0;12,0;Unidade Urgência Emergência Ginecológica-Obstetrícia;1,0
CSSFA;2024,0;12,0;Unidade Urgência/Emergência;1,0
CSSFA;2024,0;12,0;Unidade Urgência-Emergência;1,0
CSSFA;2024,0;12,0;UUE/HRB/CHB;1,0
CSSFA;2025,0;1,0;Pronto Atendimento;3,0
CSSFA;2025,0;1,0;UDC - Unidade de Decisão Clínica;3,0
CSSFA;2025,0;1,0;Unidade de Decisão Clínica;3,0
CSSFA;2025,0;1,0;Unidade de Urgência - Maternidade;3,0
CSSFA;2025,0;1,0;Unidade Urgência Emergência Ginecológica-Obstetrícia;3,0
CSSFA;2025,0;1,0;Unidade Urgência/Emergência;3,0
CSSFA;2025,0;1,0;Unidade Urgência-Emergência;3,0
CSSFA;2025,0;1,0;UUE/HRB/CHB;3,0
CSSFA;2025,0;2,0;Pronto Atendimento;1,0
CSSFA;2025,0;2,0;UDC - Unidade de Decisão Clínica;1,0
CSSFA;2025,0;2,0;Unidade de Decisão Clínica;1,0
CSSFA;2025,0;2,0;Unidade de Urgência - Maternidade;1,0
CSSFA;2025,0;2,0;Unidade Urgência Emergência Ginecológica-Obstetrícia;1,0
CSSFA;2025,0;2,0;Unidade Urgência/Emergência;1,0
CSSFA;2025,0;2,0;Unidade Urgência-Emergência;1,0
CSSFA;2025,0;2,0;UUE/HRB/CHB;1,0
CSSFA;2025,0;4,0;Pronto Atendimento;1,0
CSSFA;2025,0;4,0;UDC - Unidade de Decisão Clínica;1,0
CSSFA;2025,0;4,0;Unidade de Decisão Clínica;1,0
CSSFA;2025,0;4,0;Unidade de Urgência - Maternidade;1,0
CSSFA;2025,0;4,0;Unidade Urgência Emergência Ginecológica-Obstetrícia;1,0
CSSFA;2025,0;4,0;Unidade Urgência/Emergência;1,0
CSSFA;2025,0;4,0;Unidade Urgência-Emergência;1,0
CSSFA;2025,0;4,0;UUE/HRB/CHB;1,0
CSSFA;2025,0;5,0;Pronto Atendimento;5,0
CSSFA;2025,0;5,0;UDC - Unidade de Decisão Clínica;5,0
CSSFA;2025,0;5,0;Unidade de Decisão Clínica;5,0
CSSFA;2025,0;5,0;Unidade de Urgência - Maternidade;5,0
CSSFA;2025,0;5,0;Unidade Urgência Emergência Ginecológica-Obstetrícia;5,0
CSSFA;2025,0;5,0;Unidade Urgência/Emergência;5,0
CSSFA;2025,0;5,0;Unidade Urgência-Emergência;5,0
CSSFA;2025,0;5,0;UUE/HRB/CHB;5,0
CSSFA;2025,0;6,0;Pronto Atendimento;2,0
CSSFA;2025,0;6,0;UDC - Unidade de Decisão Clínica;2,0
CSSFA;2025,0;6,0;Unidade de Decisão Clínica;2,0
CSSFA;2025,0;6,0;Unidade de Urgência - Maternidade;2,0
CSSFA;2025,0;6,0;Unidade Urgência Emergência Ginecológica-Obstetrícia;2,0
CSSFA;2025,0;6,0;Unidade Urgência/Emergência;2,0
CSSFA;2025,0;6,0;Unidade Urgência-Emergência;2,0
CSSFA;2025,0;6,0;UUE/HRB/CHB;2,0
CSSFA;2025,0;7,0;Pronto Atendimento;2,0
CSSFA;2025,0;7,0;UDC - Unidade de Decisão Clínica;2,0
CSSFA;2025,0;7,0;Unidade de Decisão Clínica;2,0
CSSFA;2025,0;7,0;Unidade de Urgência - Maternidade;2,0
CSSFA;2025,0;7,0;Unidade Urgência Emergência Ginecológica-Obstetrícia;2,0
CSSFA;2025,0;7,0;Unidade Urgência/Emergência;2,0
CSSFA;2025,0;7,0;Unidade Urgência-Emergência;2,0
CSSFA;2025,0;7,0;UUE/HRB/CHB;2,0
CSSFA;2025,0;8,0;Pronto Atendimento;2,0
CSSFA;2025,0;8,0;UDC - Unidade de Decisão Clínica;2,0
CSSFA;2025,0;8,0;Unidade de Decisão Clínica;2,0
CSSFA;2025,0;8,0;Unidade de Urgência - Maternidade;2,0
CSSFA;2025,0;8,0;Unidade Urgência Emergência Ginecológica-Obstetrícia;2,0
CSSFA;2025,0;8,0;Unidade Urgência/Emergência;2,0
CSSFA;2025,0;8,0;Unidade Urgência-Emergência;2,0
CSSFA;2025,0;8,0;UUE/HRB/CHB;2,0
CSSFA;2025,0;9,0;Pronto Atendimento;4,0
CSSFA;2025,0;9,0;UDC - Unidade de Decisão Clínica;4,0
CSSFA;2025,0;9,0;Unidade de Decisão Clínica;4,0
CSSFA;2025,0;9,0;Unidade de Urgência - Maternidade;4,0
CSSFA;2025,0;9,0;Unidade Urgência Emergência Ginecológica-Obstetrícia;4,0
CSSFA;2025,0;9,0;Unidade Urgência/Emergência;4,0
CSSFA;2025,0;9,0;Unidade Urgência-Emergência;4,0
CSSFA;2025,0;9,0;UUE/HRB/CHB;4,0
CSSFA;2025,0;10,0;Pronto Atendimento;8,0
CSSFA;2025,0;10,0;UDC - Unidade de Decisão Clínica;8,0
CSSFA;2025,0;10,0;Unidade de Decisão Clínica;8,0
CSSFA;2025,0;10,0;Unidade de Urgência - Maternidade;8,0
CSSFA;2025,0;10,0;Unidade Urgência Emergência Ginecológica-Obstetrícia;8,0
CSSFA;2025,0;10,0;Unidade Urgência/Emergência;8,0
CSSFA;2025,0;10,0;Unidade Urgência-Emergência;8,0
CSSFA;2025,0;10,0;UUE/HRB/CHB;8,0
CSSFA;2025,0;11,0;Pronto Atendimento;5,0
CSSFA;2025,0;11,0;UDC - Unidade de Decisão Clínica;5,0
CSSFA;2025,0;11,0;Unidade de Decisão Clínica;5,0
CSSFA;2025,0;11,0;Unidade de Urgência - Maternidade;5,0
CSSFA;2025,0;11,0;Unidade Urgência Emergência Ginecológica-Obstetrícia;5,0
CSSFA;2025,0;11,0;Unidade Urgência/Emergência;5,0
CSSFA;2025,0;11,0;Unidade Urgência-Emergência;5,0
CSSFA;2025,0;11,0;UUE/HRB/CHB;5,0
CSSFA;2025,0;12,0;Pronto Atendimento;2,0
CSSFA;2025,0;12,0;UDC - Unidade de Decisão Clínica;2,0
CSSFA;2025,0;12,0;Unidade de Decisão Clínica;2,0
CSSFA;2025,0;12,0;Unidade de Urgência - Maternidade;2,0
CSSFA;2025,0;12,0;Unidade Urgência Emergência Ginecológica-Obstetrícia;2,0
CSSFA;2025,0;12,0;Unidade Urgência/Emergência;2,0
CSSFA;2025,0;12,0;Unidade Urgência-Emergência;2,0
CSSFA;2025,0;12,0;UUE/HRB/CHB;2,0
CSSFA;2026,0;1,0;Pronto Atendimento;8,0
CSSFA;2026,0;1,0;UDC - Unidade de Decisão Clínica;8,0
CSSFA;2026,0;1,0;Unidade de Decisão Clínica;8,0
CSSFA;2026,0;1,0;Unidade de Urgência - Maternidade;8,0
CSSFA;2026,0;1,0;Unidade Urgência Emergência Ginecológica-Obstetrícia;8,0
CSSFA;2026,0;1,0;Unidade Urgência/Emergência;8,0
CSSFA;2026,0;1,0;Unidade Urgência-Emergência;8,0
CSSFA;2026,0;1,0;UUE/HRB/CHB;8,0
CSSFA;2026,0;2,0;Pronto Atendimento;4,0
CSSFA;2026,0;2,0;UDC - Unidade de Decisão Clínica;4,0
CSSFA;2026,0;2,0;Unidade de Decisão Clínica;4,0
CSSFA;2026,0;2,0;Unidade de Urgência - Maternidade;4,0
CSSFA;2026,0;2,0;Unidade Urgência Emergência Ginecológica-Obstetrícia;4,0
CSSFA;2026,0;2,0;Unidade Urgência/Emergência;4,0
CSSFA;2026,0;2,0;Unidade Urgência-Emergência;4,0
CSSFA;2026,0;2,0;UUE/HRB/CHB;4,0
CSSFE;2019,0;1,0;Pronto Atendimento;43,0
CSSFE;2019,0;1,0;UDC - Unidade de Decisão Clínica;43,0
CSSFE;2019,0;1,0;Unidade de Decisão Clínica;43,0
CSSFE;2019,0;1,0;Unidade de Urgência - Maternidade;43,0
CSSFE;2019,0;1,0;Unidade Urgência Emergência Ginecológica-Obstetrícia;43,0
CSSFE;2019,0;1,0;Unidade Urgência/Emergência;43,0
CSSFE;2019,0;1,0;Unidade Urgência-Emergência;43,0
CSSFE;2019,0;1,0;UUE/HRB/CHB;43,0
CSSFE;2019,0;2,0;Pronto Atendimento;49,0
CSSFE;2019,0;2,0;UDC - Unidade de Decisão Clínica;49,0
CSSFE;2019,0;2,0;Unidade de Decisão Clínica;49,0
CSSFE;2019,0;2,0;Unidade de Urgência - Maternidade;49,0
CSSFE;2019,0;2,0;Unidade Urgência Emergência Ginecológica-Obstetrícia;49,0
CSSFE;2019,0;2,0;Unidade Urgência/Emergência;49,0
CSSFE;2019,0;2,0;Unidade Urgência-Emergência;49,0
CSSFE;2019,0;2,0;UUE/HRB/CHB;49,0
CSSFE;2019,0;3,0;Pronto Atendimento;21,0
CSSFE;2019,0;3,0;UDC - Unidade de Decisão Clínica;21,0
CSSFE;2019,0;3,0;Unidade de Decisão Clínica;21,0
CSSFE;2019,0;3,0;Unidade de Urgência - Maternidade;21,0
CSSFE;2019,0;3,0;Unidade Urgência Emergência Ginecológica-Obstetrícia;21,0
CSSFE;2019,0;3,0;Unidade Urgência/Emergência;21,0
CSSFE;2019,0;3,0;Unidade Urgência-Emergência;21,0
CSSFE;2019,0;3,0;UUE/HRB/CHB;21,0
CSSFE;2019,0;4,0;Pronto Atendimento;37,0
CSSFE;2019,0;4,0;UDC - Unidade de Decisão Clínica;37,0
CSSFE;2019,0;4,0;Unidade de Decisão Clínica;37,0
CSSFE;2019,0;4,0;Unidade de Urgência - Maternidade;37,0
CSSFE;2019,0;4,0;Unidade Urgência Emergência Ginecológica-Obstetrícia;37,0
CSSFE;2019,0;4,0;Unidade Urgência/Emergência;37,0
CSSFE;2019,0;4,0;Unidade Urgência-Emergência;37,0
CSSFE;2019,0;4,0;UUE/HRB/CHB;37,0
CSSFE;2019,0;5,0;Pronto Atendimento;31,0
CSSFE;2019,0;5,0;UDC - Unidade de Decisão Clínica;31,0
CSSFE;2019,0;5,0;Unidade de Decisão Clínica;31,0
CSSFE;2019,0;5,0;Unidade de Urgência - Maternidade;31,0
CSSFE;2019,0;5,0;Unidade Urgência Emergência Ginecológica-Obstetrícia;31,0
CSSFE;2019,0;5,0;Unidade Urgência/Emergência;31,0
CSSFE;2019,0;5,0;Unidade Urgência-Emergência;31,0
CSSFE;2019,0;5,0;UUE/HRB/CHB;31,0
CSSFE;2019,0;6,0;Pronto Atendimento;29,0
CSSFE;2019,0;6,0;UDC - Unidade de Decisão Clínica;29,0
CSSFE;2019,0;6,0;Unidade de Decisão Clínica;29,0
CSSFE;2019,0;6,0;Unidade de Urgência - Maternidade;29,0
CSSFE;2019,0;6,0;Unidade Urgência Emergência Ginecológica-Obstetrícia;29,0
CSSFE;2019,0;6,0;Unidade Urgência/Emergência;29,0
CSSFE;2019,0;6,0;Unidade Urgência-Emergência;29,0
CSSFE;2019,0;6,0;UUE/HRB/CHB;29,0
CSSFE;2019,0;7,0;Pronto Atendimento;25,0
CSSFE;2019,0;7,0;UDC - Unidade de Decisão Clínica;25,0
CSSFE;2019,0;7,0;Unidade de Decisão Clínica;25,0
CSSFE;2019,0;7,0;Unidade de Urgência - Maternidade;25,0
CSSFE;2019,0;7,0;Unidade Urgência Emergência Ginecológica-Obstetrícia;25,0
CSSFE;2019,0;7,0;Unidade Urgência/Emergência;25,0
CSSFE;2019,0;7,0;Unidade Urgência-Emergência;25,0
CSSFE;2019,0;7,0;UUE/HRB/CHB;25,0
CSSFE;2019,0;8,0;Pronto Atendimento;42,0
CSSFE;2019,0;8,0;UDC - Unidade de Decisão Clínica;42,0
CSSFE;2019,0;8,0;Unidade de Decisão Clínica;42,0
CSSFE;2019,0;8,0;Unidade de Urgência - Maternidade;42,0
CSSFE;2019,0;8,0;Unidade Urgência Emergência Ginecológica-Obstetrícia;42,0
CSSFE;2019,0;8,0;Unidade Urgência/Emergência;42,0
CSSFE;2019,0;8,0;Unidade Urgência-Emergência;42,0
CSSFE;2019,0;8,0;UUE/HRB/CHB;42,0
CSSFE;2019,0;9,0;Pronto Atendimento;28,0
CSSFE;2019,0;9,0;UDC - Unidade de Decisão Clínica;28,0
CSSFE;2019,0;9,0;Unidade de Decisão Clínica;28,0
CSSFE;2019,0;9,0;Unidade de Urgência - Maternidade;28,0
CSSFE;2019,0;9,0;Unidade Urgência Emergência Ginecológica-Obstetrícia;28,0
CSSFE;2019,0;9,0;Unidade Urgência/Emergência;28,0
CSSFE;2019,0;9,0;Unidade Urgência-Emergência;28,0
CSSFE;2019,0;9,0;UUE/HRB/CHB;28,0
CSSFE;2019,0;10,0;Pronto Atendimento;33,0
CSSFE;2019,0;10,0;UDC - Unidade de Decisão Clínica;33,0
CSSFE;2019,0;10,0;Unidade de Decisão Clínica;33,0
CSSFE;2019,0;10,0;Unidade de Urgência - Maternidade;33,0
CSSFE;2019,0;10,0;Unidade Urgência Emergência Ginecológica-Obstetrícia;33,0
CSSFE;2019,0;10,0;Unidade Urgência/Emergência;33,0
CSSFE;2019,0;10,0;Unidade Urgência-Emergência;33,0
CSSFE;2019,0;10,0;UUE/HRB/CHB;33,0
CSSFE;2019,0;11,0;Pronto Atendimento;27,0
CSSFE;2019,0;11,0;UDC - Unidade de Decisão Clínica;27,0
CSSFE;2019,0;11,0;Unidade de Decisão Clínica;27,0
CSSFE;2019,0;11,0;Unidade de Urgência - Maternidade;27,0
CSSFE;2019,0;11,0;Unidade Urgência Emergência Ginecológica-Obstetrícia;27,0
CSSFE;2019,0;11,0;Unidade Urgência/Emergência;27,0
CSSFE;2019,0;11,0;Unidade Urgência-Emergência;27,0
CSSFE;2019,0;11,0;UUE/HRB/CHB;27,0
CSSFE;2019,0;12,0;Pronto Atendimento;9,0
CSSFE;2019,0;12,0;UDC - Unidade de Decisão Clínica;9,0
CSSFE;2019,0;12,0;Unidade de Decisão Clínica;9,0
CSSFE;2019,0;12,0;Unidade de Urgência - Maternidade;9,0
CSSFE;2019,0;12,0;Unidade Urgência Emergência Ginecológica-Obstetrícia;9,0
CSSFE;2019,0;12,0;Unidade Urgência/Emergência;9,0
CSSFE;2019,0;12,0;Unidade Urgência-Emergência;9,0
CSSFE;2019,0;12,0;UUE/HRB/CHB;9,0
CSSFE;2020,0;1,0;Pronto Atendimento;25,0
CSSFE;2020,0;1,0;UDC - Unidade de Decisão Clínica;25,0
CSSFE;2020,0;1,0;Unidade de Decisão Clínica;25,0
CSSFE;2020,0;1,0;Unidade de Urgência - Maternidade;25,0
CSSFE;2020,0;1,0;Unidade Urgência Emergência Ginecológica-Obstetrícia;25,0
CSSFE;2020,0;1,0;Unidade Urgência/Emergência;25,0
CSSFE;2020,0;1,0;Unidade Urgência-Emergência;25,0
CSSFE;2020,0;1,0;UUE/HRB/CHB;25,0
CSSFE;2020,0;2,0;Pronto Atendimento;25,0
CSSFE;2020,0;2,0;UDC - Unidade de Decisão Clínica;25,0
CSSFE;2020,0;2,0;Unidade de Decisão Clínica;25,0
CSSFE;2020,0;2,0;Unidade de Urgência - Maternidade;25,0
CSSFE;2020,0;2,0;Unidade Urgência Emergência Ginecológica-Obstetrícia;25,0
CSSFE;2020,0;2,0;Unidade Urgência/Emergência;25,0
CSSFE;2020,0;2,0;Unidade Urgência-Emergência;25,0
CSSFE;2020,0;2,0;UUE/HRB/CHB;25,0
CSSFE;2020,0;3,0;Pronto Atendimento;21,0
CSSFE;2020,0;3,0;UDC - Unidade de Decisão Clínica;21,0
CSSFE;2020,0;3,0;Unidade de Decisão Clínica;21,0
CSSFE;2020,0;3,0;Unidade de Urgência - Maternidade;21,0
CSSFE;2020,0;3,0;Unidade Urgência Emergência Ginecológica-Obstetrícia;21,0
CSSFE;2020,0;3,0;Unidade Urgência/Emergência;21,0
CSSFE;2020,0;3,0;Unidade Urgência-Emergência;21,0
CSSFE;2020,0;3,0;UUE/HRB/CHB;21,0
CSSFE;2020,0;4,0;Pronto Atendimento;4,0
CSSFE;2020,0;4,0;UDC - Unidade de Decisão Clínica;4,0
CSSFE;2020,0;4,0;Unidade de Decisão Clínica;4,0
CSSFE;2020,0;4,0;Unidade de Urgência - Maternidade;4,0
CSSFE;2020,0;4,0;Unidade Urgência Emergência Ginecológica-Obstetrícia;4,0
CSSFE;2020,0;4,0;Unidade Urgência/Emergência;4,0
CSSFE;2020,0;4,0;Unidade Urgência-Emergência;4,0
CSSFE;2020,0;4,0;UUE/HRB/CHB;4,0
CSSFE;2020,0;5,0;Pronto Atendimento;12,0
CSSFE;2020,0;5,0;UDC - Unidade de Decisão Clínica;12,0
CSSFE;2020,0;5,0;Unidade de Decisão Clínica;12,0
CSSFE;2020,0;5,0;Unidade de Urgência - Maternidade;12,0
CSSFE;2020,0;5,0;Unidade Urgência Emergência Ginecológica-Obstetrícia;12,0
CSSFE;2020,0;5,0;Unidade Urgência/Emergência;12,0
CSSFE;2020,0;5,0;Unidade Urgência-Emergência;12,0
CSSFE;2020,0;5,0;UUE/HRB/CHB;12,0
CSSFE;2020,0;7,0;Pronto Atendimento;4,0
CSSFE;2020,0;7,0;UDC - Unidade de Decisão Clínica;4,0
CSSFE;2020,0;7,0;Unidade de Decisão Clínica;4,0
CSSFE;2020,0;7,0;Unidade de Urgência - Maternidade;4,0
CSSFE;2020,0;7,0;Unidade Urgência Emergência Ginecológica-Obstetrícia;4,0
CSSFE;2020,0;7,0;Unidade Urgência/Emergência;4,0
CSSFE;2020,0;7,0;Unidade Urgência-Emergência;4,0
CSSFE;2020,0;7,0;UUE/HRB/CHB;4,0
CSSFE;2020,0;8,0;Pronto Atendimento;55,0
CSSFE;2020,0;8,0;UDC - Unidade de Decisão Clínica;55,0
CSSFE;2020,0;8,0;Unidade de Decisão Clínica;55,0
CSSFE;2020,0;8,0;Unidade de Urgência - Maternidade;55,0
CSSFE;2020,0;8,0;Unidade Urgência Emergência Ginecológica-Obstetrícia;55,0
CSSFE;2020,0;8,0;Unidade Urgência/Emergência;55,0
CSSFE;2020,0;8,0;Unidade Urgência-Emergência;55,0
CSSFE;2020,0;8,0;UUE/HRB/CHB;55,0
CSSFE;2020,0;9,0;Pronto Atendimento;25,0
CSSFE;2020,0;9,0;UDC - Unidade de Decisão Clínica;25,0
CSSFE;2020,0;9,0;Unidade de Decisão Clínica;25,0
CSSFE;2020,0;9,0;Unidade de Urgência - Maternidade;25,0
CSSFE;2020,0;9,0;Unidade Urgência Emergência Ginecológica-Obstetrícia;25,0
CSSFE;2020,0;9,0;Unidade Urgência/Emergência;25,0
CSSFE;2020,0;9,0;Unidade Urgência-Emergência;25,0
CSSFE;2020,0;9,0;UUE/HRB/CHB;25,0
CSSFE;2020,0;10,0;Pronto Atendimento;21,0
CSSFE;2020,0;10,0;UDC - Unidade de Decisão Clínica;21,0
CSSFE;2020,0;10,0;Unidade de Decisão Clínica;21,0
CSSFE;2020,0;10,0;Unidade de Urgência - Maternidade;21,0
CSSFE;2020,0;10,0;Unidade Urgência Emergência Ginecológica-Obstetrícia;21,0
CSSFE;2020,0;10,0;Unidade Urgência/Emergência;21,0
CSSFE;2020,0;10,0;Unidade Urgência-Emergência;21,0
CSSFE;2020,0;10,0;UUE/HRB/CHB;21,0
CSSFE;2020,0;11,0;Pronto Atendimento;46,0
CSSFE;2020,0;11,0;UDC - Unidade de Decisão Clínica;46,0
CSSFE;2020,0;11,0;Unidade de Decisão Clínica;46,0
CSSFE;2020,0;11,0;Unidade de Urgência - Maternidade;46,0
CSSFE;2020,0;11,0;Unidade Urgência Emergência Ginecológica-Obstetrícia;46,0
CSSFE;2020,0;11,0;Unidade Urgência/Emergência;46,0
CSSFE;2020,0;11,0;Unidade Urgência-Emergência;46,0
CSSFE;2020,0;11,0;UUE/HRB/CHB;46,0
CSSFE;2020,0;12,0;Pronto Atendimento;53,0
CSSFE;2020,0;12,0;UDC - Unidade de Decisão Clínica;53,0
CSSFE;2020,0;12,0;Unidade de Decisão Clínica;53,0
CSSFE;2020,0;12,0;Unidade de Urgência - Maternidade;53,0
CSSFE;2020,0;12,0;Unidade Urgência Emergência Ginecológica-Obstetrícia;53,0
CSSFE;2020,0;12,0;Unidade Urgência/Emergência;53,0
CSSFE;2020,0;12,0;Unidade Urgência-Emergência;53,0
CSSFE;2020,0;12,0;UUE/HRB/CHB;53,0
CSSFE;2021,0;1,0;Pronto Atendimento;27,0
CSSFE;2021,0;1,0;UDC - Unidade de Decisão Clínica;27,0
CSSFE;2021,0;1,0;Unidade de Decisão Clínica;27,0
CSSFE;2021,0;1,0;Unidade de Urgência - Maternidade;27,0
CSSFE;2021,0;1,0;Unidade Urgência Emergência Ginecológica-Obstetrícia;27,0
CSSFE;2021,0;1,0;Unidade Urgência/Emergência;27,0
CSSFE;2021,0;1,0;Unidade Urgência-Emergência;27,0
CSSFE;2021,0;1,0;UUE/HRB/CHB;27,0
CSSFE;2021,0;2,0;Pronto Atendimento;36,0
CSSFE;2021,0;2,0;UDC - Unidade de Decisão Clínica;36,0
CSSFE;2021,0;2,0;Unidade de Decisão Clínica;36,0
CSSFE;2021,0;2,0;Unidade de Urgência - Maternidade;36,0
CSSFE;2021,0;2,0;Unidade Urgência Emergência Ginecológica-Obstetrícia;36,0
CSSFE;2021,0;2,0;Unidade Urgência/Emergência;36,0
CSSFE;2021,0;2,0;Unidade Urgência-Emergência;36,0
CSSFE;2021,0;2,0;UUE/HRB/CHB;36,0
CSSFE;2021,0;3,0;Pronto Atendimento;11,0
CSSFE;2021,0;3,0;UDC - Unidade de Decisão Clínica;11,0
CSSFE;2021,0;3,0;Unidade de Decisão Clínica;11,0
CSSFE;2021,0;3,0;Unidade de Urgência - Maternidade;11,0
CSSFE;2021,0;3,0;Unidade Urgência Emergência Ginecológica-Obstetrícia;11,0
CSSFE;2021,0;3,0;Unidade Urgência/Emergência;11,0
CSSFE;2021,0;3,0;Unidade Urgência-Emergência;11,0
CSSFE;2021,0;3,0;UUE/HRB/CHB;11,0
CSSFE;2021,0;4,0;Pronto Atendimento;3,0
CSSFE;2021,0;4,0;UDC - Unidade de Decisão Clínica;3,0
CSSFE;2021,0;4,0;Unidade de Decisão Clínica;3,0
CSSFE;2021,0;4,0;Unidade de Urgência - Maternidade;3,0
CSSFE;2021,0;4,0;Unidade Urgência Emergência Ginecológica-Obstetrícia;3,0
CSSFE;2021,0;4,0;Unidade Urgência/Emergência;3,0
CSSFE;2021,0;4,0;Unidade Urgência-Emergência;3,0
CSSFE;2021,0;4,0;UUE/HRB/CHB;3,0
CSSFE;2021,0;5,0;Pronto Atendimento;8,0
CSSFE;2021,0;5,0;UDC - Unidade de Decisão Clínica;8,0
CSSFE;2021,0;5,0;Unidade de Decisão Clínica;8,0
CSSFE;2021,0;5,0;Unidade de Urgência - Maternidade;8,0
CSSFE;2021,0;5,0;Unidade Urgência Emergência Ginecológica-Obstetrícia;8,0
CSSFE;2021,0;5,0;Unidade Urgência/Emergência;8,0
CSSFE;2021,0;5,0;Unidade Urgência-Emergência;8,0
CSSFE;2021,0;5,0;UUE/HRB/CHB;8,0
CSSFE;2021,0;6,0;Pronto Atendimento;7,0
CSSFE;2021,0;6,0;UDC - Unidade de Decisão Clínica;7,0
CSSFE;2021,0;6,0;Unidade de Decisão Clínica;7,0
CSSFE;2021,0;6,0;Unidade de Urgência - Maternidade;7,0
CSSFE;2021,0;6,0;Unidade Urgência Emergência Ginecológica-Obstetrícia;7,0
CSSFE;2021,0;6,0;Unidade Urgência/Emergência;7,0
CSSFE;2021,0;6,0;Unidade Urgência-Emergência;7,0
CSSFE;2021,0;6,0;UUE/HRB/CHB;7,0
CSSFE;2021,0;7,0;Pronto Atendimento;3,0
CSSFE;2021,0;7,0;UDC - Unidade de Decisão Clínica;3,0
CSSFE;2021,0;7,0;Unidade de Decisão Clínica;3,0
CSSFE;2021,0;7,0;Unidade de Urgência - Maternidade;3,0
CSSFE;2021,0;7,0;Unidade Urgência Emergência Ginecológica-Obstetrícia;3,0
CSSFE;2021,0;7,0;Unidade Urgência/Emergência;3,0
CSSFE;2021,0;7,0;Unidade Urgência-Emergência;3,0
CSSFE;2021,0;7,0;UUE/HRB/CHB;3,0
CSSFE;2021,0;8,0;Pronto Atendimento;12,0
CSSFE;2021,0;8,0;UDC - Unidade de Decisão Clínica;12,0
CSSFE;2021,0;8,0;Unidade de Decisão Clínica;12,0
CSSFE;2021,0;8,0;Unidade de Urgência - Maternidade;12,0
CSSFE;2021,0;8,0;Unidade Urgência Emergência Ginecológica-Obstetrícia;12,0
CSSFE;2021,0;8,0;Unidade Urgência/Emergência;12,0
CSSFE;2021,0;8,0;Unidade Urgência-Emergência;12,0
CSSFE;2021,0;8,0;UUE/HRB/CHB;12,0
CSSFE;2021,0;9,0;Pronto Atendimento;17,0
CSSFE;2021,0;9,0;UDC - Unidade de Decisão Clínica;17,0
CSSFE;2021,0;9,0;Unidade de Decisão Clínica;17,0
CSSFE;2021,0;9,0;Unidade de Urgência - Maternidade;17,0
CSSFE;2021,0;9,0;Unidade Urgência Emergência Ginecológica-Obstetrícia;17,0
CSSFE;2021,0;9,0;Unidade Urgência/Emergência;17,0
CSSFE;2021,0;9,0;Unidade Urgência-Emergência;17,0
CSSFE;2021,0;9,0;UUE/HRB/CHB;17,0
CSSFE;2021,0;10,0;Pronto Atendimento;30,0
CSSFE;2021,0;10,0;UDC - Unidade de Decisão Clínica;30,0
CSSFE;2021,0;10,0;Unidade de Decisão Clínica;30,0
CSSFE;2021,0;10,0;Unidade de Urgência - Maternidade;30,0
CSSFE;2021,0;10,0;Unidade Urgência Emergência Ginecológica-Obstetrícia;30,0
CSSFE;2021,0;10,0;Unidade Urgência/Emergência;30,0
CSSFE;2021,0;10,0;Unidade Urgência-Emergência;30,0
CSSFE;2021,0;10,0;UUE/HRB/CHB;30,0
CSSFE;2021,0;11,0;Pronto Atendimento;14,0
CSSFE;2021,0;11,0;UDC - Unidade de Decisão Clínica;14,0
CSSFE;2021,0;11,0;Unidade de Decisão Clínica;14,0
CSSFE;2021,0;11,0;Unidade de Urgência - Maternidade;14,0
CSSFE;2021,0;11,0;Unidade Urgência Emergência Ginecológica-Obstetrícia;14,0
CSSFE;2021,0;11,0;Unidade Urgência/Emergência;14,0
CSSFE;2021,0;11,0;Unidade Urgência-Emergência;14,0
CSSFE;2021,0;11,0;UUE/HRB/CHB;14,0
CSSFE;2021,0;12,0;Pronto Atendimento;19,0
CSSFE;2021,0;12,0;UDC - Unidade de Decisão Clínica;19,0
CSSFE;2021,0;12,0;Unidade de Decisão Clínica;19,0
CSSFE;2021,0;12,0;Unidade de Urgência - Maternidade;19,0
CSSFE;2021,0;12,0;Unidade Urgência Emergência Ginecológica-Obstetrícia;19,0
CSSFE;2021,0;12,0;Unidade Urgência/Emergência;19,0
CSSFE;2021,0;12,0;Unidade Urgência-Emergência;19,0
CSSFE;2021,0;12,0;UUE/HRB/CHB;19,0
CSSFE;2022,0;1,0;Pronto Atendimento;13,0
CSSFE;2022,0;1,0;UDC - Unidade de Decisão Clínica;13,0
CSSFE;2022,0;1,0;Unidade de Decisão Clínica;13,0
CSSFE;2022,0;1,0;Unidade de Urgência - Maternidade;13,0
CSSFE;2022,0;1,0;Unidade Urgência Emergência Ginecológica-Obstetrícia;13,0
CSSFE;2022,0;1,0;Unidade Urgência/Emergência;13,0
CSSFE;2022,0;1,0;Unidade Urgência-Emergência;13,0
CSSFE;2022,0;1,0;UUE/HRB/CHB;13,0
CSSFE;2022,0;2,0;Pronto Atendimento;11,0
CSSFE;2022,0;2,0;UDC - Unidade de Decisão Clínica;11,0
CSSFE;2022,0;2,0;Unidade de Decisão Clínica;11,0
CSSFE;2022,0;2,0;Unidade de Urgência - Maternidade;11,0
CSSFE;2022,0;2,0;Unidade Urgência Emergência Ginecológica-Obstetrícia;11,0
CSSFE;2022,0;2,0;Unidade Urgência/Emergência;11,0
CSSFE;2022,0;2,0;Unidade Urgência-Emergência;11,0
CSSFE;2022,0;2,0;UUE/HRB/CHB;11,0
CSSFE;2022,0;3,0;Pronto Atendimento;35,0
CSSFE;2022,0;3,0;UDC - Unidade de Decisão Clínica;35,0
CSSFE;2022,0;3,0;Unidade de Decisão Clínica;35,0
CSSFE;2022,0;3,0;Unidade de Urgência - Maternidade;35,0
CSSFE;2022,0;3,0;Unidade Urgência Emergência Ginecológica-Obstetrícia;35,0
CSSFE;2022,0;3,0;Unidade Urgência/Emergência;35,0
CSSFE;2022,0;3,0;Unidade Urgência-Emergência;35,0
CSSFE;2022,0;3,0;UUE/HRB/CHB;35,0
CSSFE;2022,0;4,0;Pronto Atendimento;3,0
CSSFE;2022,0;4,0;UDC - Unidade de Decisão Clínica;3,0
CSSFE;2022,0;4,0;Unidade de Decisão Clínica;3,0
CSSFE;2022,0;4,0;Unidade de Urgência - Maternidade;3,0
CSSFE;2022,0;4,0;Unidade Urgência Emergência Ginecológica-Obstetrícia;3,0
CSSFE;2022,0;4,0;Unidade Urgência/Emergência;3,0
CSSFE;2022,0;4,0;Unidade Urgência-Emergência;3,0
CSSFE;2022,0;4,0;UUE/HRB/CHB;3,0
CSSFE;2022,0;5,0;Pronto Atendimento;11,0
CSSFE;2022,0;5,0;UDC - Unidade de Decisão Clínica;11,0
CSSFE;2022,0;5,0;Unidade de Decisão Clínica;11,0
CSSFE;2022,0;5,0;Unidade de Urgência - Maternidade;11,0
CSSFE;2022,0;5,0;Unidade Urgência Emergência Ginecológica-Obstetrícia;11,0
CSSFE;2022,0;5,0;Unidade Urgência/Emergência;11,0
CSSFE;2022,0;5,0;Unidade Urgência-Emergência;11,0
CSSFE;2022,0;5,0;UUE/HRB/CHB;11,0
CSSFE;2022,0;6,0;Pronto Atendimento;13,0
CSSFE;2022,0;6,0;UDC - Unidade de Decisão Clínica;13,0
CSSFE;2022,0;6,0;Unidade de Decisão Clínica;13,0
CSSFE;2022,0;6,0;Unidade de Urgência - Maternidade;13,0
CSSFE;2022,0;6,0;Unidade Urgência Emergência Ginecológica-Obstetrícia;13,0
CSSFE;2022,0;6,0;Unidade Urgência/Emergência;13,0
CSSFE;2022,0;6,0;Unidade Urgência-Emergência;13,0
CSSFE;2022,0;6,0;UUE/HRB/CHB;13,0
CSSFE;2022,0;7,0;Pronto Atendimento;6,0
CSSFE;2022,0;7,0;UDC - Unidade de Decisão Clínica;6,0
CSSFE;2022,0;7,0;Unidade de Decisão Clínica;6,0
CSSFE;2022,0;7,0;Unidade de Urgência - Maternidade;6,0
CSSFE;2022,0;7,0;Unidade Urgência Emergência Ginecológica-Obstetrícia;6,0
CSSFE;2022,0;7,0;Unidade Urgência/Emergência;6,0
CSSFE;2022,0;7,0;Unidade Urgência-Emergência;6,0
CSSFE;2022,0;7,0;UUE/HRB/CHB;6,0
CSSFE;2022,0;8,0;Pronto Atendimento;5,0
CSSFE;2022,0;8,0;UDC - Unidade de Decisão Clínica;5,0
CSSFE;2022,0;8,0;Unidade de Decisão Clínica;5,0
CSSFE;2022,0;8,0;Unidade de Urgência - Maternidade;5,0
CSSFE;2022,0;8,0;Unidade Urgência Emergência Ginecológica-Obstetrícia;5,0
CSSFE;2022,0;8,0;Unidade Urgência/Emergência;5,0
CSSFE;2022,0;8,0;Unidade Urgência-Emergência;5,0
CSSFE;2022,0;8,0;UUE/HRB/CHB;5,0
CSSFE;2022,0;9,0;Pronto Atendimento;7,0
CSSFE;2022,0;9,0;UDC - Unidade de Decisão Clínica;7,0
CSSFE;2022,0;9,0;Unidade de Decisão Clínica;7,0
CSSFE;2022,0;9,0;Unidade de Urgência - Maternidade;7,0
CSSFE;2022,0;9,0;Unidade Urgência Emergência Ginecológica-Obstetrícia;7,0
CSSFE;2022,0;9,0;Unidade Urgência/Emergência;7,0
CSSFE;2022,0;9,0;Unidade Urgência-Emergência;7,0
CSSFE;2022,0;9,0;UUE/HRB/CHB;7,0
CSSFE;2022,0;10,0;Pronto Atendimento;6,0
CSSFE;2022,0;10,0;UDC - Unidade de Decisão Clínica;6,0
CSSFE;2022,0;10,0;Unidade de Decisão Clínica;6,0
CSSFE;2022,0;10,0;Unidade de Urgência - Maternidade;6,0
CSSFE;2022,0;10,0;Unidade Urgência Emergência Ginecológica-Obstetrícia;6,0
CSSFE;2022,0;10,0;Unidade Urgência/Emergência;6,0
CSSFE;2022,0;10,0;Unidade Urgência-Emergência;6,0
CSSFE;2022,0;10,0;UUE/HRB/CHB;6,0
CSSFE;2022,0;11,0;Pronto Atendimento;7,0
CSSFE;2022,0;11,0;UDC - Unidade de Decisão Clínica;7,0
CSSFE;2022,0;11,0;Unidade de Decisão Clínica;7,0
CSSFE;2022,0;11,0;Unidade de Urgência - Maternidade;7,0
CSSFE;2022,0;11,0;Unidade Urgência Emergência Ginecológica-Obstetrícia;7,0
CSSFE;2022,0;11,0;Unidade Urgência/Emergência;7,0
CSSFE;2022,0;11,0;Unidade Urgência-Emergência;7,0
CSSFE;2022,0;11,0;UUE/HRB/CHB;7,0
CSSFE;2022,0;12,0;Pronto Atendimento;12,0
CSSFE;2022,0;12,0;UDC - Unidade de Decisão Clínica;12,0
CSSFE;2022,0;12,0;Unidade de Decisão Clínica;12,0
CSSFE;2022,0;12,0;Unidade de Urgência - Maternidade;12,0
CSSFE;2022,0;12,0;Unidade Urgência Emergência Ginecológica-Obstetrícia;12,0
CSSFE;2022,0;12,0;Unidade Urgência/Emergência;12,0
CSSFE;2022,0;12,0;Unidade Urgência-Emergência;12,0
CSSFE;2022,0;12,0;UUE/HRB/CHB;12,0
CSSFE;2023,0;1,0;Pronto Atendimento;14,0
CSSFE;2023,0;1,0;UDC - Unidade de Decisão Clínica;14,0
CSSFE;2023,0;1,0;Unidade de Decisão Clínica;14,0
CSSFE;2023,0;1,0;Unidade de Urgência - Maternidade;14,0
CSSFE;2023,0;1,0;Unidade Urgência Emergência Ginecológica-Obstetrícia;14,0
CSSFE;2023,0;1,0;Unidade Urgência/Emergência;14,0
CSSFE;2023,0;1,0;Unidade Urgência-Emergência;14,0
CSSFE;2023,0;1,0;UUE/HRB/CHB;14,0
CSSFE;2023,0;2,0;Pronto Atendimento;24,0
CSSFE;2023,0;2,0;UDC - Unidade de Decisão Clínica;24,0
CSSFE;2023,0;2,0;Unidade de Decisão Clínica;24,0
CSSFE;2023,0;2,0;Unidade de Urgência - Maternidade;24,0
CSSFE;2023,0;2,0;Unidade Urgência Emergência Ginecológica-Obstetrícia;24,0
CSSFE;2023,0;2,0;Unidade Urgência/Emergência;24,0
CSSFE;2023,0;2,0;Unidade Urgência-Emergência;24,0
CSSFE;2023,0;2,0;UUE/HRB/CHB;24,0
CSSFE;2023,0;3,0;Pronto Atendimento;4,0
CSSFE;2023,0;3,0;UDC - Unidade de Decisão Clínica;4,0
CSSFE;2023,0;3,0;Unidade de Decisão Clínica;4,0
CSSFE;2023,0;3,0;Unidade de Urgência - Maternidade;4,0
CSSFE;2023,0;3,0;Unidade Urgência Emergência Ginecológica-Obstetrícia;4,0
CSSFE;2023,0;3,0;Unidade Urgência/Emergência;4,0
CSSFE;2023,0;3,0;Unidade Urgência-Emergência;4,0
CSSFE;2023,0;3,0;UUE/HRB/CHB;4,0
CSSFE;2023,0;4,0;Pronto Atendimento;26,0
CSSFE;2023,0;4,0;UDC - Unidade de Decisão Clínica;26,0
CSSFE;2023,0;4,0;Unidade de Decisão Clínica;26,0
CSSFE;2023,0;4,0;Unidade de Urgência - Maternidade;26,0
CSSFE;2023,0;4,0;Unidade Urgência Emergência Ginecológica-Obstetrícia;26,0
CSSFE;2023,0;4,0;Unidade Urgência/Emergência;26,0
CSSFE;2023,0;4,0;Unidade Urgência-Emergência;26,0
CSSFE;2023,0;4,0;UUE/HRB/CHB;26,0
CSSFE;2023,0;5,0;Pronto Atendimento;7,0
CSSFE;2023,0;5,0;UDC - Unidade de Decisão Clínica;7,0
CSSFE;2023,0;5,0;Unidade de Decisão Clínica;7,0
CSSFE;2023,0;5,0;Unidade de Urgência - Maternidade;7,0
CSSFE;2023,0;5,0;Unidade Urgência Emergência Ginecológica-Obstetrícia;7,0
CSSFE;2023,0;5,0;Unidade Urgência/Emergência;7,0
CSSFE;2023,0;5,0;Unidade Urgência-Emergência;7,0
CSSFE;2023,0;5,0;UUE/HRB/CHB;7,0
CSSFE;2023,0;6,0;Pronto Atendimento;1,0
CSSFE;2023,0;6,0;UDC - Unidade de Decisão Clínica;1,0
CSSFE;2023,0;6,0;Unidade de Decisão Clínica;1,0
CSSFE;2023,0;6,0;Unidade de Urgência - Maternidade;1,0
CSSFE;2023,0;6,0;Unidade Urgência Emergência Ginecológica-Obstetrícia;1,0
CSSFE;2023,0;6,0;Unidade Urgência/Emergência;1,0
CSSFE;2023,0;6,0;Unidade Urgência-Emergência;1,0
CSSFE;2023,0;6,0;UUE/HRB/CHB;1,0
CSSFE;2023,0;7,0;Pronto Atendimento;2,0
CSSFE;2023,0;7,0;UDC - Unidade de Decisão Clínica;2,0
CSSFE;2023,0;7,0;Unidade de Decisão Clínica;2,0
CSSFE;2023,0;7,0;Unidade de Urgência - Maternidade;2,0
CSSFE;2023,0;7,0;Unidade Urgência Emergência Ginecológica-Obstetrícia;2,0
CSSFE;2023,0;7,0;Unidade Urgência/Emergência;2,0
CSSFE;2023,0;7,0;Unidade Urgência-Emergência;2,0
CSSFE;2023,0;7,0;UUE/HRB/CHB;2,0
CSSFE;2023,0;8,0;Pronto Atendimento;3,0
CSSFE;2023,0;8,0;UDC - Unidade de Decisão Clínica;3,0
CSSFE;2023,0;8,0;Unidade de Decisão Clínica;3,0
CSSFE;2023,0;8,0;Unidade de Urgência - Maternidade;3,0
CSSFE;2023,0;8,0;Unidade Urgência Emergência Ginecológica-Obstetrícia;3,0
CSSFE;2023,0;8,0;Unidade Urgência/Emergência;3,0
CSSFE;2023,0;8,0;Unidade Urgência-Emergência;3,0
CSSFE;2023,0;8,0;UUE/HRB/CHB;3,0
CSSFE;2023,0;10,0;Pronto Atendimento;2,0
CSSFE;2023,0;10,0;UDC - Unidade de Decisão Clínica;2,0
CSSFE;2023,0;10,0;Unidade de Decisão Clínica;2,0
CSSFE;2023,0;10,0;Unidade de Urgência - Maternidade;2,0
CSSFE;2023,0;10,0;Unidade Urgência Emergência Ginecológica-Obstetrícia;2,0
CSSFE;2023,0;10,0;Unidade Urgência/Emergência;2,0
CSSFE;2023,0;10,0;Unidade Urgência-Emergência;2,0
CSSFE;2023,0;10,0;UUE/HRB/CHB;2,0
CSSI;2019,0;1,0;Pronto Atendimento;1974,0
CSSI;2019,0;1,0;UDC - Unidade de Decisão Clínica;1974,0
CSSI;2019,0;1,0;Unidade de Decisão Clínica;1974,0
CSSI;2019,0;1,0;Unidade de Urgência - Maternidade;1974,0
CSSI;2019,0;1,0;Unidade Urgência Emergência Ginecológica-Obstetrícia;1974,0
CSSI;2019,0;1,0;Unidade Urgência/Emergência;1974,0
CSSI;2019,0;1,0;Unidade Urgência-Emergência;1974,0
CSSI;2019,0;1,0;UUE/HRB/CHB;1974,0
CSSI;2019,0;2,0;Pronto Atendimento;2424,0
CSSI;2019,0;2,0;UDC - Unidade de Decisão Clínica;2424,0
CSSI;2019,0;2,0;Unidade de Decisão Clínica;2424,0
CSSI;2019,0;2,0;Unidade de Urgência - Maternidade;2424,0
CSSI;2019,0;2,0;Unidade Urgência Emergência Ginecológica-Obstetrícia;2424,0
CSSI;2019,0;2,0;Unidade Urgência/Emergência;2424,0
CSSI;2019,0;2,0;Unidade Urgência-Emergência;2424,0
CSSI;2019,0;2,0;UUE/HRB/CHB;2424,0
CSSI;2019,0;3,0;Pronto Atendimento;4048,0
CSSI;2019,0;3,0;UDC - Unidade de Decisão Clínica;4048,0
CSSI;2019,0;3,0;Unidade de Decisão Clínica;4048,0
CSSI;2019,0;3,0;Unidade de Urgência - Maternidade;4048,0
CSSI;2019,0;3,0;Unidade Urgência Emergência Ginecológica-Obstetrícia;4048,0
CSSI;2019,0;3,0;Unidade Urgência/Emergência;4048,0
CSSI;2019,0;3,0;Unidade Urgência-Emergência;4048,0
CSSI;2019,0;3,0;UUE/HRB/CHB;4048,0
CSSI;2019,0;4,0;Pronto Atendimento;4137,0
CSSI;2019,0;4,0;UDC - Unidade de Decisão Clínica;4137,0
CSSI;2019,0;4,0;Unidade de Decisão Clínica;4137,0
CSSI;2019,0;4,0;Unidade de Urgência - Maternidade;4137,0
CSSI;2019,0;4,0;Unidade Urgência Emergência Ginecológica-Obstetrícia;4137,0
CSSI;2019,0;4,0;Unidade Urgência/Emergência;4137,0
CSSI;2019,0;4,0;Unidade Urgência-Emergência;4137,0
CSSI;2019,0;4,0;UUE/HRB/CHB;4137,0
CSSI;2019,0;5,0;Pronto Atendimento;3478,0
CSSI;2019,0;5,0;UDC - Unidade de Decisão Clínica;3478,0
CSSI;2019,0;5,0;Unidade de Decisão Clínica;3478,0
CSSI;2019,0;5,0;Unidade de Urgência - Maternidade;3478,0
CSSI;2019,0;5,0;Unidade Urgência Emergência Ginecológica-Obstetrícia;3478,0
CSSI;2019,0;5,0;Unidade Urgência/Emergência;3478,0
CSSI;2019,0;5,0;Unidade Urgência-Emergência;3478,0
CSSI;2019,0;5,0;UUE/HRB/CHB;3478,0
CSSI;2019,0;6,0;Pronto Atendimento;2457,0
CSSI;2019,0;6,0;UDC - Unidade de Decisão Clínica;2457,0
CSSI;2019,0;6,0;Unidade de Decisão Clínica;2457,0
CSSI;2019,0;6,0;Unidade de Urgência - Maternidade;2457,0
CSSI;2019,0;6,0;Unidade Urgência Emergência Ginecológica-Obstetrícia;2457,0
CSSI;2019,0;6,0;Unidade Urgência/Emergência;2457,0
CSSI;2019,0;6,0;Unidade Urgência-Emergência;2457,0
CSSI;2019,0;6,0;UUE/HRB/CHB;2457,0
CSSI;2019,0;7,0;Pronto Atendimento;2107,0
CSSI;2019,0;7,0;UDC - Unidade de Decisão Clínica;2107,0
CSSI;2019,0;7,0;Unidade de Decisão Clínica;2107,0
CSSI;2019,0;7,0;Unidade de Urgência - Maternidade;2107,0
CSSI;2019,0;7,0;Unidade Urgência Emergência Ginecológica-Obstetrícia;2107,0
CSSI;2019,0;7,0;Unidade Urgência/Emergência;2107,0
CSSI;2019,0;7,0;Unidade Urgência-Emergência;2107,0
CSSI;2019,0;7,0;UUE/HRB/CHB;2107,0
CSSI;2019,0;8,0;Pronto Atendimento;2281,0
CSSI;2019,0;8,0;UDC - Unidade de Decisão Clínica;2281,0
CSSI;2019,0;8,0;Unidade de Decisão Clínica;2281,0
CSSI;2019,0;8,0;Unidade de Urgência - Maternidade;2281,0
CSSI;2019,0;8,0;Unidade Urgência Emergência Ginecológica-Obstetrícia;2281,0
CSSI;2019,0;8,0;Unidade Urgência/Emergência;2281,0
CSSI;2019,0;8,0;Unidade Urgência-Emergência;2281,0
CSSI;2019,0;8,0;UUE/HRB/CHB;2281,0
CSSI;2019,0;9,0;Pronto Atendimento;2191,0
CSSI;2019,0;9,0;UDC - Unidade de Decisão Clínica;2191,0
CSSI;2019,0;9,0;Unidade de Decisão Clínica;2191,0
CSSI;2019,0;9,0;Unidade de Urgência - Maternidade;2191,0
CSSI;2019,0;9,0;Unidade Urgência Emergência Ginecológica-Obstetrícia;2191,0
CSSI;2019,0;9,0;Unidade Urgência/Emergência;2191,0
CSSI;2019,0;9,0;Unidade Urgência-Emergência;2191,0
CSSI;2019,0;9,0;UUE/HRB/CHB;2191,0
CSSI;2019,0;10,0;Pronto Atendimento;1999,0
CSSI;2019,0;10,0;UDC - Unidade de Decisão Clínica;1999,0
CSSI;2019,0;10,0;Unidade de Decisão Clínica;1999,0
CSSI;2019,0;10,0;Unidade de Urgência - Maternidade;1999,0
CSSI;2019,0;10,0;Unidade Urgência Emergência Ginecológica-Obstetrícia;1999,0
CSSI;2019,0;10,0;Unidade Urgência/Emergência;1999,0
CSSI;2019,0;10,0;Unidade Urgência-Emergência;1999,0
CSSI;2019,0;10,0;UUE/HRB/CHB;1999,0
CSSI;2019,0;11,0;Pronto Atendimento;1487,0
CSSI;2019,0;11,0;UDC - Unidade de Decisão Clínica;1487,0
CSSI;2019,0;11,0;Unidade de Decisão Clínica;1487,0
CSSI;2019,0;11,0;Unidade de Urgência - Maternidade;1487,0
CSSI;2019,0;11,0;Unidade Urgência Emergência Ginecológica-Obstetrícia;1487,0
CSSI;2019,0;11,0;Unidade Urgência/Emergência;1487,0
CSSI;2019,0;11,0;Unidade Urgência-Emergência;1487,0
CSSI;2019,0;11,0;UUE/HRB/CHB;1487,0
CSSI;2019,0;12,0;Pronto Atendimento;1880,0
CSSI;2019,0;12,0;UDC - Unidade de Decisão Clínica;1880,0
CSSI;2019,0;12,0;Unidade de Decisão Clínica;1880,0
CSSI;2019,0;12,0;Unidade de Urgência - Maternidade;1880,0
CSSI;2019,0;12,0;Unidade Urgência Emergência Ginecológica-Obstetrícia;1880,0
CSSI;2019,0;12,0;Unidade Urgência/Emergência;1880,0
CSSI;2019,0;12,0;Unidade Urgência-Emergência;1880,0
CSSI;2019,0;12,0;UUE/HRB/CHB;1880,0
CSSI;2020,0;1,0;Pronto Atendimento;1625,0
CSSI;2020,0;1,0;UDC - Unidade de Decisão Clínica;1625,0
CSSI;2020,0;1,0;Unidade de Decisão Clínica;1625,0
CSSI;2020,0;1,0;Unidade de Urgência - Maternidade;1625,0
CSSI;2020,0;1,0;Unidade Urgência Emergência Ginecológica-Obstetrícia;1625,0
CSSI;2020,0;1,0;Unidade Urgência/Emergência;1625,0
CSSI;2020,0;1,0;Unidade Urgência-Emergência;1625,0
CSSI;2020,0;1,0;UUE/HRB/CHB;1625,0
CSSI;2020,0;2,0;Pronto Atendimento;1649,0
CSSI;2020,0;2,0;UDC - Unidade de Decisão Clínica;1649,0
CSSI;2020,0;2,0;Unidade de Decisão Clínica;1649,0
CSSI;2020,0;2,0;Unidade de Urgência - Maternidade;1649,0
CSSI;2020,0;2,0;Unidade Urgência Emergência Ginecológica-Obstetrícia;1649,0
CSSI;2020,0;2,0;Unidade Urgência/Emergência;1649,0
CSSI;2020,0;2,0;Unidade Urgência-Emergência;1649,0
CSSI;2020,0;2,0;UUE/HRB/CHB;1649,0
CSSI;2020,0;3,0;Pronto Atendimento;1548,0
CSSI;2020,0;3,0;UDC - Unidade de Decisão Clínica;1548,0
CSSI;2020,0;3,0;Unidade de Decisão Clínica;1548,0
CSSI;2020,0;3,0;Unidade de Urgência - Maternidade;1548,0
CSSI;2020,0;3,0;Unidade Urgência Emergência Ginecológica-Obstetrícia;1548,0
CSSI;2020,0;3,0;Unidade Urgência/Emergência;1548,0
CSSI;2020,0;3,0;Unidade Urgência-Emergência;1548,0
CSSI;2020,0;3,0;UUE/HRB/CHB;1548,0
CSSI;2020,0;4,0;Pronto Atendimento;930,0
CSSI;2020,0;4,0;UDC - Unidade de Decisão Clínica;930,0
CSSI;2020,0;4,0;Unidade de Decisão Clínica;930,0
CSSI;2020,0;4,0;Unidade de Urgência - Maternidade;930,0
CSSI;2020,0;4,0;Unidade Urgência Emergência Ginecológica-Obstetrícia;930,0
CSSI;2020,0;4,0;Unidade Urgência/Emergência;930,0
CSSI;2020,0;4,0;Unidade Urgência-Emergência;930,0
CSSI;2020,0;4,0;UUE/HRB/CHB;930,0
CSSI;2020,0;5,0;Pronto Atendimento;944,0
CSSI;2020,0;5,0;UDC - Unidade de Decisão Clínica;944,0
CSSI;2020,0;5,0;Unidade de Decisão Clínica;944,0
CSSI;2020,0;5,0;Unidade de Urgência - Maternidade;944,0
CSSI;2020,0;5,0;Unidade Urgência Emergência Ginecológica-Obstetrícia;944,0
CSSI;2020,0;5,0;Unidade Urgência/Emergência;944,0
CSSI;2020,0;5,0;Unidade Urgência-Emergência;944,0
CSSI;2020,0;5,0;UUE/HRB/CHB;944,0
CSSI;2020,0;6,0;Pronto Atendimento;1002,0
CSSI;2020,0;6,0;UDC - Unidade de Decisão Clínica;1002,0
CSSI;2020,0;6,0;Unidade de Decisão Clínica;1002,0
CSSI;2020,0;6,0;Unidade de Urgência - Maternidade;1002,0
CSSI;2020,0;6,0;Unidade Urgência Emergência Ginecológica-Obstetrícia;1002,0
CSSI;2020,0;6,0;Unidade Urgência/Emergência;1002,0
CSSI;2020,0;6,0;Unidade Urgência-Emergência;1002,0
CSSI;2020,0;6,0;UUE/HRB/CHB;1002,0
CSSI;2020,0;7,0;Pronto Atendimento;1053,0
CSSI;2020,0;7,0;UDC - Unidade de Decisão Clínica;1053,0
CSSI;2020,0;7,0;Unidade de Decisão Clínica;1053,0
CSSI;2020,0;7,0;Unidade de Urgência - Maternidade;1053,0
CSSI;2020,0;7,0;Unidade Urgência Emergência Ginecológica-Obstetrícia;1053,0
CSSI;2020,0;7,0;Unidade Urgência/Emergência;1053,0
CSSI;2020,0;7,0;Unidade Urgência-Emergência;1053,0
CSSI;2020,0;7,0;UUE/HRB/CHB;1053,0
CSSI;2020,0;8,0;Pronto Atendimento;1041,0
CSSI;2020,0;8,0;UDC - Unidade de Decisão Clínica;1041,0
CSSI;2020,0;8,0;Unidade de Decisão Clínica;1041,0
CSSI;2020,0;8,0;Unidade de Urgência - Maternidade;1041,0
CSSI;2020,0;8,0;Unidade Urgência Emergência Ginecológica-Obstetrícia;1041,0
CSSI;2020,0;8,0;Unidade Urgência/Emergência;1041,0
CSSI;2020,0;8,0;Unidade Urgência-Emergência;1041,0
CSSI;2020,0;8,0;UUE/HRB/CHB;1041,0
CSSI;2020,0;9,0;Pronto Atendimento;1167,0
CSSI;2020,0;9,0;UDC - Unidade de Decisão Clínica;1167,0
CSSI;2020,0;9,0;Unidade de Decisão Clínica;1167,0
CSSI;2020,0;9,0;Unidade de Urgência - Maternidade;1167,0
CSSI;2020,0;9,0;Unidade Urgência Emergência Ginecológica-Obstetrícia;1167,0
CSSI;2020,0;9,0;Unidade Urgência/Emergência;1167,0
CSSI;2020,0;9,0;Unidade Urgência-Emergência;1167,0
CSSI;2020,0;9,0;UUE/HRB/CHB;1167,0
CSSI;2020,0;10,0;Pronto Atendimento;1314,0
CSSI;2020,0;10,0;UDC - Unidade de Decisão Clínica;1314,0
CSSI;2020,0;10,0;Unidade de Decisão Clínica;1314,0
CSSI;2020,0;10,0;Unidade de Urgência - Maternidade;1314,0
CSSI;2020,0;10,0;Unidade Urgência Emergência Ginecológica-Obstetrícia;1314,0
CSSI;2020,0;10,0;Unidade Urgência/Emergência;1314,0
CSSI;2020,0;10,0;Unidade Urgência-Emergência;1314,0
CSSI;2020,0;10,0;UUE/HRB/CHB;1314,0
CSSI;2020,0;11,0;Pronto Atendimento;1380,0
CSSI;2020,0;11,0;UDC - Unidade de Decisão Clínica;1380,0
CSSI;2020,0;11,0;Unidade de Decisão Clínica;1380,0
CSSI;2020,0;11,0;Unidade de Urgência - Maternidade;1380,0
CSSI;2020,0;11,0;Unidade Urgência Emergência Ginecológica-Obstetrícia;1380,0
CSSI;2020,0;11,0;Unidade Urgência/Emergência;1380,0
CSSI;2020,0;11,0;Unidade Urgência-Emergência;1380,0
CSSI;2020,0;11,0;UUE/HRB/CHB;1380,0
CSSI;2020,0;12,0;Pronto Atendimento;1476,0
CSSI;2020,0;12,0;UDC - Unidade de Decisão Clínica;1476,0
CSSI;2020,0;12,0;Unidade de Decisão Clínica;1476,0
CSSI;2020,0;12,0;Unidade de Urgência - Maternidade;1476,0
CSSI;2020,0;12,0;Unidade Urgência Emergência Ginecológica-Obstetrícia;1476,0
CSSI;2020,0;12,0;Unidade Urgência/Emergência;1476,0
CSSI;2020,0;12,0;Unidade Urgência-Emergência;1476,0
CSSI;2020,0;12,0;UUE/HRB/CHB;1476,0
CSSI;2021,0;1,0;Pronto Atendimento;1463,0
CSSI;2021,0;1,0;UDC - Unidade de Decisão Clínica;1463,0
CSSI;2021,0;1,0;Unidade de Decisão Clínica;1463,0
CSSI;2021,0;1,0;Unidade de Urgência - Maternidade;1463,0
CSSI;2021,0;1,0;Unidade Urgência Emergência Ginecológica-Obstetrícia;1463,0
CSSI;2021,0;1,0;Unidade Urgência/Emergência;1463,0
CSSI;2021,0;1,0;Unidade Urgência-Emergência;1463,0
CSSI;2021,0;1,0;UUE/HRB/CHB;1463,0
CSSI;2021,0;2,0;Pronto Atendimento;1308,0
CSSI;2021,0;2,0;UDC - Unidade de Decisão Clínica;1308,0
CSSI;2021,0;2,0;Unidade de Decisão Clínica;1308,0
CSSI;2021,0;2,0;Unidade de Urgência - Maternidade;1308,0
CSSI;2021,0;2,0;Unidade Urgência Emergência Ginecológica-Obstetrícia;1308,0
CSSI;2021,0;2,0;Unidade Urgência/Emergência;1308,0
CSSI;2021,0;2,0;Unidade Urgência-Emergência;1308,0
CSSI;2021,0;2,0;UUE/HRB/CHB;1308,0
CSSI;2021,0;3,0;Pronto Atendimento;1664,0
CSSI;2021,0;3,0;UDC - Unidade de Decisão Clínica;1664,0
CSSI;2021,0;3,0;Unidade de Decisão Clínica;1664,0
CSSI;2021,0;3,0;Unidade de Urgência - Maternidade;1664,0
CSSI;2021,0;3,0;Unidade Urgência Emergência Ginecológica-Obstetrícia;1664,0
CSSI;2021,0;3,0;Unidade Urgência/Emergência;1664,0
CSSI;2021,0;3,0;Unidade Urgência-Emergência;1664,0
CSSI;2021,0;3,0;UUE/HRB/CHB;1664,0
CSSI;2021,0;4,0;Pronto Atendimento;1104,0
CSSI;2021,0;4,0;UDC - Unidade de Decisão Clínica;1104,0
CSSI;2021,0;4,0;Unidade de Decisão Clínica;1104,0
CSSI;2021,0;4,0;Unidade de Urgência - Maternidade;1104,0
CSSI;2021,0;4,0;Unidade Urgência Emergência Ginecológica-Obstetrícia;1104,0
CSSI;2021,0;4,0;Unidade Urgência/Emergência;1104,0
CSSI;2021,0;4,0;Unidade Urgência-Emergência;1104,0
CSSI;2021,0;4,0;UUE/HRB/CHB;1104,0
CSSI;2021,0;5,0;Pronto Atendimento;1339,0
CSSI;2021,0;5,0;UDC - Unidade de Decisão Clínica;1339,0
CSSI;2021,0;5,0;Unidade de Decisão Clínica;1339,0
CSSI;2021,0;5,0;Unidade de Urgência - Maternidade;1339,0
CSSI;2021,0;5,0;Unidade Urgência Emergência Ginecológica-Obstetrícia;1339,0
CSSI;2021,0;5,0;Unidade Urgência/Emergência;1339,0
CSSI;2021,0;5,0;Unidade Urgência-Emergência;1339,0
CSSI;2021,0;5,0;UUE/HRB/CHB;1339,0
CSSI;2021,0;6,0;Pronto Atendimento;1342,0
CSSI;2021,0;6,0;UDC - Unidade de Decisão Clínica;1342,0
CSSI;2021,0;6,0;Unidade de Decisão Clínica;1342,0
CSSI;2021,0;6,0;Unidade de Urgência - Maternidade;1342,0
CSSI;2021,0;6,0;Unidade Urgência Emergência Ginecológica-Obstetrícia;1342,0
CSSI;2021,0;6,0;Unidade Urgência/Emergência;1342,0
CSSI;2021,0;6,0;Unidade Urgência-Emergência;1342,0
CSSI;2021,0;6,0;UUE/HRB/CHB;1342,0
CSSI;2021,0;7,0;Pronto Atendimento;1427,0
CSSI;2021,0;7,0;UDC - Unidade de Decisão Clínica;1427,0
CSSI;2021,0;7,0;Unidade de Decisão Clínica;1427,0
CSSI;2021,0;7,0;Unidade de Urgência - Maternidade;1427,0
CSSI;2021,0;7,0;Unidade Urgência Emergência Ginecológica-Obstetrícia;1427,0
CSSI;2021,0;7,0;Unidade Urgência/Emergência;1427,0
CSSI;2021,0;7,0;Unidade Urgência-Emergência;1427,0
CSSI;2021,0;7,0;UUE/HRB/CHB;1427,0
CSSI;2021,0;8,0;Pronto Atendimento;1601,0
CSSI;2021,0;8,0;UDC - Unidade de Decisão Clínica;1601,0
CSSI;2021,0;8,0;Unidade de Decisão Clínica;1601,0
CSSI;2021,0;8,0;Unidade de Urgência - Maternidade;1601,0
CSSI;2021,0;8,0;Unidade Urgência Emergência Ginecológica-Obstetrícia;1601,0
CSSI;2021,0;8,0;Unidade Urgência/Emergência;1601,0
CSSI;2021,0;8,0;Unidade Urgência-Emergência;1601,0
CSSI;2021,0;8,0;UUE/HRB/CHB;1601,0
CSSI;2021,0;9,0;Pronto Atendimento;1481,0
CSSI;2021,0;9,0;UDC - Unidade de Decisão Clínica;1481,0
CSSI;2021,0;9,0;Unidade de Decisão Clínica;1481,0
CSSI;2021,0;9,0;Unidade de Urgência - Maternidade;1481,0
CSSI;2021,0;9,0;Unidade Urgência Emergência Ginecológica-Obstetrícia;1481,0
CSSI;2021,0;9,0;Unidade Urgência/Emergência;1481,0
CSSI;2021,0;9,0;Unidade Urgência-Emergência;1481,0
CSSI;2021,0;9,0;UUE/HRB/CHB;1481,0
CSSI;2021,0;10,0;Pronto Atendimento;1624,0
CSSI;2021,0;10,0;UDC - Unidade de Decisão Clínica;1624,0
CSSI;2021,0;10,0;Unidade de Decisão Clínica;1624,0
CSSI;2021,0;10,0;Unidade de Urgência - Maternidade;1624,0
CSSI;2021,0;10,0;Unidade Urgência Emergência Ginecológica-Obstetrícia;1624,0
CSSI;2021,0;10,0;Unidade Urgência/Emergência;1624,0
CSSI;2021,0;10,0;Unidade Urgência-Emergência;1624,0
CSSI;2021,0;10,0;UUE/HRB/CHB;1624,0
CSSI;2021,0;11,0;Pronto Atendimento;1778,0
CSSI;2021,0;11,0;UDC - Unidade de Decisão Clínica;1778,0
CSSI;2021,0;11,0;Unidade de Decisão Clínica;1778,0
CSSI;2021,0;11,0;Unidade de Urgência - Maternidade;1778,0
CSSI;2021,0;11,0;Unidade Urgência Emergência Ginecológica-Obstetrícia;1778,0
CSSI;2021,0;11,0;Unidade Urgência/Emergência;1778,0
CSSI;2021,0;11,0;Unidade Urgência-Emergência;1778,0
CSSI;2021,0;11,0;UUE/HRB/CHB;1778,0
CSSI;2021,0;12,0;Pronto Atendimento;2094,0
CSSI;2021,0;12,0;UDC - Unidade de Decisão Clínica;2094,0
CSSI;2021,0;12,0;Unidade de Decisão Clínica;2094,0
CSSI;2021,0;12,0;Unidade de Urgência - Maternidade;2094,0
CSSI;2021,0;12,0;Unidade Urgência Emergência Ginecológica-Obstetrícia;2094,0
CSSI;2021,0;12,0;Unidade Urgência/Emergência;2094,0
CSSI;2021,0;12,0;Unidade Urgência-Emergência;2094,0
CSSI;2021,0;12,0;UUE/HRB/CHB;2094,0
CSSI;2022,0;1,0;Pronto Atendimento;2304,0
CSSI;2022,0;1,0;UDC - Unidade de Decisão Clínica;2304,0
CSSI;2022,0;1,0;Unidade de Decisão Clínica;2304,0
CSSI;2022,0;1,0;Unidade de Urgência - Maternidade;2304,0
CSSI;2022,0;1,0;Unidade Urgência Emergência Ginecológica-Obstetrícia;2304,0
CSSI;2022,0;1,0;Unidade Urgência/Emergência;2304,0
CSSI;2022,0;1,0;Unidade Urgência-Emergência;2304,0
CSSI;2022,0;1,0;UUE/HRB/CHB;2304,0
CSSI;2022,0;2,0;Pronto Atendimento;1536,0
CSSI;2022,0;2,0;UDC - Unidade de Decisão Clínica;1536,0
CSSI;2022,0;2,0;Unidade de Decisão Clínica;1536,0
CSSI;2022,0;2,0;Unidade de Urgência - Maternidade;1536,0
CSSI;2022,0;2,0;Unidade Urgência Emergência Ginecológica-Obstetrícia;1536,0
CSSI;2022,0;2,0;Unidade Urgência/Emergência;1536,0
CSSI;2022,0;2,0;Unidade Urgência-Emergência;1536,0
CSSI;2022,0;2,0;UUE/HRB/CHB;1536,0
CSSI;2022,0;3,0;Pronto Atendimento;1571,0
CSSI;2022,0;3,0;UDC - Unidade de Decisão Clínica;1571,0
CSSI;2022,0;3,0;Unidade de Decisão Clínica;1571,0
CSSI;2022,0;3,0;Unidade de Urgência - Maternidade;1571,0
CSSI;2022,0;3,0;Unidade Urgência Emergência Ginecológica-Obstetrícia;1571,0
CSSI;2022,0;3,0;Unidade Urgência/Emergência;1571,0
CSSI;2022,0;3,0;Unidade Urgência-Emergência;1571,0
CSSI;2022,0;3,0;UUE/HRB/CHB;1571,0
CSSI;2022,0;4,0;Pronto Atendimento;1433,0
CSSI;2022,0;4,0;UDC - Unidade de Decisão Clínica;1433,0
CSSI;2022,0;4,0;Unidade de Decisão Clínica;1433,0
CSSI;2022,0;4,0;Unidade de Urgência - Maternidade;1433,0
CSSI;2022,0;4,0;Unidade Urgência Emergência Ginecológica-Obstetrícia;1433,0
CSSI;2022,0;4,0;Unidade Urgência/Emergência;1433,0
CSSI;2022,0;4,0;Unidade Urgência-Emergência;1433,0
CSSI;2022,0;4,0;UUE/HRB/CHB;1433,0
CSSI;2022,0;5,0;Pronto Atendimento;1893,0
CSSI;2022,0;5,0;UDC - Unidade de Decisão Clínica;1893,0
CSSI;2022,0;5,0;Unidade de Decisão Clínica;1893,0
CSSI;2022,0;5,0;Unidade de Urgência - Maternidade;1893,0
CSSI;2022,0;5,0;Unidade Urgência Emergência Ginecológica-Obstetrícia;1893,0
CSSI;2022,0;5,0;Unidade Urgência/Emergência;1893,0
CSSI;2022,0;5,0;Unidade Urgência-Emergência;1893,0
CSSI;2022,0;5,0;UUE/HRB/CHB;1893,0
CSSI;2022,0;6,0;Pronto Atendimento;2235,0
CSSI;2022,0;6,0;UDC - Unidade de Decisão Clínica;2235,0
CSSI;2022,0;6,0;Unidade de Decisão Clínica;2235,0
CSSI;2022,0;6,0;Unidade de Urgência - Maternidade;2235,0
CSSI;2022,0;6,0;Unidade Urgência Emergência Ginecológica-Obstetrícia;2235,0
CSSI;2022,0;6,0;Unidade Urgência/Emergência;2235,0
CSSI;2022,0;6,0;Unidade Urgência-Emergência;2235,0
CSSI;2022,0;6,0;UUE/HRB/CHB;2235,0
CSSI;2022,0;7,0;Pronto Atendimento;2182,0
CSSI;2022,0;7,0;UDC - Unidade de Decisão Clínica;2182,0
CSSI;2022,0;7,0;Unidade de Decisão Clínica;2182,0
CSSI;2022,0;7,0;Unidade de Urgência - Maternidade;2182,0
CSSI;2022,0;7,0;Unidade Urgência Emergência Ginecológica-Obstetrícia;2182,0
CSSI;2022,0;7,0;Unidade Urgência/Emergência;2182,0
CSSI;2022,0;7,0;Unidade Urgência-Emergência;2182,0
CSSI;2022,0;7,0;UUE/HRB/CHB;2182,0
CSSI;2022,0;8,0;Pronto Atendimento;1926,0
CSSI;2022,0;8,0;UDC - Unidade de Decisão Clínica;1926,0
CSSI;2022,0;8,0;Unidade de Decisão Clínica;1926,0
CSSI;2022,0;8,0;Unidade de Urgência - Maternidade;1926,0
CSSI;2022,0;8,0;Unidade Urgência Emergência Ginecológica-Obstetrícia;1926,0
CSSI;2022,0;8,0;Unidade Urgência/Emergência;1926,0
CSSI;2022,0;8,0;Unidade Urgência-Emergência;1926,0
CSSI;2022,0;8,0;UUE/HRB/CHB;1926,0
CSSI;2022,0;9,0;Pronto Atendimento;1840,0
CSSI;2022,0;9,0;UDC - Unidade de Decisão Clínica;1840,0
CSSI;2022,0;9,0;Unidade de Decisão Clínica;1840,0
CSSI;2022,0;9,0;Unidade de Urgência - Maternidade;1840,0
CSSI;2022,0;9,0;Unidade Urgência Emergência Ginecológica-Obstetrícia;1840,0
CSSI;2022,0;9,0;Unidade Urgência/Emergência;1840,0
CSSI;2022,0;9,0;Unidade Urgência-Emergência;1840,0
CSSI;2022,0;9,0;UUE/HRB/CHB;1840,0
CSSI;2022,0;10,0;Pronto Atendimento;1940,0
CSSI;2022,0;10,0;UDC - Unidade de Decisão Clínica;1940,0
CSSI;2022,0;10,0;Unidade de Decisão Clínica;1940,0
CSSI;2022,0;10,0;Unidade de Urgência - Maternidade;1940,0
CSSI;2022,0;10,0;Unidade Urgência Emergência Ginecológica-Obstetrícia;1940,0
CSSI;2022,0;10,0;Unidade Urgência/Emergência;1940,0
CSSI;2022,0;10,0;Unidade Urgência-Emergência;1940,0
CSSI;2022,0;10,0;UUE/HRB/CHB;1940,0
CSSI;2022,0;11,0;Pronto Atendimento;2180,0
CSSI;2022,0;11,0;UDC - Unidade de Decisão Clínica;2180,0
CSSI;2022,0;11,0;Unidade de Decisão Clínica;2180,0
CSSI;2022,0;11,0;Unidade de Urgência - Maternidade;2180,0
CSSI;2022,0;11,0;Unidade Urgência Emergência Ginecológica-Obstetrícia;2180,0
CSSI;2022,0;11,0;Unidade Urgência/Emergência;2180,0
CSSI;2022,0;11,0;Unidade Urgência-Emergência;2180,0
CSSI;2022,0;11,0;UUE/HRB/CHB;2180,0
CSSI;2022,0;12,0;Pronto Atendimento;1961,0
CSSI;2022,0;12,0;UDC - Unidade de Decisão Clínica;1961,0
CSSI;2022,0;12,0;Unidade de Decisão Clínica;1961,0
CSSI;2022,0;12,0;Unidade de Urgência - Maternidade;1961,0
CSSI;2022,0;12,0;Unidade Urgência Emergência Ginecológica-Obstetrícia;1961,0
CSSI;2022,0;12,0;Unidade Urgência/Emergência;1961,0
CSSI;2022,0;12,0;Unidade Urgência-Emergência;1961,0
CSSI;2022,0;12,0;UUE/HRB/CHB;1961,0
CSSI;2023,0;1,0;Pronto Atendimento;1753,0
CSSI;2023,0;1,0;UDC - Unidade de Decisão Clínica;1753,0
CSSI;2023,0;1,0;Unidade de Decisão Clínica;1753,0
CSSI;2023,0;1,0;Unidade de Urgência - Maternidade;1753,0
CSSI;2023,0;1,0;Unidade Urgência Emergência Ginecológica-Obstetrícia;1753,0
CSSI;2023,0;1,0;Unidade Urgência/Emergência;1753,0
CSSI;2023,0;1,0;Unidade Urgência-Emergência;1753,0
CSSI;2023,0;1,0;UUE/HRB/CHB;1753,0
CSSI;2023,0;2,0;Pronto Atendimento;1965,0
CSSI;2023,0;2,0;UDC - Unidade de Decisão Clínica;1965,0
CSSI;2023,0;2,0;Unidade de Decisão Clínica;1965,0
CSSI;2023,0;2,0;Unidade de Urgência - Maternidade;1965,0
CSSI;2023,0;2,0;Unidade Urgência Emergência Ginecológica-Obstetrícia;1965,0
CSSI;2023,0;2,0;Unidade Urgência/Emergência;1965,0
CSSI;2023,0;2,0;Unidade Urgência-Emergência;1965,0
CSSI;2023,0;2,0;UUE/HRB/CHB;1965,0
CSSI;2023,0;3,0;Pronto Atendimento;2705,0
CSSI;2023,0;3,0;UDC - Unidade de Decisão Clínica;2705,0
CSSI;2023,0;3,0;Unidade de Decisão Clínica;2705,0
CSSI;2023,0;3,0;Unidade de Urgência - Maternidade;2705,0
CSSI;2023,0;3,0;Unidade Urgência Emergência Ginecológica-Obstetrícia;2705,0
CSSI;2023,0;3,0;Unidade Urgência/Emergência;2705,0
CSSI;2023,0;3,0;Unidade Urgência-Emergência;2705,0
CSSI;2023,0;3,0;UUE/HRB/CHB;2705,0
CSSI;2023,0;4,0;Pronto Atendimento;2800,0
CSSI;2023,0;4,0;UDC - Unidade de Decisão Clínica;2800,0
CSSI;2023,0;4,0;Unidade de Decisão Clínica;2800,0
CSSI;2023,0;4,0;Unidade de Urgência - Maternidade;2800,0
CSSI;2023,0;4,0;Unidade Urgência Emergência Ginecológica-Obstetrícia;2800,0
CSSI;2023,0;4,0;Unidade Urgência/Emergência;2800,0
CSSI;2023,0;4,0;Unidade Urgência-Emergência;2800,0
CSSI;2023,0;4,0;UUE/HRB/CHB;2800,0
CSSI;2023,0;5,0;Pronto Atendimento;2961,0
CSSI;2023,0;5,0;UDC - Unidade de Decisão Clínica;2961,0
CSSI;2023,0;5,0;Unidade de Decisão Clínica;2961,0
CSSI;2023,0;5,0;Unidade de Urgência - Maternidade;2961,0
CSSI;2023,0;5,0;Unidade Urgência Emergência Ginecológica-Obstetrícia;2961,0
CSSI;2023,0;5,0;Unidade Urgência/Emergência;2961,0
CSSI;2023,0;5,0;Unidade Urgência-Emergência;2961,0
CSSI;2023,0;5,0;UUE/HRB/CHB;2961,0
CSSI;2023,0;6,0;Pronto Atendimento;2391,0
CSSI;2023,0;6,0;UDC - Unidade de Decisão Clínica;2391,0
CSSI;2023,0;6,0;Unidade de Decisão Clínica;2391,0
CSSI;2023,0;6,0;Unidade de Urgência - Maternidade;2391,0
CSSI;2023,0;6,0;Unidade Urgência Emergência Ginecológica-Obstetrícia;2391,0
CSSI;2023,0;6,0;Unidade Urgência/Emergência;2391,0
CSSI;2023,0;6,0;Unidade Urgência-Emergência;2391,0
CSSI;2023,0;6,0;UUE/HRB/CHB;2391,0
CSSI;2023,0;7,0;Pronto Atendimento;2231,0
CSSI;2023,0;7,0;UDC - Unidade de Decisão Clínica;2231,0
CSSI;2023,0;7,0;Unidade de Decisão Clínica;2231,0
CSSI;2023,0;7,0;Unidade de Urgência - Maternidade;2231,0
CSSI;2023,0;7,0;Unidade Urgência Emergência Ginecológica-Obstetrícia;2231,0
CSSI;2023,0;7,0;Unidade Urgência/Emergência;2231,0
CSSI;2023,0;7,0;Unidade Urgência-Emergência;2231,0
CSSI;2023,0;7,0;UUE/HRB/CHB;2231,0
CSSI;2023,0;8,0;Pronto Atendimento;2233,0
CSSI;2023,0;8,0;UDC - Unidade de Decisão Clínica;2233,0
CSSI;2023,0;8,0;Unidade de Decisão Clínica;2233,0
CSSI;2023,0;8,0;Unidade de Urgência - Maternidade;2233,0
CSSI;2023,0;8,0;Unidade Urgência Emergência Ginecológica-Obstetrícia;2233,0
CSSI;2023,0;8,0;Unidade Urgência/Emergência;2234,0
CSSI;2023,0;8,0;Unidade Urgência-Emergência;2233,0
CSSI;2023,0;8,0;UUE/HRB/CHB;2233,0
CSSI;2023,0;9,0;Pronto Atendimento;1850,0
CSSI;2023,0;9,0;UDC - Unidade de Decisão Clínica;1850,0
CSSI;2023,0;9,0;Unidade de Decisão Clínica;1850,0
CSSI;2023,0;9,0;Unidade de Urgência - Maternidade;1850,0
CSSI;2023,0;9,0;Unidade Urgência Emergência Ginecológica-Obstetrícia;1850,0
CSSI;2023,0;9,0;Unidade Urgência/Emergência;2115,0
CSSI;2023,0;9,0;Unidade Urgência-Emergência;1850,0
CSSI;2023,0;9,0;UUE/HRB/CHB;1850,0
CSSI;2023,0;10,0;Unidade Urgência/Emergência;2045,0
CSSI;2023,0;11,0;Unidade Urgência/Emergência;2084,0
CSSI;2023,0;12,0;Unidade Urgência/Emergência;2120,0
CSSI;2024,0;1,0;Unidade Urgência/Emergência;2554,0
CSSI;2024,0;2,0;Unidade Urgência/Emergência;3522,0
CSSI;2024,0;3,0;Unidade Urgência/Emergência;3109,0
CSSI;2024,0;4,0;Unidade Urgência/Emergência;3127,0
CSSI;2024,0;5,0;Unidade Urgência/Emergência;3130,0
CSSI;2024,0;6,0;Unidade Urgência/Emergência;2711,0
CSSI;2024,0;7,0;Unidade Urgência/Emergência;2530,0
CSSI;2024,0;8,0;Unidade Urgência/Emergência;2567,0
CSSI;2024,0;9,0;Unidade Urgência/Emergência;2752,0
CSSI;2024,0;10,0;Unidade Urgência/Emergência;2609,0
CSSI;2024,0;11,0;Unidade Urgência/Emergência;2562,0
CSSI;2024,0;12,0;Unidade Urgência/Emergência;2483,0
CSSI;2025,0;1,0;Unidade Urgência/Emergência;2469,0
CSSI;2025,0;2,0;Unidade Urgência/Emergência;2403,0
CSSI;2025,0;3,0;Unidade Urgência/Emergência;2546,0
CSSI;2025,0;4,0;Unidade Urgência/Emergência;2658,0
CSSI;2025,0;5,0;Unidade Urgência/Emergência;3009,0
CSSI;2025,0;6,0;Unidade Urgência/Emergência;2732,0
CSSI;2025,0;7,0;Unidade Urgência/Emergência;2688,0
CSSI;2025,0;8,0;Unidade Urgência/Emergência;2855,0
CSSI;2025,0;9,0;Unidade Urgência/Emergência;2771,0
CSSI;2025,0;10,0;Unidade Urgência/Emergência;2664,0
CSSI;2025,0;11,0;Unidade Urgência/Emergência;2484,0
CSSI;2025,0;12,0;Unidade Urgência/Emergência;2638,0
CSSI;2026,0;1,0;Unidade Urgência/Emergência;2340,0
CSSI;2026,0;2,0;Unidade Urgência/Emergência;2312,0
HAC;2019,0;1,0;Pronto Atendimento;1712,0
HAC;2019,0;1,0;UDC - Unidade de Decisão Clínica;1712,0
HAC;2019,0;1,0;Unidade de Decisão Clínica;1712,0
HAC;2019,0;1,0;Unidade de Urgência - Maternidade;1712,0
HAC;2019,0;1,0;Unidade Urgência Emergência Ginecológica-Obstetrícia;1712,0
HAC;2019,0;1,0;Unidade Urgência/Emergência;1712,0
HAC;2019,0;1,0;Unidade Urgência-Emergência;1712,0
HAC;2019,0;1,0;UUE/HRB/CHB;1712,0
HAC;2019,0;2,0;Pronto Atendimento;1423,0
HAC;2019,0;2,0;UDC - Unidade de Decisão Clínica;1423,0
HAC;2019,0;2,0;Unidade de Decisão Clínica;1423,0
HAC;2019,0;2,0;Unidade de Urgência - Maternidade;1423,0
HAC;2019,0;2,0;Unidade Urgência Emergência Ginecológica-Obstetrícia;1423,0
HAC;2019,0;2,0;Unidade Urgência/Emergência;1423,0
HAC;2019,0;2,0;Unidade Urgência-Emergência;1423,0
HAC;2019,0;2,0;UUE/HRB/CHB;1423,0
HAC;2019,0;3,0;Pronto Atendimento;1902,0
HAC;2019,0;3,0;UDC - Unidade de Decisão Clínica;1902,0
HAC;2019,0;3,0;Unidade de Decisão Clínica;1902,0
HAC;2019,0;3,0;Unidade de Urgência - Maternidade;1902,0
HAC;2019,0;3,0;Unidade Urgência Emergência Ginecológica-Obstetrícia;1902,0
HAC;2019,0;3,0;Unidade Urgência/Emergência;1902,0
HAC;2019,0;3,0;Unidade Urgência-Emergência;1902,0
HAC;2019,0;3,0;UUE/HRB/CHB;1902,0
HAC;2019,0;4,0;Pronto Atendimento;2447,0
HAC;2019,0;4,0;UDC - Unidade de Decisão Clínica;2447,0
HAC;2019,0;4,0;Unidade de Decisão Clínica;2447,0
HAC;2019,0;4,0;Unidade de Urgência - Maternidade;2447,0
HAC;2019,0;4,0;Unidade Urgência Emergência Ginecológica-Obstetrícia;2447,0
HAC;2019,0;4,0;Unidade Urgência/Emergência;2447,0
HAC;2019,0;4,0;Unidade Urgência-Emergência;2447,0
HAC;2019,0;4,0;UUE/HRB/CHB;2447,0
HAC;2019,0;5,0;Pronto Atendimento;2448,0
HAC;2019,0;5,0;UDC - Unidade de Decisão Clínica;2448,0
HAC;2019,0;5,0;Unidade de Decisão Clínica;2448,0
HAC;2019,0;5,0;Unidade de Urgência - Maternidade;2448,0
HAC;2019,0;5,0;Unidade Urgência Emergência Ginecológica-Obstetrícia;2448,0
HAC;2019,0;5,0;Unidade Urgência/Emergência;2448,0
HAC;2019,0;5,0;Unidade Urgência-Emergência;2448,0
HAC;2019,0;5,0;UUE/HRB/CHB;2448,0
HAC;2019,0;6,0;Pronto Atendimento;1634,0
HAC;2019,0;6,0;UDC - Unidade de Decisão Clínica;1634,0
HAC;2019,0;6,0;Unidade de Decisão Clínica;1634,0
HAC;2019,0;6,0;Unidade de Urgência - Maternidade;1634,0
HAC;2019,0;6,0;Unidade Urgência Emergência Ginecológica-Obstetrícia;1634,0
HAC;2019,0;6,0;Unidade Urgência/Emergência;1634,0
HAC;2019,0;6,0;Unidade Urgência-Emergência;1634,0
HAC;2019,0;6,0;UUE/HRB/CHB;1634,0
HAC;2019,0;7,0;Pronto Atendimento;1611,0
HAC;2019,0;7,0;UDC - Unidade de Decisão Clínica;1611,0
HAC;2019,0;7,0;Unidade de Decisão Clínica;1611,0
HAC;2019,0;7,0;Unidade de Urgência - Maternidade;1611,0
HAC;2019,0;7,0;Unidade Urgência Emergência Ginecológica-Obstetrícia;1611,0
HAC;2019,0;7,0;Unidade Urgência/Emergência;1611,0
HAC;2019,0;7,0;Unidade Urgência-Emergência;1611,0
HAC;2019,0;7,0;UUE/HRB/CHB;1611,0
HAC;2019,0;8,0;Pronto Atendimento;1408,0
HAC;2019,0;8,0;UDC - Unidade de Decisão Clínica;1408,0
HAC;2019,0;8,0;Unidade de Decisão Clínica;1408,0
HAC;2019,0;8,0;Unidade de Urgência - Maternidade;1408,0
HAC;2019,0;8,0;Unidade Urgência Emergência Ginecológica-Obstetrícia;1408,0
HAC;2019,0;8,0;Unidade Urgência/Emergência;1408,0
HAC;2019,0;8,0;Unidade Urgência-Emergência;1408,0
HAC;2019,0;8,0;UUE/HRB/CHB;1408,0
HAC;2019,0;9,0;Pronto Atendimento;505,0
HAC;2019,0;9,0;UDC - Unidade de Decisão Clínica;505,0
HAC;2019,0;9,0;Unidade de Decisão Clínica;505,0
HAC;2019,0;9,0;Unidade de Urgência - Maternidade;505,0
HAC;2019,0;9,0;Unidade Urgência Emergência Ginecológica-Obstetrícia;505,0
HAC;2019,0;9,0;Unidade Urgência/Emergência;505,0
HAC;2019,0;9,0;Unidade Urgência-Emergência;505,0
HAC;2019,0;9,0;UUE/HRB/CHB;505,0
HAC;2019,0;10,0;Pronto Atendimento;290,0
HAC;2019,0;10,0;UDC - Unidade de Decisão Clínica;290,0
HAC;2019,0;10,0;Unidade de Decisão Clínica;290,0
HAC;2019,0;10,0;Unidade de Urgência - Maternidade;290,0
HAC;2019,0;10,0;Unidade Urgência Emergência Ginecológica-Obstetrícia;290,0
HAC;2019,0;10,0;Unidade Urgência/Emergência;290,0
HAC;2019,0;10,0;Unidade Urgência-Emergência;290,0
HAC;2019,0;10,0;UUE/HRB/CHB;290,0
HAC;2019,0;11,0;Pronto Atendimento;286,0
HAC;2019,0;11,0;UDC - Unidade de Decisão Clínica;286,0
HAC;2019,0;11,0;Unidade de Decisão Clínica;286,0
HAC;2019,0;11,0;Unidade de Urgência - Maternidade;286,0
HAC;2019,0;11,0;Unidade Urgência Emergência Ginecológica-Obstetrícia;286,0
HAC;2019,0;11,0;Unidade Urgência/Emergência;286,0
HAC;2019,0;11,0;Unidade Urgência-Emergência;286,0
HAC;2019,0;11,0;UUE/HRB/CHB;286,0
HAC;2019,0;12,0;Pronto Atendimento;260,0
HAC;2019,0;12,0;UDC - Unidade de Decisão Clínica;260,0
HAC;2019,0;12,0;Unidade de Decisão Clínica;260,0
HAC;2019,0;12,0;Unidade de Urgência - Maternidade;260,0
HAC;2019,0;12,0;Unidade Urgência Emergência Ginecológica-Obstetrícia;260,0
HAC;2019,0;12,0;Unidade Urgência/Emergência;260,0
HAC;2019,0;12,0;Unidade Urgência-Emergência;260,0
HAC;2019,0;12,0;UUE/HRB/CHB;260,0
HAC;2020,0;1,0;Pronto Atendimento;243,0
HAC;2020,0;1,0;UDC - Unidade de Decisão Clínica;243,0
HAC;2020,0;1,0;Unidade de Decisão Clínica;243,0
HAC;2020,0;1,0;Unidade de Urgência - Maternidade;243,0
HAC;2020,0;1,0;Unidade Urgência Emergência Ginecológica-Obstetrícia;243,0
HAC;2020,0;1,0;Unidade Urgência/Emergência;243,0
HAC;2020,0;1,0;Unidade Urgência-Emergência;243,0
HAC;2020,0;1,0;UUE/HRB/CHB;243,0
HAC;2020,0;2,0;Pronto Atendimento;208,0
HAC;2020,0;2,0;UDC - Unidade de Decisão Clínica;208,0
HAC;2020,0;2,0;Unidade de Decisão Clínica;208,0
HAC;2020,0;2,0;Unidade de Urgência - Maternidade;208,0
HAC;2020,0;2,0;Unidade Urgência Emergência Ginecológica-Obstetrícia;208,0
HAC;2020,0;2,0;Unidade Urgência/Emergência;208,0
HAC;2020,0;2,0;Unidade Urgência-Emergência;208,0
HAC;2020,0;2,0;UUE/HRB/CHB;208,0
HAC;2020,0;3,0;Pronto Atendimento;251,0
HAC;2020,0;3,0;UDC - Unidade de Decisão Clínica;251,0
HAC;2020,0;3,0;Unidade de Decisão Clínica;251,0
HAC;2020,0;3,0;Unidade de Urgência - Maternidade;251,0
HAC;2020,0;3,0;Unidade Urgência Emergência Ginecológica-Obstetrícia;251,0
HAC;2020,0;3,0;Unidade Urgência/Emergência;251,0
HAC;2020,0;3,0;Unidade Urgência-Emergência;251,0
HAC;2020,0;3,0;UUE/HRB/CHB;251,0
HAC;2020,0;4,0;Pronto Atendimento;230,0
HAC;2020,0;4,0;UDC - Unidade de Decisão Clínica;230,0
HAC;2020,0;4,0;Unidade de Decisão Clínica;230,0
HAC;2020,0;4,0;Unidade de Urgência - Maternidade;230,0
HAC;2020,0;4,0;Unidade Urgência Emergência Ginecológica-Obstetrícia;230,0
HAC;2020,0;4,0;Unidade Urgência/Emergência;230,0
HAC;2020,0;4,0;Unidade Urgência-Emergência;230,0
HAC;2020,0;4,0;UUE/HRB/CHB;230,0
HAC;2020,0;5,0;Pronto Atendimento;212,0
HAC;2020,0;5,0;UDC - Unidade de Decisão Clínica;212,0
HAC;2020,0;5,0;Unidade de Decisão Clínica;212,0
HAC;2020,0;5,0;Unidade de Urgência - Maternidade;212,0
HAC;2020,0;5,0;Unidade Urgência Emergência Ginecológica-Obstetrícia;212,0
HAC;2020,0;5,0;Unidade Urgência/Emergência;212,0
HAC;2020,0;5,0;Unidade Urgência-Emergência;212,0
HAC;2020,0;5,0;UUE/HRB/CHB;212,0
HAC;2020,0;6,0;Pronto Atendimento;201,0
HAC;2020,0;6,0;UDC - Unidade de Decisão Clínica;201,0
HAC;2020,0;6,0;Unidade de Decisão Clínica;201,0
HAC;2020,0;6,0;Unidade de Urgência - Maternidade;201,0
HAC;2020,0;6,0;Unidade Urgência Emergência Ginecológica-Obstetrícia;201,0
HAC;2020,0;6,0;Unidade Urgência/Emergência;201,0
HAC;2020,0;6,0;Unidade Urgência-Emergência;201,0
HAC;2020,0;6,0;UUE/HRB/CHB;201,0
HAC;2020,0;7,0;Pronto Atendimento;225,0
HAC;2020,0;7,0;UDC - Unidade de Decisão Clínica;225,0
HAC;2020,0;7,0;Unidade de Decisão Clínica;225,0
HAC;2020,0;7,0;Unidade de Urgência - Maternidade;225,0
HAC;2020,0;7,0;Unidade Urgência Emergência Ginecológica-Obstetrícia;225,0
HAC;2020,0;7,0;Unidade Urgência/Emergência;225,0
HAC;2020,0;7,0;Unidade Urgência-Emergência;225,0
HAC;2020,0;7,0;UUE/HRB/CHB;225,0
HAC;2020,0;8,0;Pronto Atendimento;216,0
HAC;2020,0;8,0;UDC - Unidade de Decisão Clínica;216,0
HAC;2020,0;8,0;Unidade de Decisão Clínica;216,0
HAC;2020,0;8,0;Unidade de Urgência - Maternidade;216,0
HAC;2020,0;8,0;Unidade Urgência Emergência Ginecológica-Obstetrícia;216,0
HAC;2020,0;8,0;Unidade Urgência/Emergência;216,0
HAC;2020,0;8,0;Unidade Urgência-Emergência;216,0
HAC;2020,0;8,0;UUE/HRB/CHB;216,0
HAC;2020,0;9,0;Pronto Atendimento;217,0
HAC;2020,0;9,0;UDC - Unidade de Decisão Clínica;217,0
HAC;2020,0;9,0;Unidade de Decisão Clínica;217,0
HAC;2020,0;9,0;Unidade de Urgência - Maternidade;217,0
HAC;2020,0;9,0;Unidade Urgência Emergência Ginecológica-Obstetrícia;217,0
HAC;2020,0;9,0;Unidade Urgência/Emergência;217,0
HAC;2020,0;9,0;Unidade Urgência-Emergência;217,0
HAC;2020,0;9,0;UUE/HRB/CHB;217,0
HAC;2020,0;10,0;Pronto Atendimento;248,0
HAC;2020,0;10,0;UDC - Unidade de Decisão Clínica;248,0
HAC;2020,0;10,0;Unidade de Decisão Clínica;248,0
HAC;2020,0;10,0;Unidade de Urgência - Maternidade;248,0
HAC;2020,0;10,0;Unidade Urgência Emergência Ginecológica-Obstetrícia;248,0
HAC;2020,0;10,0;Unidade Urgência/Emergência;248,0
HAC;2020,0;10,0;Unidade Urgência-Emergência;248,0
HAC;2020,0;10,0;UUE/HRB/CHB;248,0
HAC;2020,0;11,0;Pronto Atendimento;209,0
HAC;2020,0;11,0;UDC - Unidade de Decisão Clínica;209,0
HAC;2020,0;11,0;Unidade de Decisão Clínica;209,0
HAC;2020,0;11,0;Unidade de Urgência - Maternidade;209,0
HAC;2020,0;11,0;Unidade Urgência Emergência Ginecológica-Obstetrícia;209,0
HAC;2020,0;11,0;Unidade Urgência/Emergência;209,0
HAC;2020,0;11,0;Unidade Urgência-Emergência;209,0
HAC;2020,0;11,0;UUE/HRB/CHB;209,0
HAC;2020,0;12,0;Pronto Atendimento;224,0
HAC;2020,0;12,0;UDC - Unidade de Decisão Clínica;224,0
HAC;2020,0;12,0;Unidade de Decisão Clínica;224,0
HAC;2020,0;12,0;Unidade de Urgência - Maternidade;224,0
HAC;2020,0;12,0;Unidade Urgência Emergência Ginecológica-Obstetrícia;224,0
HAC;2020,0;12,0;Unidade Urgência/Emergência;224,0
HAC;2020,0;12,0;Unidade Urgência-Emergência;224,0
HAC;2020,0;12,0;UUE/HRB/CHB;224,0
HAC;2021,0;1,0;Pronto Atendimento;230,0
HAC;2021,0;1,0;UDC - Unidade de Decisão Clínica;230,0
HAC;2021,0;1,0;Unidade de Decisão Clínica;230,0
HAC;2021,0;1,0;Unidade de Urgência - Maternidade;230,0
HAC;2021,0;1,0;Unidade Urgência Emergência Ginecológica-Obstetrícia;230,0
HAC;2021,0;1,0;Unidade Urgência/Emergência;230,0
HAC;2021,0;1,0;Unidade Urgência-Emergência;230,0
HAC;2021,0;1,0;UUE/HRB/CHB;230,0
HAC;2021,0;2,0;Pronto Atendimento;223,0
HAC;2021,0;2,0;UDC - Unidade de Decisão Clínica;223,0
HAC;2021,0;2,0;Unidade de Decisão Clínica;223,0
HAC;2021,0;2,0;Unidade de Urgência - Maternidade;223,0
HAC;2021,0;2,0;Unidade Urgência Emergência Ginecológica-Obstetrícia;223,0
HAC;2021,0;2,0;Unidade Urgência/Emergência;223,0
HAC;2021,0;2,0;Unidade Urgência-Emergência;223,0
HAC;2021,0;2,0;UUE/HRB/CHB;223,0
HAC;2021,0;3,0;Pronto Atendimento;230,0
HAC;2021,0;3,0;UDC - Unidade de Decisão Clínica;230,0
HAC;2021,0;3,0;Unidade de Decisão Clínica;230,0
HAC;2021,0;3,0;Unidade de Urgência - Maternidade;230,0
HAC;2021,0;3,0;Unidade Urgência Emergência Ginecológica-Obstetrícia;230,0
HAC;2021,0;3,0;Unidade Urgência/Emergência;230,0
HAC;2021,0;3,0;Unidade Urgência-Emergência;230,0
HAC;2021,0;3,0;UUE/HRB/CHB;230,0
HAC;2021,0;4,0;Pronto Atendimento;182,0
HAC;2021,0;4,0;UDC - Unidade de Decisão Clínica;182,0
HAC;2021,0;4,0;Unidade de Decisão Clínica;182,0
HAC;2021,0;4,0;Unidade de Urgência - Maternidade;182,0
HAC;2021,0;4,0;Unidade Urgência Emergência Ginecológica-Obstetrícia;182,0
HAC;2021,0;4,0;Unidade Urgência/Emergência;182,0
HAC;2021,0;4,0;Unidade Urgência-Emergência;182,0
HAC;2021,0;4,0;UUE/HRB/CHB;182,0
HAC;2021,0;5,0;Pronto Atendimento;186,0
HAC;2021,0;5,0;UDC - Unidade de Decisão Clínica;186,0
HAC;2021,0;5,0;Unidade de Decisão Clínica;186,0
HAC;2021,0;5,0;Unidade de Urgência - Maternidade;186,0
HAC;2021,0;5,0;Unidade Urgência Emergência Ginecológica-Obstetrícia;186,0
HAC;2021,0;5,0;Unidade Urgência/Emergência;186,0
HAC;2021,0;5,0;Unidade Urgência-Emergência;186,0
HAC;2021,0;5,0;UUE/HRB/CHB;186,0
HAC;2021,0;6,0;Pronto Atendimento;276,0
HAC;2021,0;6,0;UDC - Unidade de Decisão Clínica;276,0
HAC;2021,0;6,0;Unidade de Decisão Clínica;276,0
HAC;2021,0;6,0;Unidade de Urgência - Maternidade;276,0
HAC;2021,0;6,0;Unidade Urgência Emergência Ginecológica-Obstetrícia;276,0
HAC;2021,0;6,0;Unidade Urgência/Emergência;276,0
HAC;2021,0;6,0;Unidade Urgência-Emergência;276,0
HAC;2021,0;6,0;UUE/HRB/CHB;276,0
HAC;2021,0;7,0;Pronto Atendimento;223,0
HAC;2021,0;7,0;UDC - Unidade de Decisão Clínica;223,0
HAC;2021,0;7,0;Unidade de Decisão Clínica;223,0
HAC;2021,0;7,0;Unidade de Urgência - Maternidade;223,0
HAC;2021,0;7,0;Unidade Urgência Emergência Ginecológica-Obstetrícia;223,0
HAC;2021,0;7,0;Unidade Urgência/Emergência;223,0
HAC;2021,0;7,0;Unidade Urgência-Emergência;223,0
HAC;2021,0;7,0;UUE/HRB/CHB;223,0
HAC;2021,0;8,0;Pronto Atendimento;278,0
HAC;2021,0;8,0;UDC - Unidade de Decisão Clínica;278,0
HAC;2021,0;8,0;Unidade de Decisão Clínica;278,0
HAC;2021,0;8,0;Unidade de Urgência - Maternidade;278,0
HAC;2021,0;8,0;Unidade Urgência Emergência Ginecológica-Obstetrícia;278,0
HAC;2021,0;8,0;Unidade Urgência/Emergência;278,0
HAC;2021,0;8,0;Unidade Urgência-Emergência;278,0
HAC;2021,0;8,0;UUE/HRB/CHB;278,0
HAC;2021,0;9,0;Pronto Atendimento;247,0
HAC;2021,0;9,0;UDC - Unidade de Decisão Clínica;247,0
HAC;2021,0;9,0;Unidade de Decisão Clínica;247,0
HAC;2021,0;9,0;Unidade de Urgência - Maternidade;247,0
HAC;2021,0;9,0;Unidade Urgência Emergência Ginecológica-Obstetrícia;247,0
HAC;2021,0;9,0;Unidade Urgência/Emergência;247,0
HAC;2021,0;9,0;Unidade Urgência-Emergência;247,0
HAC;2021,0;9,0;UUE/HRB/CHB;247,0
HAC;2021,0;10,0;Pronto Atendimento;265,0
HAC;2021,0;10,0;UDC - Unidade de Decisão Clínica;265,0
HAC;2021,0;10,0;Unidade de Decisão Clínica;265,0
HAC;2021,0;10,0;Unidade de Urgência - Maternidade;265,0
HAC;2021,0;10,0;Unidade Urgência Emergência Ginecológica-Obstetrícia;265,0
HAC;2021,0;10,0;Unidade Urgência/Emergência;265,0
HAC;2021,0;10,0;Unidade Urgência-Emergência;265,0
HAC;2021,0;10,0;UUE/HRB/CHB;265,0
HAC;2021,0;11,0;Pronto Atendimento;278,0
HAC;2021,0;11,0;UDC - Unidade de Decisão Clínica;278,0
HAC;2021,0;11,0;Unidade de Decisão Clínica;278,0
HAC;2021,0;11,0;Unidade de Urgência - Maternidade;278,0
HAC;2021,0;11,0;Unidade Urgência Emergência Ginecológica-Obstetrícia;278,0
HAC;2021,0;11,0;Unidade Urgência/Emergência;278,0
HAC;2021,0;11,0;Unidade Urgência-Emergência;278,0
HAC;2021,0;11,0;UUE/HRB/CHB;278,0
HAC;2021,0;12,0;Pronto Atendimento;306,0
HAC;2021,0;12,0;UDC - Unidade de Decisão Clínica;306,0
HAC;2021,0;12,0;Unidade de Decisão Clínica;306,0
HAC;2021,0;12,0;Unidade de Urgência - Maternidade;306,0
HAC;2021,0;12,0;Unidade Urgência Emergência Ginecológica-Obstetrícia;306,0
HAC;2021,0;12,0;Unidade Urgência/Emergência;306,0
HAC;2021,0;12,0;Unidade Urgência-Emergência;306,0
HAC;2021,0;12,0;UUE/HRB/CHB;306,0
HAC;2022,0;1,0;Pronto Atendimento;248,0
HAC;2022,0;1,0;UDC - Unidade de Decisão Clínica;248,0
HAC;2022,0;1,0;Unidade de Decisão Clínica;248,0
HAC;2022,0;1,0;Unidade de Urgência - Maternidade;248,0
HAC;2022,0;1,0;Unidade Urgência Emergência Ginecológica-Obstetrícia;248,0
HAC;2022,0;1,0;Unidade Urgência/Emergência;248,0
HAC;2022,0;1,0;Unidade Urgência-Emergência;248,0
HAC;2022,0;1,0;UUE/HRB/CHB;248,0
HAC;2022,0;2,0;Pronto Atendimento;242,0
HAC;2022,0;2,0;UDC - Unidade de Decisão Clínica;242,0
HAC;2022,0;2,0;Unidade de Decisão Clínica;242,0
HAC;2022,0;2,0;Unidade de Urgência - Maternidade;242,0
HAC;2022,0;2,0;Unidade Urgência Emergência Ginecológica-Obstetrícia;242,0
HAC;2022,0;2,0;Unidade Urgência/Emergência;242,0
HAC;2022,0;2,0;Unidade Urgência-Emergência;242,0
HAC;2022,0;2,0;UUE/HRB/CHB;242,0
HAC;2022,0;3,0;Pronto Atendimento;235,0
HAC;2022,0;3,0;UDC - Unidade de Decisão Clínica;235,0
HAC;2022,0;3,0;Unidade de Decisão Clínica;235,0
HAC;2022,0;3,0;Unidade de Urgência - Maternidade;235,0
HAC;2022,0;3,0;Unidade Urgência Emergência Ginecológica-Obstetrícia;235,0
HAC;2022,0;3,0;Unidade Urgência/Emergência;235,0
HAC;2022,0;3,0;Unidade Urgência-Emergência;235,0
HAC;2022,0;3,0;UUE/HRB/CHB;235,0
HAC;2022,0;4,0;Pronto Atendimento;218,0
HAC;2022,0;4,0;UDC - Unidade de Decisão Clínica;218,0
HAC;2022,0;4,0;Unidade de Decisão Clínica;218,0
HAC;2022,0;4,0;Unidade de Urgência - Maternidade;218,0
HAC;2022,0;4,0;Unidade Urgência Emergência Ginecológica-Obstetrícia;218,0
HAC;2022,0;4,0;Unidade Urgência/Emergência;218,0
HAC;2022,0;4,0;Unidade Urgência-Emergência;218,0
HAC;2022,0;4,0;UUE/HRB/CHB;218,0
HAC;2022,0;5,0;Pronto Atendimento;243,0
HAC;2022,0;5,0;UDC - Unidade de Decisão Clínica;243,0
HAC;2022,0;5,0;Unidade de Decisão Clínica;243,0
HAC;2022,0;5,0;Unidade de Urgência - Maternidade;243,0
HAC;2022,0;5,0;Unidade Urgência Emergência Ginecológica-Obstetrícia;243,0
HAC;2022,0;5,0;Unidade Urgência/Emergência;243,0
HAC;2022,0;5,0;Unidade Urgência-Emergência;243,0
HAC;2022,0;5,0;UUE/HRB/CHB;243,0
HAC;2022,0;6,0;Pronto Atendimento;218,0
HAC;2022,0;6,0;UDC - Unidade de Decisão Clínica;218,0
HAC;2022,0;6,0;Unidade de Decisão Clínica;218,0
HAC;2022,0;6,0;Unidade de Urgência - Maternidade;218,0
HAC;2022,0;6,0;Unidade Urgência Emergência Ginecológica-Obstetrícia;218,0
HAC;2022,0;6,0;Unidade Urgência/Emergência;218,0
HAC;2022,0;6,0;Unidade Urgência-Emergência;218,0
HAC;2022,0;6,0;UUE/HRB/CHB;218,0
HAC;2022,0;7,0;Pronto Atendimento;242,0
HAC;2022,0;7,0;UDC - Unidade de Decisão Clínica;242,0
HAC;2022,0;7,0;Unidade de Decisão Clínica;242,0
HAC;2022,0;7,0;Unidade de Urgência - Maternidade;242,0
HAC;2022,0;7,0;Unidade Urgência Emergência Ginecológica-Obstetrícia;242,0
HAC;2022,0;7,0;Unidade Urgência/Emergência;242,0
HAC;2022,0;7,0;Unidade Urgência-Emergência;242,0
HAC;2022,0;7,0;UUE/HRB/CHB;242,0
HAC;2022,0;8,0;Pronto Atendimento;277,0
HAC;2022,0;8,0;UDC - Unidade de Decisão Clínica;277,0
HAC;2022,0;8,0;Unidade de Decisão Clínica;277,0
HAC;2022,0;8,0;Unidade de Urgência - Maternidade;277,0
HAC;2022,0;8,0;Unidade Urgência Emergência Ginecológica-Obstetrícia;277,0
HAC;2022,0;8,0;Unidade Urgência/Emergência;277,0
HAC;2022,0;8,0;Unidade Urgência-Emergência;277,0
HAC;2022,0;8,0;UUE/HRB/CHB;277,0
HAC;2022,0;9,0;Pronto Atendimento;309,0
HAC;2022,0;9,0;UDC - Unidade de Decisão Clínica;309,0
HAC;2022,0;9,0;Unidade de Decisão Clínica;309,0
HAC;2022,0;9,0;Unidade de Urgência - Maternidade;309,0
HAC;2022,0;9,0;Unidade Urgência Emergência Ginecológica-Obstetrícia;309,0
HAC;2022,0;9,0;Unidade Urgência/Emergência;309,0
HAC;2022,0;9,0;Unidade Urgência-Emergência;309,0
HAC;2022,0;9,0;UUE/HRB/CHB;309,0
HAC;2022,0;10,0;Pronto Atendimento;279,0
HAC;2022,0;10,0;UDC - Unidade de Decisão Clínica;279,0
HAC;2022,0;10,0;Unidade de Decisão Clínica;279,0
HAC;2022,0;10,0;Unidade de Urgência - Maternidade;279,0
HAC;2022,0;10,0;Unidade Urgência Emergência Ginecológica-Obstetrícia;279,0
HAC;2022,0;10,0;Unidade Urgência/Emergência;279,0
HAC;2022,0;10,0;Unidade Urgência-Emergência;279,0
HAC;2022,0;10,0;UUE/HRB/CHB;279,0
HAC;2022,0;11,0;Pronto Atendimento;286,0
HAC;2022,0;11,0;UDC - Unidade de Decisão Clínica;286,0
HAC;2022,0;11,0;Unidade de Decisão Clínica;286,0
HAC;2022,0;11,0;Unidade de Urgência - Maternidade;286,0
HAC;2022,0;11,0;Unidade Urgência Emergência Ginecológica-Obstetrícia;286,0
HAC;2022,0;11,0;Unidade Urgência/Emergência;286,0
HAC;2022,0;11,0;Unidade Urgência-Emergência;286,0
HAC;2022,0;11,0;UUE/HRB/CHB;286,0
HAC;2022,0;12,0;Pronto Atendimento;293,0
HAC;2022,0;12,0;UDC - Unidade de Decisão Clínica;293,0
HAC;2022,0;12,0;Unidade de Decisão Clínica;293,0
HAC;2022,0;12,0;Unidade de Urgência - Maternidade;293,0
HAC;2022,0;12,0;Unidade Urgência Emergência Ginecológica-Obstetrícia;293,0
HAC;2022,0;12,0;Unidade Urgência/Emergência;293,0
HAC;2022,0;12,0;Unidade Urgência-Emergência;293,0
HAC;2022,0;12,0;UUE/HRB/CHB;293,0
HAC;2023,0;1,0;Pronto Atendimento;402,0
HAC;2023,0;1,0;UDC - Unidade de Decisão Clínica;402,0
HAC;2023,0;1,0;Unidade de Decisão Clínica;402,0
HAC;2023,0;1,0;Unidade de Urgência - Maternidade;402,0
HAC;2023,0;1,0;Unidade Urgência Emergência Ginecológica-Obstetrícia;402,0
HAC;2023,0;1,0;Unidade Urgência/Emergência;402,0
HAC;2023,0;1,0;Unidade Urgência-Emergência;402,0
HAC;2023,0;1,0;UUE/HRB/CHB;402,0
HAC;2023,0;2,0;Pronto Atendimento;369,0
HAC;2023,0;2,0;UDC - Unidade de Decisão Clínica;369,0
HAC;2023,0;2,0;Unidade de Decisão Clínica;369,0
HAC;2023,0;2,0;Unidade de Urgência - Maternidade;369,0
HAC;2023,0;2,0;Unidade Urgência Emergência Ginecológica-Obstetrícia;369,0
HAC;2023,0;2,0;Unidade Urgência/Emergência;369,0
HAC;2023,0;2,0;Unidade Urgência-Emergência;369,0
HAC;2023,0;2,0;UUE/HRB/CHB;369,0
HAC;2023,0;3,0;Pronto Atendimento;328,0
HAC;2023,0;3,0;UDC - Unidade de Decisão Clínica;328,0
HAC;2023,0;3,0;Unidade de Decisão Clínica;328,0
HAC;2023,0;3,0;Unidade de Urgência - Maternidade;328,0
HAC;2023,0;3,0;Unidade Urgência Emergência Ginecológica-Obstetrícia;328,0
HAC;2023,0;3,0;Unidade Urgência/Emergência;328,0
HAC;2023,0;3,0;Unidade Urgência-Emergência;328,0
HAC;2023,0;3,0;UUE/HRB/CHB;328,0
HAC;2023,0;4,0;Pronto Atendimento;303,0
HAC;2023,0;4,0;UDC - Unidade de Decisão Clínica;303,0
HAC;2023,0;4,0;Unidade de Decisão Clínica;303,0
HAC;2023,0;4,0;Unidade de Urgência - Maternidade;303,0
HAC;2023,0;4,0;Unidade Urgência Emergência Ginecológica-Obstetrícia;303,0
HAC;2023,0;4,0;Unidade Urgência/Emergência;303,0
HAC;2023,0;4,0;Unidade Urgência-Emergência;303,0
HAC;2023,0;4,0;UUE/HRB/CHB;303,0
HAC;2023,0;5,0;Pronto Atendimento;383,0
HAC;2023,0;5,0;UDC - Unidade de Decisão Clínica;383,0
HAC;2023,0;5,0;Unidade de Decisão Clínica;383,0
HAC;2023,0;5,0;Unidade de Urgência - Maternidade;383,0
HAC;2023,0;5,0;Unidade Urgência Emergência Ginecológica-Obstetrícia;383,0
HAC;2023,0;5,0;Unidade Urgência/Emergência;383,0
HAC;2023,0;5,0;Unidade Urgência-Emergência;383,0
HAC;2023,0;5,0;UUE/HRB/CHB;383,0
HAC;2023,0;6,0;Pronto Atendimento;310,0
HAC;2023,0;6,0;UDC - Unidade de Decisão Clínica;310,0
HAC;2023,0;6,0;Unidade de Decisão Clínica;310,0
HAC;2023,0;6,0;Unidade de Urgência - Maternidade;310,0
HAC;2023,0;6,0;Unidade Urgência Emergência Ginecológica-Obstetrícia;310,0
HAC;2023,0;6,0;Unidade Urgência/Emergência;310,0
HAC;2023,0;6,0;Unidade Urgência-Emergência;310,0
HAC;2023,0;6,0;UUE/HRB/CHB;310,0
HAC;2023,0;7,0;Pronto Atendimento;280,0
HAC;2023,0;7,0;UDC - Unidade de Decisão Clínica;280,0
HAC;2023,0;7,0;Unidade de Decisão Clínica;280,0
HAC;2023,0;7,0;Unidade de Urgência - Maternidade;280,0
HAC;2023,0;7,0;Unidade Urgência Emergência Ginecológica-Obstetrícia;280,0
HAC;2023,0;7,0;Unidade Urgência/Emergência;280,0
HAC;2023,0;7,0;Unidade Urgência-Emergência;280,0
HAC;2023,0;7,0;UUE/HRB/CHB;280,0
HAC;2023,0;8,0;Pronto Atendimento;478,0
HAC;2023,0;8,0;UDC - Unidade de Decisão Clínica;478,0
HAC;2023,0;8,0;Unidade de Decisão Clínica;478,0
HAC;2023,0;8,0;Unidade de Urgência - Maternidade;478,0
HAC;2023,0;8,0;Unidade Urgência Emergência Ginecológica-Obstetrícia;478,0
HAC;2023,0;8,0;Unidade Urgência/Emergência;478,0
HAC;2023,0;8,0;Unidade Urgência-Emergência;478,0
HAC;2023,0;8,0;UUE/HRB/CHB;478,0
HAC;2023,0;9,0;Pronto Atendimento;481,0
HAC;2023,0;9,0;UDC - Unidade de Decisão Clínica;481,0
HAC;2023,0;9,0;Unidade de Decisão Clínica;481,0
HAC;2023,0;9,0;Unidade de Urgência - Maternidade;481,0
HAC;2023,0;9,0;Unidade Urgência Emergência Ginecológica-Obstetrícia;481,0
HAC;2023,0;9,0;Unidade Urgência/Emergência;481,0
HAC;2023,0;9,0;Unidade Urgência-Emergência;481,0
HAC;2023,0;9,0;UUE/HRB/CHB;481,0
HAC;2023,0;10,0;Pronto Atendimento;551,0
HAC;2023,0;10,0;UDC - Unidade de Decisão Clínica;551,0
HAC;2023,0;10,0;Unidade de Decisão Clínica;551,0
HAC;2023,0;10,0;Unidade de Urgência - Maternidade;551,0
HAC;2023,0;10,0;Unidade Urgência Emergência Ginecológica-Obstetrícia;551,0
HAC;2023,0;10,0;Unidade Urgência/Emergência;551,0
HAC;2023,0;10,0;Unidade Urgência-Emergência;551,0
HAC;2023,0;10,0;UUE/HRB/CHB;551,0
HAC;2023,0;11,0;Pronto Atendimento;407,0
HAC;2023,0;11,0;UDC - Unidade de Decisão Clínica;407,0
HAC;2023,0;11,0;Unidade de Decisão Clínica;407,0
HAC;2023,0;11,0;Unidade de Urgência - Maternidade;407,0
HAC;2023,0;11,0;Unidade Urgência Emergência Ginecológica-Obstetrícia;407,0
HAC;2023,0;11,0;Unidade Urgência/Emergência;407,0
HAC;2023,0;11,0;Unidade Urgência-Emergência;407,0
HAC;2023,0;11,0;UUE/HRB/CHB;407,0
HAC;2023,0;12,0;Pronto Atendimento;388,0
HAC;2023,0;12,0;UDC - Unidade de Decisão Clínica;388,0
HAC;2023,0;12,0;Unidade de Decisão Clínica;388,0
HAC;2023,0;12,0;Unidade de Urgência - Maternidade;388,0
HAC;2023,0;12,0;Unidade Urgência Emergência Ginecológica-Obstetrícia;388,0
HAC;2023,0;12,0;Unidade Urgência/Emergência;388,0
HAC;2023,0;12,0;Unidade Urgência-Emergência;388,0
HAC;2023,0;12,0;UUE/HRB/CHB;388,0
HAC;2024,0;1,0;Pronto Atendimento;419,0
HAC;2024,0;1,0;UDC - Unidade de Decisão Clínica;419,0
HAC;2024,0;1,0;Unidade de Decisão Clínica;419,0
HAC;2024,0;1,0;Unidade de Urgência - Maternidade;419,0
HAC;2024,0;1,0;Unidade Urgência Emergência Ginecológica-Obstetrícia;419,0
HAC;2024,0;1,0;Unidade Urgência/Emergência;419,0
HAC;2024,0;1,0;Unidade Urgência-Emergência;419,0
HAC;2024,0;1,0;UUE/HRB/CHB;419,0
HAC;2024,0;2,0;Pronto Atendimento;523,0
HAC;2024,0;2,0;UDC - Unidade de Decisão Clínica;523,0
HAC;2024,0;2,0;Unidade de Decisão Clínica;523,0
HAC;2024,0;2,0;Unidade de Urgência - Maternidade;523,0
HAC;2024,0;2,0;Unidade Urgência Emergência Ginecológica-Obstetrícia;523,0
HAC;2024,0;2,0;Unidade Urgência/Emergência;523,0
HAC;2024,0;2,0;Unidade Urgência-Emergência;523,0
HAC;2024,0;2,0;UUE/HRB/CHB;523,0
HAC;2024,0;3,0;Pronto Atendimento;420,0
HAC;2024,0;3,0;UDC - Unidade de Decisão Clínica;420,0
HAC;2024,0;3,0;Unidade de Decisão Clínica;420,0
HAC;2024,0;3,0;Unidade de Urgência - Maternidade;420,0
HAC;2024,0;3,0;Unidade Urgência Emergência Ginecológica-Obstetrícia;420,0
HAC;2024,0;3,0;Unidade Urgência/Emergência;420,0
HAC;2024,0;3,0;Unidade Urgência-Emergência;420,0
HAC;2024,0;3,0;UUE/HRB/CHB;420,0
HAC;2024,0;4,0;Pronto Atendimento;430,0
HAC;2024,0;4,0;UDC - Unidade de Decisão Clínica;430,0
HAC;2024,0;4,0;Unidade de Decisão Clínica;430,0
HAC;2024,0;4,0;Unidade de Urgência - Maternidade;430,0
HAC;2024,0;4,0;Unidade Urgência Emergência Ginecológica-Obstetrícia;430,0
HAC;2024,0;4,0;Unidade Urgência/Emergência;430,0
HAC;2024,0;4,0;Unidade Urgência-Emergência;430,0
HAC;2024,0;4,0;UUE/HRB/CHB;430,0
HAC;2024,0;5,0;Pronto Atendimento;399,0
HAC;2024,0;5,0;UDC - Unidade de Decisão Clínica;399,0
HAC;2024,0;5,0;Unidade de Decisão Clínica;399,0
HAC;2024,0;5,0;Unidade de Urgência - Maternidade;399,0
HAC;2024,0;5,0;Unidade Urgência Emergência Ginecológica-Obstetrícia;399,0
HAC;2024,0;5,0;Unidade Urgência/Emergência;399,0
HAC;2024,0;5,0;Unidade Urgência-Emergência;399,0
HAC;2024,0;5,0;UUE/HRB/CHB;399,0
HAC;2024,0;6,0;Pronto Atendimento;467,0
HAC;2024,0;6,0;UDC - Unidade de Decisão Clínica;467,0
HAC;2024,0;6,0;Unidade de Decisão Clínica;467,0
HAC;2024,0;6,0;Unidade de Urgência - Maternidade;467,0
HAC;2024,0;6,0;Unidade Urgência Emergência Ginecológica-Obstetrícia;467,0
HAC;2024,0;6,0;Unidade Urgência/Emergência;467,0
HAC;2024,0;6,0;Unidade Urgência-Emergência;467,0
HAC;2024,0;6,0;UUE/HRB/CHB;467,0
HAC;2024,0;7,0;Pronto Atendimento;354,0
HAC;2024,0;7,0;UDC - Unidade de Decisão Clínica;354,0
HAC;2024,0;7,0;Unidade de Decisão Clínica;354,0
HAC;2024,0;7,0;Unidade de Urgência - Maternidade;354,0
HAC;2024,0;7,0;Unidade Urgência Emergência Ginecológica-Obstetrícia;354,0
HAC;2024,0;7,0;Unidade Urgência/Emergência;354,0
HAC;2024,0;7,0;Unidade Urgência-Emergência;354,0
HAC;2024,0;7,0;UUE/HRB/CHB;354,0
HAC;2024,0;8,0;Pronto Atendimento;360,0
HAC;2024,0;8,0;UDC - Unidade de Decisão Clínica;360,0
HAC;2024,0;8,0;Unidade de Decisão Clínica;360,0
HAC;2024,0;8,0;Unidade de Urgência - Maternidade;360,0
HAC;2024,0;8,0;Unidade Urgência Emergência Ginecológica-Obstetrícia;360,0
HAC;2024,0;8,0;Unidade Urgência/Emergência;360,0
HAC;2024,0;8,0;Unidade Urgência-Emergência;360,0
HAC;2024,0;8,0;UUE/HRB/CHB;360,0
HAC;2024,0;9,0;Pronto Atendimento;347,0
HAC;2024,0;9,0;UDC - Unidade de Decisão Clínica;347,0
HAC;2024,0;9,0;Unidade de Decisão Clínica;347,0
HAC;2024,0;9,0;Unidade de Urgência - Maternidade;347,0
HAC;2024,0;9,0;Unidade Urgência Emergência Ginecológica-Obstetrícia;347,0
HAC;2024,0;9,0;Unidade Urgência/Emergência;347,0
HAC;2024,0;9,0;Unidade Urgência-Emergência;347,0
HAC;2024,0;9,0;UUE/HRB/CHB;347,0
HAC;2024,0;10,0;Pronto Atendimento;533,0
HAC;2024,0;10,0;UDC - Unidade de Decisão Clínica;533,0
HAC;2024,0;10,0;Unidade de Decisão Clínica;533,0
HAC;2024,0;10,0;Unidade de Urgência - Maternidade;533,0
HAC;2024,0;10,0;Unidade Urgência Emergência Ginecológica-Obstetrícia;533,0
HAC;2024,0;10,0;Unidade Urgência/Emergência;533,0
HAC;2024,0;10,0;Unidade Urgência-Emergência;533,0
HAC;2024,0;10,0;UUE/HRB/CHB;533,0
HAC;2024,0;11,0;Pronto Atendimento;654,0
HAC;2024,0;11,0;UDC - Unidade de Decisão Clínica;654,0
HAC;2024,0;11,0;Unidade de Decisão Clínica;654,0
HAC;2024,0;11,0;Unidade de Urgência - Maternidade;654,0
HAC;2024,0;11,0;Unidade Urgência Emergência Ginecológica-Obstetrícia;654,0
HAC;2024,0;11,0;Unidade Urgência/Emergência;654,0
HAC;2024,0;11,0;Unidade Urgência-Emergência;654,0
HAC;2024,0;11,0;UUE/HRB/CHB;654,0
HAC;2024,0;12,0;Pronto Atendimento;515,0
HAC;2024,0;12,0;UDC - Unidade de Decisão Clínica;515,0
HAC;2024,0;12,0;Unidade de Decisão Clínica;515,0
HAC;2024,0;12,0;Unidade de Urgência - Maternidade;515,0
HAC;2024,0;12,0;Unidade Urgência Emergência Ginecológica-Obstetrícia;515,0
HAC;2024,0;12,0;Unidade Urgência/Emergência;515,0
HAC;2024,0;12,0;Unidade Urgência-Emergência;515,0
HAC;2024,0;12,0;UUE/HRB/CHB;515,0
HAC;2025,0;1,0;Pronto Atendimento;466,0
HAC;2025,0;1,0;UDC - Unidade de Decisão Clínica;466,0
HAC;2025,0;1,0;Unidade de Decisão Clínica;466,0
HAC;2025,0;1,0;Unidade de Urgência - Maternidade;466,0
HAC;2025,0;1,0;Unidade Urgência Emergência Ginecológica-Obstetrícia;466,0
HAC;2025,0;1,0;Unidade Urgência/Emergência;466,0
HAC;2025,0;1,0;Unidade Urgência-Emergência;466,0
HAC;2025,0;1,0;UUE/HRB/CHB;466,0
HAC;2025,0;2,0;Pronto Atendimento;375,0
HAC;2025,0;2,0;UDC - Unidade de Decisão Clínica;375,0
HAC;2025,0;2,0;Unidade de Decisão Clínica;375,0
HAC;2025,0;2,0;Unidade de Urgência - Maternidade;375,0
HAC;2025,0;2,0;Unidade Urgência Emergência Ginecológica-Obstetrícia;375,0
HAC;2025,0;2,0;Unidade Urgência/Emergência;375,0
HAC;2025,0;2,0;Unidade Urgência-Emergência;375,0
HAC;2025,0;2,0;UUE/HRB/CHB;375,0
HAC;2025,0;3,0;Pronto Atendimento;318,0
HAC;2025,0;3,0;UDC - Unidade de Decisão Clínica;318,0
HAC;2025,0;3,0;Unidade de Decisão Clínica;318,0
HAC;2025,0;3,0;Unidade de Urgência - Maternidade;318,0
HAC;2025,0;3,0;Unidade Urgência Emergência Ginecológica-Obstetrícia;318,0
HAC;2025,0;3,0;Unidade Urgência/Emergência;318,0
HAC;2025,0;3,0;Unidade Urgência-Emergência;318,0
HAC;2025,0;3,0;UUE/HRB/CHB;318,0
HAC;2025,0;4,0;Pronto Atendimento;284,0
HAC;2025,0;4,0;UDC - Unidade de Decisão Clínica;284,0
HAC;2025,0;4,0;Unidade de Decisão Clínica;284,0
HAC;2025,0;4,0;Unidade de Urgência - Maternidade;284,0
HAC;2025,0;4,0;Unidade Urgência Emergência Ginecológica-Obstetrícia;284,0
HAC;2025,0;4,0;Unidade Urgência/Emergência;284,0
HAC;2025,0;4,0;Unidade Urgência-Emergência;284,0
HAC;2025,0;4,0;UUE/HRB/CHB;284,0
HAC;2025,0;5,0;Pronto Atendimento;243,0
HAC;2025,0;5,0;UDC - Unidade de Decisão Clínica;243,0
HAC;2025,0;5,0;Unidade de Decisão Clínica;243,0
HAC;2025,0;5,0;Unidade de Urgência - Maternidade;243,0
HAC;2025,0;5,0;Unidade Urgência Emergência Ginecológica-Obstetrícia;243,0
HAC;2025,0;5,0;Unidade Urgência/Emergência;243,0
HAC;2025,0;5,0;Unidade Urgência-Emergência;243,0
HAC;2025,0;5,0;UUE/HRB/CHB;243,0
HAC;2025,0;6,0;Pronto Atendimento;241,0
HAC;2025,0;6,0;UDC - Unidade de Decisão Clínica;241,0
HAC;2025,0;6,0;Unidade de Decisão Clínica;241,0
HAC;2025,0;6,0;Unidade de Urgência - Maternidade;241,0
HAC;2025,0;6,0;Unidade Urgência Emergência Ginecológica-Obstetrícia;241,0
HAC;2025,0;6,0;Unidade Urgência/Emergência;241,0
HAC;2025,0;6,0;Unidade Urgência-Emergência;241,0
HAC;2025,0;6,0;UUE/HRB/CHB;241,0
HAC;2025,0;7,0;Pronto Atendimento;268,0
HAC;2025,0;7,0;UDC - Unidade de Decisão Clínica;268,0
HAC;2025,0;7,0;Unidade de Decisão Clínica;268,0
HAC;2025,0;7,0;Unidade de Urgência - Maternidade;268,0
HAC;2025,0;7,0;Unidade Urgência Emergência Ginecológica-Obstetrícia;268,0
HAC;2025,0;7,0;Unidade Urgência/Emergência;268,0
HAC;2025,0;7,0;Unidade Urgência-Emergência;268,0
HAC;2025,0;7,0;UUE/HRB/CHB;268,0
HAC;2025,0;8,0;Pronto Atendimento;267,0
HAC;2025,0;8,0;UDC - Unidade de Decisão Clínica;267,0
HAC;2025,0;8,0;Unidade de Decisão Clínica;267,0
HAC;2025,0;8,0;Unidade de Urgência - Maternidade;267,0
HAC;2025,0;8,0;Unidade Urgência Emergência Ginecológica-Obstetrícia;267,0
HAC;2025,0;8,0;Unidade Urgência/Emergência;267,0
HAC;2025,0;8,0;Unidade Urgência-Emergência;267,0
HAC;2025,0;8,0;UUE/HRB/CHB;267,0
HAC;2025,0;9,0;Pronto Atendimento;224,0
HAC;2025,0;9,0;UDC - Unidade de Decisão Clínica;224,0
HAC;2025,0;9,0;Unidade de Decisão Clínica;224,0
HAC;2025,0;9,0;Unidade de Urgência - Maternidade;224,0
HAC;2025,0;9,0;Unidade Urgência Emergência Ginecológica-Obstetrícia;224,0
HAC;2025,0;9,0;Unidade Urgência/Emergência;224,0
HAC;2025,0;9,0;Unidade Urgência-Emergência;224,0
HAC;2025,0;9,0;UUE/HRB/CHB;224,0
HAC;2025,0;10,0;Pronto Atendimento;89,0
HAC;2025,0;10,0;UDC - Unidade de Decisão Clínica;338,0
HAC;2025,0;10,0;Unidade de Decisão Clínica;89,0
HAC;2025,0;10,0;Unidade de Urgência - Maternidade;89,0
HAC;2025,0;10,0;Unidade Urgência Emergência Ginecológica-Obstetrícia;89,0
HAC;2025,0;10,0;Unidade Urgência/Emergência;89,0
HAC;2025,0;10,0;Unidade Urgência-Emergência;89,0
HAC;2025,0;10,0;UUE/HRB/CHB;89,0
HAC;2025,0;11,0;UDC - Unidade de Decisão Clínica;410,0
HAC;2025,0;12,0;UDC - Unidade de Decisão Clínica;383,0
HAC;2026,0;1,0;UDC - Unidade de Decisão Clínica;364,0
HAC;2026,0;2,0;UDC - Unidade de Decisão Clínica;376,0
HCM;2019,0;1,0;Pronto Atendimento;1,0
HCM;2019,0;1,0;UDC - Unidade de Decisão Clínica;1,0
HCM;2019,0;1,0;Unidade de Decisão Clínica;1,0
HCM;2019,0;1,0;Unidade de Urgência - Maternidade;1,0
HCM;2019,0;1,0;Unidade Urgência Emergência Ginecológica-Obstetrícia;1,0
HCM;2019,0;1,0;Unidade Urgência/Emergência;1,0
HCM;2019,0;1,0;Unidade Urgência-Emergência;1,0
HCM;2019,0;1,0;UUE/HRB/CHB;1,0
HCM;2019,0;2,0;Pronto Atendimento;1,0
HCM;2019,0;2,0;UDC - Unidade de Decisão Clínica;1,0
HCM;2019,0;2,0;Unidade de Decisão Clínica;1,0
HCM;2019,0;2,0;Unidade de Urgência - Maternidade;1,0
HCM;2019,0;2,0;Unidade Urgência Emergência Ginecológica-Obstetrícia;1,0
HCM;2019,0;2,0;Unidade Urgência/Emergência;1,0
HCM;2019,0;2,0;Unidade Urgência-Emergência;1,0
HCM;2019,0;2,0;UUE/HRB/CHB;1,0
HCM;2019,0;6,0;Pronto Atendimento;2,0
HCM;2019,0;6,0;UDC - Unidade de Decisão Clínica;2,0
HCM;2019,0;6,0;Unidade de Decisão Clínica;2,0
HCM;2019,0;6,0;Unidade de Urgência - Maternidade;2,0
HCM;2019,0;6,0;Unidade Urgência Emergência Ginecológica-Obstetrícia;2,0
HCM;2019,0;6,0;Unidade Urgência/Emergência;2,0
HCM;2019,0;6,0;Unidade Urgência-Emergência;2,0
HCM;2019,0;6,0;UUE/HRB/CHB;2,0
HCM;2019,0;7,0;Pronto Atendimento;3,0
HCM;2019,0;7,0;UDC - Unidade de Decisão Clínica;3,0
HCM;2019,0;7,0;Unidade de Decisão Clínica;3,0
HCM;2019,0;7,0;Unidade de Urgência - Maternidade;3,0
HCM;2019,0;7,0;Unidade Urgência Emergência Ginecológica-Obstetrícia;3,0
HCM;2019,0;7,0;Unidade Urgência/Emergência;3,0
HCM;2019,0;7,0;Unidade Urgência-Emergência;3,0
HCM;2019,0;7,0;UUE/HRB/CHB;3,0
HCM;2019,0;8,0;Pronto Atendimento;1,0
HCM;2019,0;8,0;UDC - Unidade de Decisão Clínica;1,0
HCM;2019,0;8,0;Unidade de Decisão Clínica;1,0
HCM;2019,0;8,0;Unidade de Urgência - Maternidade;1,0
HCM;2019,0;8,0;Unidade Urgência Emergência Ginecológica-Obstetrícia;1,0
HCM;2019,0;8,0;Unidade Urgência/Emergência;1,0
HCM;2019,0;8,0;Unidade Urgência-Emergência;1,0
HCM;2019,0;8,0;UUE/HRB/CHB;1,0
HCM;2019,0;9,0;Pronto Atendimento;1,0
HCM;2019,0;9,0;UDC - Unidade de Decisão Clínica;1,0
HCM;2019,0;9,0;Unidade de Decisão Clínica;1,0
HCM;2019,0;9,0;Unidade de Urgência - Maternidade;1,0
HCM;2019,0;9,0;Unidade Urgência Emergência Ginecológica-Obstetrícia;1,0
HCM;2019,0;9,0;Unidade Urgência/Emergência;1,0
HCM;2019,0;9,0;Unidade Urgência-Emergência;1,0
HCM;2019,0;9,0;UUE/HRB/CHB;1,0
HCM;2019,0;11,0;Pronto Atendimento;1,0
HCM;2019,0;11,0;UDC - Unidade de Decisão Clínica;1,0
HCM;2019,0;11,0;Unidade de Decisão Clínica;1,0
HCM;2019,0;11,0;Unidade de Urgência - Maternidade;1,0
HCM;2019,0;11,0;Unidade Urgência Emergência Ginecológica-Obstetrícia;1,0
HCM;2019,0;11,0;Unidade Urgência/Emergência;1,0
HCM;2019,0;11,0;Unidade Urgência-Emergência;1,0
HCM;2019,0;11,0;UUE/HRB/CHB;1,0
HCM;2019,0;12,0;Pronto Atendimento;5,0
HCM;2019,0;12,0;UDC - Unidade de Decisão Clínica;5,0
HCM;2019,0;12,0;Unidade de Decisão Clínica;5,0
HCM;2019,0;12,0;Unidade de Urgência - Maternidade;5,0
HCM;2019,0;12,0;Unidade Urgência Emergência Ginecológica-Obstetrícia;5,0
HCM;2019,0;12,0;Unidade Urgência/Emergência;5,0
HCM;2019,0;12,0;Unidade Urgência-Emergência;5,0
HCM;2019,0;12,0;UUE/HRB/CHB;5,0
HCM;2020,0;2,0;Pronto Atendimento;1,0
HCM;2020,0;2,0;UDC - Unidade de Decisão Clínica;1,0
HCM;2020,0;2,0;Unidade de Decisão Clínica;1,0
HCM;2020,0;2,0;Unidade de Urgência - Maternidade;1,0
HCM;2020,0;2,0;Unidade Urgência Emergência Ginecológica-Obstetrícia;1,0
HCM;2020,0;2,0;Unidade Urgência/Emergência;1,0
HCM;2020,0;2,0;Unidade Urgência-Emergência;1,0
HCM;2020,0;2,0;UUE/HRB/CHB;1,0
HCM;2022,0;3,0;Pronto Atendimento;1,0
HCM;2022,0;3,0;UDC - Unidade de Decisão Clínica;1,0
HCM;2022,0;3,0;Unidade de Decisão Clínica;1,0
HCM;2022,0;3,0;Unidade de Urgência - Maternidade;1,0
HCM;2022,0;3,0;Unidade Urgência Emergência Ginecológica-Obstetrícia;1,0
HCM;2022,0;3,0;Unidade Urgência/Emergência;1,0
HCM;2022,0;3,0;Unidade Urgência-Emergência;1,0
HCM;2022,0;3,0;UUE/HRB/CHB;1,0
HCM;2022,0;4,0;Pronto Atendimento;1,0
HCM;2022,0;4,0;UDC - Unidade de Decisão Clínica;1,0
HCM;2022,0;4,0;Unidade de Decisão Clínica;1,0
HCM;2022,0;4,0;Unidade de Urgência - Maternidade;1,0
HCM;2022,0;4,0;Unidade Urgência Emergência Ginecológica-Obstetrícia;1,0
HCM;2022,0;4,0;Unidade Urgência/Emergência;1,0
HCM;2022,0;4,0;Unidade Urgência-Emergência;1,0
HCM;2022,0;4,0;UUE/HRB/CHB;1,0
HCM;2023,0;5,0;Pronto Atendimento;1,0
HCM;2023,0;5,0;UDC - Unidade de Decisão Clínica;1,0
HCM;2023,0;5,0;Unidade de Decisão Clínica;1,0
HCM;2023,0;5,0;Unidade de Urgência - Maternidade;1,0
HCM;2023,0;5,0;Unidade Urgência Emergência Ginecológica-Obstetrícia;1,0
HCM;2023,0;5,0;Unidade Urgência/Emergência;1,0
HCM;2023,0;5,0;Unidade Urgência-Emergência;1,0
HCM;2023,0;5,0;UUE/HRB/CHB;1,0
HCM;2024,0;3,0;Pronto Atendimento;1,0
HCM;2024,0;3,0;UDC - Unidade de Decisão Clínica;1,0
HCM;2024,0;3,0;Unidade de Decisão Clínica;1,0
HCM;2024,0;3,0;Unidade de Urgência - Maternidade;1,0
HCM;2024,0;3,0;Unidade Urgência Emergência Ginecológica-Obstetrícia;1,0
HCM;2024,0;3,0;Unidade Urgência/Emergência;1,0
HCM;2024,0;3,0;Unidade Urgência-Emergência;1,0
HCM;2024,0;3,0;UUE/HRB/CHB;1,0
HCM;2024,0;6,0;Pronto Atendimento;2,0
HCM;2024,0;6,0;UDC - Unidade de Decisão Clínica;2,0
HCM;2024,0;6,0;Unidade de Decisão Clínica;2,0
HCM;2024,0;6,0;Unidade de Urgência - Maternidade;2,0
HCM;2024,0;6,0;Unidade Urgência Emergência Ginecológica-Obstetrícia;2,0
HCM;2024,0;6,0;Unidade Urgência/Emergência;2,0
HCM;2024,0;6,0;Unidade Urgência-Emergência;2,0
HCM;2024,0;6,0;UUE/HRB/CHB;2,0
HCM;2025,0;4,0;Pronto Atendimento;1,0
HCM;2025,0;4,0;UDC - Unidade de Decisão Clínica;1,0
HCM;2025,0;4,0;Unidade de Decisão Clínica;1,0
HCM;2025,0;4,0;Unidade de Urgência - Maternidade;1,0
HCM;2025,0;4,0;Unidade Urgência Emergência Ginecológica-Obstetrícia;1,0
HCM;2025,0;4,0;Unidade Urgência/Emergência;1,0
HCM;2025,0;4,0;Unidade Urgência-Emergência;1,0
HCM;2025,0;4,0;UUE/HRB/CHB;1,0
HCM;2025,0;10,0;Pronto Atendimento;1,0
HCM;2025,0;10,0;UDC - Unidade de Decisão Clínica;1,0
HCM;2025,0;10,0;Unidade de Decisão Clínica;1,0
HCM;2025,0;10,0;Unidade de Urgência - Maternidade;1,0
HCM;2025,0;10,0;Unidade Urgência Emergência Ginecológica-Obstetrícia;1,0
HCM;2025,0;10,0;Unidade Urgência/Emergência;1,0
HCM;2025,0;10,0;Unidade Urgência-Emergência;1,0
HCM;2025,0;10,0;UUE/HRB/CHB;1,0
HEM;2019,0;1,0;Pronto Atendimento;34,0
HEM;2019,0;1,0;UDC - Unidade de Decisão Clínica;34,0
HEM;2019,0;1,0;Unidade de Decisão Clínica;34,0
HEM;2019,0;1,0;Unidade de Urgência - Maternidade;34,0
HEM;2019,0;1,0;Unidade Urgência Emergência Ginecológica-Obstetrícia;34,0
HEM;2019,0;1,0;Unidade Urgência/Emergência;34,0
HEM;2019,0;1,0;Unidade Urgência-Emergência;34,0
HEM;2019,0;1,0;UUE/HRB/CHB;34,0
HEM;2019,0;2,0;Pronto Atendimento;42,0
HEM;2019,0;2,0;UDC - Unidade de Decisão Clínica;42,0
HEM;2019,0;2,0;Unidade de Decisão Clínica;42,0
HEM;2019,0;2,0;Unidade de Urgência - Maternidade;42,0
HEM;2019,0;2,0;Unidade Urgência Emergência Ginecológica-Obstetrícia;42,0
HEM;2019,0;2,0;Unidade Urgência/Emergência;42,0
HEM;2019,0;2,0;Unidade Urgência-Emergência;42,0
HEM;2019,0;2,0;UUE/HRB/CHB;42,0
HEM;2019,0;3,0;Pronto Atendimento;47,0
HEM;2019,0;3,0;UDC - Unidade de Decisão Clínica;47,0
HEM;2019,0;3,0;Unidade de Decisão Clínica;47,0
HEM;2019,0;3,0;Unidade de Urgência - Maternidade;47,0
HEM;2019,0;3,0;Unidade Urgência Emergência Ginecológica-Obstetrícia;47,0
HEM;2019,0;3,0;Unidade Urgência/Emergência;47,0
HEM;2019,0;3,0;Unidade Urgência-Emergência;47,0
HEM;2019,0;3,0;UUE/HRB/CHB;47,0
HEM;2019,0;4,0;Pronto Atendimento;46,0
HEM;2019,0;4,0;UDC - Unidade de Decisão Clínica;46,0
HEM;2019,0;4,0;Unidade de Decisão Clínica;46,0
HEM;2019,0;4,0;Unidade de Urgência - Maternidade;46,0
HEM;2019,0;4,0;Unidade Urgência Emergência Ginecológica-Obstetrícia;46,0
HEM;2019,0;4,0;Unidade Urgência/Emergência;46,0
HEM;2019,0;4,0;Unidade Urgência-Emergência;46,0
HEM;2019,0;4,0;UUE/HRB/CHB;46,0
HEM;2019,0;5,0;Pronto Atendimento;45,0
HEM;2019,0;5,0;UDC - Unidade de Decisão Clínica;45,0
HEM;2019,0;5,0;Unidade de Decisão Clínica;45,0
HEM;2019,0;5,0;Unidade de Urgência - Maternidade;45,0
HEM;2019,0;5,0;Unidade Urgência Emergência Ginecológica-Obstetrícia;45,0
HEM;2019,0;5,0;Unidade Urgência/Emergência;45,0
HEM;2019,0;5,0;Unidade Urgência-Emergência;45,0
HEM;2019,0;5,0;UUE/HRB/CHB;45,0
HEM;2019,0;6,0;Pronto Atendimento;60,0
HEM;2019,0;6,0;UDC - Unidade de Decisão Clínica;60,0
HEM;2019,0;6,0;Unidade de Decisão Clínica;60,0
HEM;2019,0;6,0;Unidade de Urgência - Maternidade;60,0
HEM;2019,0;6,0;Unidade Urgência Emergência Ginecológica-Obstetrícia;60,0
HEM;2019,0;6,0;Unidade Urgência/Emergência;60,0
HEM;2019,0;6,0;Unidade Urgência-Emergência;60,0
HEM;2019,0;6,0;UUE/HRB/CHB;60,0
HEM;2019,0;7,0;Pronto Atendimento;47,0
HEM;2019,0;7,0;UDC - Unidade de Decisão Clínica;47,0
HEM;2019,0;7,0;Unidade de Decisão Clínica;47,0
HEM;2019,0;7,0;Unidade de Urgência - Maternidade;47,0
HEM;2019,0;7,0;Unidade Urgência Emergência Ginecológica-Obstetrícia;47,0
HEM;2019,0;7,0;Unidade Urgência/Emergência;47,0
HEM;2019,0;7,0;Unidade Urgência-Emergência;47,0
HEM;2019,0;7,0;UUE/HRB/CHB;47,0
HEM;2019,0;8,0;Pronto Atendimento;47,0
HEM;2019,0;8,0;UDC - Unidade de Decisão Clínica;47,0
HEM;2019,0;8,0;Unidade de Decisão Clínica;47,0
HEM;2019,0;8,0;Unidade de Urgência - Maternidade;47,0
HEM;2019,0;8,0;Unidade Urgência Emergência Ginecológica-Obstetrícia;47,0
HEM;2019,0;8,0;Unidade Urgência/Emergência;47,0
HEM;2019,0;8,0;Unidade Urgência-Emergência;47,0
HEM;2019,0;8,0;UUE/HRB/CHB;47,0
HEM;2019,0;9,0;Pronto Atendimento;28,0
HEM;2019,0;9,0;UDC - Unidade de Decisão Clínica;28,0
HEM;2019,0;9,0;Unidade de Decisão Clínica;28,0
HEM;2019,0;9,0;Unidade de Urgência - Maternidade;28,0
HEM;2019,0;9,0;Unidade Urgência Emergência Ginecológica-Obstetrícia;28,0
HEM;2019,0;9,0;Unidade Urgência/Emergência;28,0
HEM;2019,0;9,0;Unidade Urgência-Emergência;28,0
HEM;2019,0;9,0;UUE/HRB/CHB;28,0
HEM;2019,0;10,0;Pronto Atendimento;29,0
HEM;2019,0;10,0;UDC - Unidade de Decisão Clínica;29,0
HEM;2019,0;10,0;Unidade de Decisão Clínica;29,0
HEM;2019,0;10,0;Unidade de Urgência - Maternidade;29,0
HEM;2019,0;10,0;Unidade Urgência Emergência Ginecológica-Obstetrícia;29,0
HEM;2019,0;10,0;Unidade Urgência/Emergência;29,0
HEM;2019,0;10,0;Unidade Urgência-Emergência;29,0
HEM;2019,0;10,0;UUE/HRB/CHB;29,0
HEM;2019,0;11,0;Pronto Atendimento;37,0
HEM;2019,0;11,0;UDC - Unidade de Decisão Clínica;37,0
HEM;2019,0;11,0;Unidade de Decisão Clínica;37,0
HEM;2019,0;11,0;Unidade de Urgência - Maternidade;37,0
HEM;2019,0;11,0;Unidade Urgência Emergência Ginecológica-Obstetrícia;37,0
HEM;2019,0;11,0;Unidade Urgência/Emergência;37,0
HEM;2019,0;11,0;Unidade Urgência-Emergência;37,0
HEM;2019,0;11,0;UUE/HRB/CHB;37,0
HEM;2019,0;12,0;Pronto Atendimento;112,0
HEM;2019,0;12,0;UDC - Unidade de Decisão Clínica;112,0
HEM;2019,0;12,0;Unidade de Decisão Clínica;112,0
HEM;2019,0;12,0;Unidade de Urgência - Maternidade;112,0
HEM;2019,0;12,0;Unidade Urgência Emergência Ginecológica-Obstetrícia;112,0
HEM;2019,0;12,0;Unidade Urgência/Emergência;112,0
HEM;2019,0;12,0;Unidade Urgência-Emergência;112,0
HEM;2019,0;12,0;UUE/HRB/CHB;112,0
HEM;2020,0;1,0;Pronto Atendimento;76,0
HEM;2020,0;1,0;UDC - Unidade de Decisão Clínica;76,0
HEM;2020,0;1,0;Unidade de Decisão Clínica;76,0
HEM;2020,0;1,0;Unidade de Urgência - Maternidade;76,0
HEM;2020,0;1,0;Unidade Urgência Emergência Ginecológica-Obstetrícia;76,0
HEM;2020,0;1,0;Unidade Urgência/Emergência;76,0
HEM;2020,0;1,0;Unidade Urgência-Emergência;76,0
HEM;2020,0;1,0;UUE/HRB/CHB;76,0
HEM;2020,0;2,0;Pronto Atendimento;33,0
HEM;2020,0;2,0;UDC - Unidade de Decisão Clínica;33,0
HEM;2020,0;2,0;Unidade de Decisão Clínica;33,0
HEM;2020,0;2,0;Unidade de Urgência - Maternidade;33,0
HEM;2020,0;2,0;Unidade Urgência Emergência Ginecológica-Obstetrícia;33,0
HEM;2020,0;2,0;Unidade Urgência/Emergência;33,0
HEM;2020,0;2,0;Unidade Urgência-Emergência;33,0
HEM;2020,0;2,0;UUE/HRB/CHB;33,0
HEM;2020,0;3,0;Pronto Atendimento;31,0
HEM;2020,0;3,0;UDC - Unidade de Decisão Clínica;31,0
HEM;2020,0;3,0;Unidade de Decisão Clínica;31,0
HEM;2020,0;3,0;Unidade de Urgência - Maternidade;31,0
HEM;2020,0;3,0;Unidade Urgência Emergência Ginecológica-Obstetrícia;31,0
HEM;2020,0;3,0;Unidade Urgência/Emergência;31,0
HEM;2020,0;3,0;Unidade Urgência-Emergência;31,0
HEM;2020,0;3,0;UUE/HRB/CHB;31,0
HEM;2020,0;4,0;Pronto Atendimento;43,0
HEM;2020,0;4,0;UDC - Unidade de Decisão Clínica;43,0
HEM;2020,0;4,0;Unidade de Decisão Clínica;43,0
HEM;2020,0;4,0;Unidade de Urgência - Maternidade;43,0
HEM;2020,0;4,0;Unidade Urgência Emergência Ginecológica-Obstetrícia;43,0
HEM;2020,0;4,0;Unidade Urgência/Emergência;43,0
HEM;2020,0;4,0;Unidade Urgência-Emergência;43,0
HEM;2020,0;4,0;UUE/HRB/CHB;43,0
HEM;2020,0;5,0;Pronto Atendimento;57,0
HEM;2020,0;5,0;UDC - Unidade de Decisão Clínica;57,0
HEM;2020,0;5,0;Unidade de Decisão Clínica;57,0
HEM;2020,0;5,0;Unidade de Urgência - Maternidade;57,0
HEM;2020,0;5,0;Unidade Urgência Emergência Ginecológica-Obstetrícia;57,0
HEM;2020,0;5,0;Unidade Urgência/Emergência;57,0
HEM;2020,0;5,0;Unidade Urgência-Emergência;57,0
HEM;2020,0;5,0;UUE/HRB/CHB;57,0
HEM;2020,0;6,0;Pronto Atendimento;21,0
HEM;2020,0;6,0;UDC - Unidade de Decisão Clínica;21,0
HEM;2020,0;6,0;Unidade de Decisão Clínica;21,0
HEM;2020,0;6,0;Unidade de Urgência - Maternidade;21,0
HEM;2020,0;6,0;Unidade Urgência Emergência Ginecológica-Obstetrícia;21,0
HEM;2020,0;6,0;Unidade Urgência/Emergência;21,0
HEM;2020,0;6,0;Unidade Urgência-Emergência;21,0
HEM;2020,0;6,0;UUE/HRB/CHB;21,0
HEM;2020,0;7,0;Pronto Atendimento;86,0
HEM;2020,0;7,0;UDC - Unidade de Decisão Clínica;86,0
HEM;2020,0;7,0;Unidade de Decisão Clínica;86,0
HEM;2020,0;7,0;Unidade de Urgência - Maternidade;86,0
HEM;2020,0;7,0;Unidade Urgência Emergência Ginecológica-Obstetrícia;86,0
HEM;2020,0;7,0;Unidade Urgência/Emergência;86,0
HEM;2020,0;7,0;Unidade Urgência-Emergência;86,0
HEM;2020,0;7,0;UUE/HRB/CHB;86,0
HEM;2020,0;8,0;Pronto Atendimento;31,0
HEM;2020,0;8,0;UDC - Unidade de Decisão Clínica;31,0
HEM;2020,0;8,0;Unidade de Decisão Clínica;31,0
HEM;2020,0;8,0;Unidade de Urgência - Maternidade;31,0
HEM;2020,0;8,0;Unidade Urgência Emergência Ginecológica-Obstetrícia;31,0
HEM;2020,0;8,0;Unidade Urgência/Emergência;31,0
HEM;2020,0;8,0;Unidade Urgência-Emergência;31,0
HEM;2020,0;8,0;UUE/HRB/CHB;31,0
HEM;2020,0;9,0;Pronto Atendimento;29,0
HEM;2020,0;9,0;UDC - Unidade de Decisão Clínica;29,0
HEM;2020,0;9,0;Unidade de Decisão Clínica;29,0
HEM;2020,0;9,0;Unidade de Urgência - Maternidade;29,0
HEM;2020,0;9,0;Unidade Urgência Emergência Ginecológica-Obstetrícia;29,0
HEM;2020,0;9,0;Unidade Urgência/Emergência;29,0
HEM;2020,0;9,0;Unidade Urgência-Emergência;29,0
HEM;2020,0;9,0;UUE/HRB/CHB;29,0
HEM;2020,0;10,0;Pronto Atendimento;26,0
HEM;2020,0;10,0;UDC - Unidade de Decisão Clínica;26,0
HEM;2020,0;10,0;Unidade de Decisão Clínica;26,0
HEM;2020,0;10,0;Unidade de Urgência - Maternidade;26,0
HEM;2020,0;10,0;Unidade Urgência Emergência Ginecológica-Obstetrícia;26,0
HEM;2020,0;10,0;Unidade Urgência/Emergência;26,0
HEM;2020,0;10,0;Unidade Urgência-Emergência;26,0
HEM;2020,0;10,0;UUE/HRB/CHB;26,0
HEM;2020,0;11,0;Pronto Atendimento;33,0
HEM;2020,0;11,0;UDC - Unidade de Decisão Clínica;33,0
HEM;2020,0;11,0;Unidade de Decisão Clínica;33,0
HEM;2020,0;11,0;Unidade de Urgência - Maternidade;33,0
HEM;2020,0;11,0;Unidade Urgência Emergência Ginecológica-Obstetrícia;33,0
HEM;2020,0;11,0;Unidade Urgência/Emergência;33,0
HEM;2020,0;11,0;Unidade Urgência-Emergência;33,0
HEM;2020,0;11,0;UUE/HRB/CHB;33,0
HEM;2020,0;12,0;Pronto Atendimento;21,0
HEM;2020,0;12,0;UDC - Unidade de Decisão Clínica;21,0
HEM;2020,0;12,0;Unidade de Decisão Clínica;21,0
HEM;2020,0;12,0;Unidade de Urgência - Maternidade;21,0
HEM;2020,0;12,0;Unidade Urgência Emergência Ginecológica-Obstetrícia;21,0
HEM;2020,0;12,0;Unidade Urgência/Emergência;21,0
HEM;2020,0;12,0;Unidade Urgência-Emergência;21,0
HEM;2020,0;12,0;UUE/HRB/CHB;21,0
HEM;2021,0;1,0;Pronto Atendimento;18,0
HEM;2021,0;1,0;UDC - Unidade de Decisão Clínica;18,0
HEM;2021,0;1,0;Unidade de Decisão Clínica;18,0
HEM;2021,0;1,0;Unidade de Urgência - Maternidade;18,0
HEM;2021,0;1,0;Unidade Urgência Emergência Ginecológica-Obstetrícia;18,0
HEM;2021,0;1,0;Unidade Urgência/Emergência;18,0
HEM;2021,0;1,0;Unidade Urgência-Emergência;18,0
HEM;2021,0;1,0;UUE/HRB/CHB;18,0
HEM;2021,0;2,0;Pronto Atendimento;10,0
HEM;2021,0;2,0;UDC - Unidade de Decisão Clínica;10,0
HEM;2021,0;2,0;Unidade de Decisão Clínica;10,0
HEM;2021,0;2,0;Unidade de Urgência - Maternidade;10,0
HEM;2021,0;2,0;Unidade Urgência Emergência Ginecológica-Obstetrícia;10,0
HEM;2021,0;2,0;Unidade Urgência/Emergência;10,0
HEM;2021,0;2,0;Unidade Urgência-Emergência;10,0
HEM;2021,0;2,0;UUE/HRB/CHB;10,0
HEM;2021,0;3,0;Pronto Atendimento;26,0
HEM;2021,0;3,0;UDC - Unidade de Decisão Clínica;26,0
HEM;2021,0;3,0;Unidade de Decisão Clínica;26,0
HEM;2021,0;3,0;Unidade de Urgência - Maternidade;26,0
HEM;2021,0;3,0;Unidade Urgência Emergência Ginecológica-Obstetrícia;26,0
HEM;2021,0;3,0;Unidade Urgência/Emergência;26,0
HEM;2021,0;3,0;Unidade Urgência-Emergência;26,0
HEM;2021,0;3,0;UUE/HRB/CHB;26,0
HEM;2021,0;4,0;Pronto Atendimento;19,0
HEM;2021,0;4,0;UDC - Unidade de Decisão Clínica;19,0
HEM;2021,0;4,0;Unidade de Decisão Clínica;19,0
HEM;2021,0;4,0;Unidade de Urgência - Maternidade;19,0
HEM;2021,0;4,0;Unidade Urgência Emergência Ginecológica-Obstetrícia;19,0
HEM;2021,0;4,0;Unidade Urgência/Emergência;19,0
HEM;2021,0;4,0;Unidade Urgência-Emergência;19,0
HEM;2021,0;4,0;UUE/HRB/CHB;19,0
HEM;2021,0;5,0;Pronto Atendimento;9,0
HEM;2021,0;5,0;UDC - Unidade de Decisão Clínica;9,0
HEM;2021,0;5,0;Unidade de Decisão Clínica;9,0
HEM;2021,0;5,0;Unidade de Urgência - Maternidade;9,0
HEM;2021,0;5,0;Unidade Urgência Emergência Ginecológica-Obstetrícia;9,0
HEM;2021,0;5,0;Unidade Urgência/Emergência;9,0
HEM;2021,0;5,0;Unidade Urgência-Emergência;9,0
HEM;2021,0;5,0;UUE/HRB/CHB;9,0
HEM;2021,0;6,0;Pronto Atendimento;28,0
HEM;2021,0;6,0;UDC - Unidade de Decisão Clínica;28,0
HEM;2021,0;6,0;Unidade de Decisão Clínica;28,0
HEM;2021,0;6,0;Unidade de Urgência - Maternidade;28,0
HEM;2021,0;6,0;Unidade Urgência Emergência Ginecológica-Obstetrícia;28,0
HEM;2021,0;6,0;Unidade Urgência/Emergência;28,0
HEM;2021,0;6,0;Unidade Urgência-Emergência;28,0
HEM;2021,0;6,0;UUE/HRB/CHB;28,0
HEM;2021,0;7,0;Pronto Atendimento;14,0
HEM;2021,0;7,0;UDC - Unidade de Decisão Clínica;14,0
HEM;2021,0;7,0;Unidade de Decisão Clínica;14,0
HEM;2021,0;7,0;Unidade de Urgência - Maternidade;14,0
HEM;2021,0;7,0;Unidade Urgência Emergência Ginecológica-Obstetrícia;14,0
HEM;2021,0;7,0;Unidade Urgência/Emergência;14,0
HEM;2021,0;7,0;Unidade Urgência-Emergência;14,0
HEM;2021,0;7,0;UUE/HRB/CHB;14,0
HEM;2021,0;8,0;Pronto Atendimento;30,0
HEM;2021,0;8,0;UDC - Unidade de Decisão Clínica;30,0
HEM;2021,0;8,0;Unidade de Decisão Clínica;30,0
HEM;2021,0;8,0;Unidade de Urgência - Maternidade;30,0
HEM;2021,0;8,0;Unidade Urgência Emergência Ginecológica-Obstetrícia;30,0
HEM;2021,0;8,0;Unidade Urgência/Emergência;30,0
HEM;2021,0;8,0;Unidade Urgência-Emergência;30,0
HEM;2021,0;8,0;UUE/HRB/CHB;30,0
HEM;2021,0;9,0;Pronto Atendimento;23,0
HEM;2021,0;9,0;UDC - Unidade de Decisão Clínica;23,0
HEM;2021,0;9,0;Unidade de Decisão Clínica;23,0
HEM;2021,0;9,0;Unidade de Urgência - Maternidade;23,0
HEM;2021,0;9,0;Unidade Urgência Emergência Ginecológica-Obstetrícia;23,0
HEM;2021,0;9,0;Unidade Urgência/Emergência;23,0
HEM;2021,0;9,0;Unidade Urgência-Emergência;23,0
HEM;2021,0;9,0;UUE/HRB/CHB;23,0
HEM;2021,0;10,0;Pronto Atendimento;32,0
HEM;2021,0;10,0;UDC - Unidade de Decisão Clínica;32,0
HEM;2021,0;10,0;Unidade de Decisão Clínica;32,0
HEM;2021,0;10,0;Unidade de Urgência - Maternidade;32,0
HEM;2021,0;10,0;Unidade Urgência Emergência Ginecológica-Obstetrícia;32,0
HEM;2021,0;10,0;Unidade Urgência/Emergência;32,0
HEM;2021,0;10,0;Unidade Urgência-Emergência;32,0
HEM;2021,0;10,0;UUE/HRB/CHB;32,0
HEM;2021,0;11,0;Pronto Atendimento;38,0
HEM;2021,0;11,0;UDC - Unidade de Decisão Clínica;38,0
HEM;2021,0;11,0;Unidade de Decisão Clínica;38,0
HEM;2021,0;11,0;Unidade de Urgência - Maternidade;38,0
HEM;2021,0;11,0;Unidade Urgência Emergência Ginecológica-Obstetrícia;38,0
HEM;2021,0;11,0;Unidade Urgência/Emergência;38,0
HEM;2021,0;11,0;Unidade Urgência-Emergência;38,0
HEM;2021,0;11,0;UUE/HRB/CHB;38,0
HEM;2021,0;12,0;Pronto Atendimento;39,0
HEM;2021,0;12,0;UDC - Unidade de Decisão Clínica;39,0
HEM;2021,0;12,0;Unidade de Decisão Clínica;39,0
HEM;2021,0;12,0;Unidade de Urgência - Maternidade;39,0
HEM;2021,0;12,0;Unidade Urgência Emergência Ginecológica-Obstetrícia;39,0
HEM;2021,0;12,0;Unidade Urgência/Emergência;39,0
HEM;2021,0;12,0;Unidade Urgência-Emergência;39,0
HEM;2021,0;12,0;UUE/HRB/CHB;39,0
HEM;2022,0;1,0;Pronto Atendimento;52,0
HEM;2022,0;1,0;UDC - Unidade de Decisão Clínica;52,0
HEM;2022,0;1,0;Unidade de Decisão Clínica;52,0
HEM;2022,0;1,0;Unidade de Urgência - Maternidade;52,0
HEM;2022,0;1,0;Unidade Urgência Emergência Ginecológica-Obstetrícia;52,0
HEM;2022,0;1,0;Unidade Urgência/Emergência;52,0
HEM;2022,0;1,0;Unidade Urgência-Emergência;52,0
HEM;2022,0;1,0;UUE/HRB/CHB;52,0
HEM;2022,0;2,0;Pronto Atendimento;72,0
HEM;2022,0;2,0;UDC - Unidade de Decisão Clínica;72,0
HEM;2022,0;2,0;Unidade de Decisão Clínica;72,0
HEM;2022,0;2,0;Unidade de Urgência - Maternidade;72,0
HEM;2022,0;2,0;Unidade Urgência Emergência Ginecológica-Obstetrícia;72,0
HEM;2022,0;2,0;Unidade Urgência/Emergência;72,0
HEM;2022,0;2,0;Unidade Urgência-Emergência;72,0
HEM;2022,0;2,0;UUE/HRB/CHB;72,0
HEM;2022,0;3,0;Pronto Atendimento;61,0
HEM;2022,0;3,0;UDC - Unidade de Decisão Clínica;61,0
HEM;2022,0;3,0;Unidade de Decisão Clínica;61,0
HEM;2022,0;3,0;Unidade de Urgência - Maternidade;61,0
HEM;2022,0;3,0;Unidade Urgência Emergência Ginecológica-Obstetrícia;61,0
HEM;2022,0;3,0;Unidade Urgência/Emergência;61,0
HEM;2022,0;3,0;Unidade Urgência-Emergência;61,0
HEM;2022,0;3,0;UUE/HRB/CHB;61,0
HEM;2022,0;4,0;Pronto Atendimento;38,0
HEM;2022,0;4,0;UDC - Unidade de Decisão Clínica;38,0
HEM;2022,0;4,0;Unidade de Decisão Clínica;38,0
HEM;2022,0;4,0;Unidade de Urgência - Maternidade;38,0
HEM;2022,0;4,0;Unidade Urgência Emergência Ginecológica-Obstetrícia;38,0
HEM;2022,0;4,0;Unidade Urgência/Emergência;38,0
HEM;2022,0;4,0;Unidade Urgência-Emergência;38,0
HEM;2022,0;4,0;UUE/HRB/CHB;38,0
HEM;2022,0;5,0;Pronto Atendimento;54,0
HEM;2022,0;5,0;UDC - Unidade de Decisão Clínica;54,0
HEM;2022,0;5,0;Unidade de Decisão Clínica;54,0
HEM;2022,0;5,0;Unidade de Urgência - Maternidade;54,0
HEM;2022,0;5,0;Unidade Urgência Emergência Ginecológica-Obstetrícia;54,0
HEM;2022,0;5,0;Unidade Urgência/Emergência;54,0
HEM;2022,0;5,0;Unidade Urgência-Emergência;54,0
HEM;2022,0;5,0;UUE/HRB/CHB;54,0
HEM;2022,0;6,0;Pronto Atendimento;50,0
HEM;2022,0;6,0;UDC - Unidade de Decisão Clínica;50,0
HEM;2022,0;6,0;Unidade de Decisão Clínica;50,0
HEM;2022,0;6,0;Unidade de Urgência - Maternidade;50,0
HEM;2022,0;6,0;Unidade Urgência Emergência Ginecológica-Obstetrícia;50,0
HEM;2022,0;6,0;Unidade Urgência/Emergência;50,0
HEM;2022,0;6,0;Unidade Urgência-Emergência;50,0
HEM;2022,0;6,0;UUE/HRB/CHB;50,0
HEM;2022,0;7,0;Pronto Atendimento;28,0
HEM;2022,0;7,0;UDC - Unidade de Decisão Clínica;28,0
HEM;2022,0;7,0;Unidade de Decisão Clínica;28,0
HEM;2022,0;7,0;Unidade de Urgência - Maternidade;28,0
HEM;2022,0;7,0;Unidade Urgência Emergência Ginecológica-Obstetrícia;28,0
HEM;2022,0;7,0;Unidade Urgência/Emergência;28,0
HEM;2022,0;7,0;Unidade Urgência-Emergência;28,0
HEM;2022,0;7,0;UUE/HRB/CHB;28,0
HEM;2022,0;8,0;Pronto Atendimento;38,0
HEM;2022,0;8,0;UDC - Unidade de Decisão Clínica;38,0
HEM;2022,0;8,0;Unidade de Decisão Clínica;38,0
HEM;2022,0;8,0;Unidade de Urgência - Maternidade;38,0
HEM;2022,0;8,0;Unidade Urgência Emergência Ginecológica-Obstetrícia;38,0
HEM;2022,0;8,0;Unidade Urgência/Emergência;38,0
HEM;2022,0;8,0;Unidade Urgência-Emergência;38,0
HEM;2022,0;8,0;UUE/HRB/CHB;38,0
HEM;2022,0;9,0;Pronto Atendimento;43,0
HEM;2022,0;9,0;UDC - Unidade de Decisão Clínica;43,0
HEM;2022,0;9,0;Unidade de Decisão Clínica;43,0
HEM;2022,0;9,0;Unidade de Urgência - Maternidade;43,0
HEM;2022,0;9,0;Unidade Urgência Emergência Ginecológica-Obstetrícia;43,0
HEM;2022,0;9,0;Unidade Urgência/Emergência;43,0
HEM;2022,0;9,0;Unidade Urgência-Emergência;43,0
HEM;2022,0;9,0;UUE/HRB/CHB;43,0
HEM;2022,0;10,0;Pronto Atendimento;34,0
HEM;2022,0;10,0;UDC - Unidade de Decisão Clínica;34,0
HEM;2022,0;10,0;Unidade de Decisão Clínica;34,0
HEM;2022,0;10,0;Unidade de Urgência - Maternidade;34,0
HEM;2022,0;10,0;Unidade Urgência Emergência Ginecológica-Obstetrícia;34,0
HEM;2022,0;10,0;Unidade Urgência/Emergência;34,0
HEM;2022,0;10,0;Unidade Urgência-Emergência;34,0
HEM;2022,0;10,0;UUE/HRB/CHB;34,0
HEM;2022,0;11,0;Pronto Atendimento;32,0
HEM;2022,0;11,0;UDC - Unidade de Decisão Clínica;32,0
HEM;2022,0;11,0;Unidade de Decisão Clínica;32,0
HEM;2022,0;11,0;Unidade de Urgência - Maternidade;32,0
HEM;2022,0;11,0;Unidade Urgência Emergência Ginecológica-Obstetrícia;32,0
HEM;2022,0;11,0;Unidade Urgência/Emergência;32,0
HEM;2022,0;11,0;Unidade Urgência-Emergência;32,0
HEM;2022,0;11,0;UUE/HRB/CHB;32,0
HEM;2022,0;12,0;Pronto Atendimento;33,0
HEM;2022,0;12,0;UDC - Unidade de Decisão Clínica;33,0
HEM;2022,0;12,0;Unidade de Decisão Clínica;33,0
HEM;2022,0;12,0;Unidade de Urgência - Maternidade;33,0
HEM;2022,0;12,0;Unidade Urgência Emergência Ginecológica-Obstetrícia;33,0
HEM;2022,0;12,0;Unidade Urgência/Emergência;33,0
HEM;2022,0;12,0;Unidade Urgência-Emergência;33,0
HEM;2022,0;12,0;UUE/HRB/CHB;33,0
HEM;2023,0;1,0;Pronto Atendimento;16,0
HEM;2023,0;1,0;UDC - Unidade de Decisão Clínica;16,0
HEM;2023,0;1,0;Unidade de Decisão Clínica;16,0
HEM;2023,0;1,0;Unidade de Urgência - Maternidade;16,0
HEM;2023,0;1,0;Unidade Urgência Emergência Ginecológica-Obstetrícia;16,0
HEM;2023,0;1,0;Unidade Urgência/Emergência;16,0
HEM;2023,0;1,0;Unidade Urgência-Emergência;16,0
HEM;2023,0;1,0;UUE/HRB/CHB;16,0
HEM;2023,0;2,0;Pronto Atendimento;50,0
HEM;2023,0;2,0;UDC - Unidade de Decisão Clínica;50,0
HEM;2023,0;2,0;Unidade de Decisão Clínica;50,0
HEM;2023,0;2,0;Unidade de Urgência - Maternidade;50,0
HEM;2023,0;2,0;Unidade Urgência Emergência Ginecológica-Obstetrícia;50,0
HEM;2023,0;2,0;Unidade Urgência/Emergência;50,0
HEM;2023,0;2,0;Unidade Urgência-Emergência;50,0
HEM;2023,0;2,0;UUE/HRB/CHB;50,0
HEM;2023,0;3,0;Pronto Atendimento;55,0
HEM;2023,0;3,0;UDC - Unidade de Decisão Clínica;55,0
HEM;2023,0;3,0;Unidade de Decisão Clínica;55,0
HEM;2023,0;3,0;Unidade de Urgência - Maternidade;55,0
HEM;2023,0;3,0;Unidade Urgência Emergência Ginecológica-Obstetrícia;55,0
HEM;2023,0;3,0;Unidade Urgência/Emergência;55,0
HEM;2023,0;3,0;Unidade Urgência-Emergência;55,0
HEM;2023,0;3,0;UUE/HRB/CHB;55,0
HEM;2023,0;4,0;Pronto Atendimento;57,0
HEM;2023,0;4,0;UDC - Unidade de Decisão Clínica;57,0
HEM;2023,0;4,0;Unidade de Decisão Clínica;57,0
HEM;2023,0;4,0;Unidade de Urgência - Maternidade;57,0
HEM;2023,0;4,0;Unidade Urgência Emergência Ginecológica-Obstetrícia;57,0
HEM;2023,0;4,0;Unidade Urgência/Emergência;57,0
HEM;2023,0;4,0;Unidade Urgência-Emergência;57,0
HEM;2023,0;4,0;UUE/HRB/CHB;57,0
HEM;2023,0;5,0;Pronto Atendimento;64,0
HEM;2023,0;5,0;UDC - Unidade de Decisão Clínica;64,0
HEM;2023,0;5,0;Unidade de Decisão Clínica;64,0
HEM;2023,0;5,0;Unidade de Urgência - Maternidade;64,0
HEM;2023,0;5,0;Unidade Urgência Emergência Ginecológica-Obstetrícia;64,0
HEM;2023,0;5,0;Unidade Urgência/Emergência;64,0
HEM;2023,0;5,0;Unidade Urgência-Emergência;64,0
HEM;2023,0;5,0;UUE/HRB/CHB;64,0
HEM;2023,0;6,0;Pronto Atendimento;51,0
HEM;2023,0;6,0;UDC - Unidade de Decisão Clínica;51,0
HEM;2023,0;6,0;Unidade de Decisão Clínica;51,0
HEM;2023,0;6,0;Unidade de Urgência - Maternidade;51,0
HEM;2023,0;6,0;Unidade Urgência Emergência Ginecológica-Obstetrícia;51,0
HEM;2023,0;6,0;Unidade Urgência/Emergência;51,0
HEM;2023,0;6,0;Unidade Urgência-Emergência;51,0
HEM;2023,0;6,0;UUE/HRB/CHB;51,0
HEM;2023,0;7,0;Pronto Atendimento;61,0
HEM;2023,0;7,0;UDC - Unidade de Decisão Clínica;61,0
HEM;2023,0;7,0;Unidade de Decisão Clínica;61,0
HEM;2023,0;7,0;Unidade de Urgência - Maternidade;61,0
HEM;2023,0;7,0;Unidade Urgência Emergência Ginecológica-Obstetrícia;61,0
HEM;2023,0;7,0;Unidade Urgência/Emergência;61,0
HEM;2023,0;7,0;Unidade Urgência-Emergência;61,0
HEM;2023,0;7,0;UUE/HRB/CHB;61,0
HEM;2023,0;8,0;Pronto Atendimento;48,0
HEM;2023,0;8,0;UDC - Unidade de Decisão Clínica;48,0
HEM;2023,0;8,0;Unidade de Decisão Clínica;48,0
HEM;2023,0;8,0;Unidade de Urgência - Maternidade;48,0
HEM;2023,0;8,0;Unidade Urgência Emergência Ginecológica-Obstetrícia;48,0
HEM;2023,0;8,0;Unidade Urgência/Emergência;48,0
HEM;2023,0;8,0;Unidade Urgência-Emergência;48,0
HEM;2023,0;8,0;UUE/HRB/CHB;48,0
HEM;2023,0;9,0;Pronto Atendimento;36,0
HEM;2023,0;9,0;UDC - Unidade de Decisão Clínica;36,0
HEM;2023,0;9,0;Unidade de Decisão Clínica;36,0
HEM;2023,0;9,0;Unidade de Urgência - Maternidade;36,0
HEM;2023,0;9,0;Unidade Urgência Emergência Ginecológica-Obstetrícia;36,0
HEM;2023,0;9,0;Unidade Urgência/Emergência;36,0
HEM;2023,0;9,0;Unidade Urgência-Emergência;36,0
HEM;2023,0;9,0;UUE/HRB/CHB;36,0
HEM;2023,0;10,0;Pronto Atendimento;50,0
HEM;2023,0;10,0;UDC - Unidade de Decisão Clínica;50,0
HEM;2023,0;10,0;Unidade de Decisão Clínica;50,0
HEM;2023,0;10,0;Unidade de Urgência - Maternidade;50,0
HEM;2023,0;10,0;Unidade Urgência Emergência Ginecológica-Obstetrícia;50,0
HEM;2023,0;10,0;Unidade Urgência/Emergência;50,0
HEM;2023,0;10,0;Unidade Urgência-Emergência;50,0
HEM;2023,0;10,0;UUE/HRB/CHB;50,0
HEM;2023,0;11,0;Pronto Atendimento;50,0
HEM;2023,0;11,0;UDC - Unidade de Decisão Clínica;50,0
HEM;2023,0;11,0;Unidade de Decisão Clínica;50,0
HEM;2023,0;11,0;Unidade de Urgência - Maternidade;50,0
HEM;2023,0;11,0;Unidade Urgência Emergência Ginecológica-Obstetrícia;50,0
HEM;2023,0;11,0;Unidade Urgência/Emergência;50,0
HEM;2023,0;11,0;Unidade Urgência-Emergência;50,0
HEM;2023,0;11,0;UUE/HRB/CHB;50,0
HEM;2023,0;12,0;Pronto Atendimento;44,0
HEM;2023,0;12,0;UDC - Unidade de Decisão Clínica;44,0
HEM;2023,0;12,0;Unidade de Decisão Clínica;44,0
HEM;2023,0;12,0;Unidade de Urgência - Maternidade;44,0
HEM;2023,0;12,0;Unidade Urgência Emergência Ginecológica-Obstetrícia;44,0
HEM;2023,0;12,0;Unidade Urgência/Emergência;44,0
HEM;2023,0;12,0;Unidade Urgência-Emergência;44,0
HEM;2023,0;12,0;UUE/HRB/CHB;44,0
HEM;2024,0;1,0;Pronto Atendimento;26,0
HEM;2024,0;1,0;UDC - Unidade de Decisão Clínica;26,0
HEM;2024,0;1,0;Unidade de Decisão Clínica;26,0
HEM;2024,0;1,0;Unidade de Urgência - Maternidade;26,0
HEM;2024,0;1,0;Unidade Urgência Emergência Ginecológica-Obstetrícia;26,0
HEM;2024,0;1,0;Unidade Urgência/Emergência;26,0
HEM;2024,0;1,0;Unidade Urgência-Emergência;26,0
HEM;2024,0;1,0;UUE/HRB/CHB;26,0
HEM;2024,0;2,0;Pronto Atendimento;30,0
HEM;2024,0;2,0;UDC - Unidade de Decisão Clínica;30,0
HEM;2024,0;2,0;Unidade de Decisão Clínica;30,0
HEM;2024,0;2,0;Unidade de Urgência - Maternidade;30,0
HEM;2024,0;2,0;Unidade Urgência Emergência Ginecológica-Obstetrícia;30,0
HEM;2024,0;2,0;Unidade Urgência/Emergência;30,0
HEM;2024,0;2,0;Unidade Urgência-Emergência;30,0
HEM;2024,0;2,0;UUE/HRB/CHB;30,0
HEM;2024,0;3,0;Pronto Atendimento;63,0
HEM;2024,0;3,0;UDC - Unidade de Decisão Clínica;63,0
HEM;2024,0;3,0;Unidade de Decisão Clínica;63,0
HEM;2024,0;3,0;Unidade de Urgência - Maternidade;63,0
HEM;2024,0;3,0;Unidade Urgência Emergência Ginecológica-Obstetrícia;63,0
HEM;2024,0;3,0;Unidade Urgência/Emergência;63,0
HEM;2024,0;3,0;Unidade Urgência-Emergência;63,0
HEM;2024,0;3,0;UUE/HRB/CHB;63,0
HEM;2024,0;4,0;Pronto Atendimento;93,0
HEM;2024,0;4,0;UDC - Unidade de Decisão Clínica;93,0
HEM;2024,0;4,0;Unidade de Decisão Clínica;93,0
HEM;2024,0;4,0;Unidade de Urgência - Maternidade;93,0
HEM;2024,0;4,0;Unidade Urgência Emergência Ginecológica-Obstetrícia;93,0
HEM;2024,0;4,0;Unidade Urgência/Emergência;93,0
HEM;2024,0;4,0;Unidade Urgência-Emergência;93,0
HEM;2024,0;4,0;UUE/HRB/CHB;93,0
HEM;2024,0;5,0;Pronto Atendimento;56,0
HEM;2024,0;5,0;UDC - Unidade de Decisão Clínica;56,0
HEM;2024,0;5,0;Unidade de Decisão Clínica;56,0
HEM;2024,0;5,0;Unidade de Urgência - Maternidade;56,0
HEM;2024,0;5,0;Unidade Urgência Emergência Ginecológica-Obstetrícia;56,0
HEM;2024,0;5,0;Unidade Urgência/Emergência;56,0
HEM;2024,0;5,0;Unidade Urgência-Emergência;56,0
HEM;2024,0;5,0;UUE/HRB/CHB;56,0
HEM;2024,0;6,0;Pronto Atendimento;51,0
HEM;2024,0;6,0;UDC - Unidade de Decisão Clínica;51,0
HEM;2024,0;6,0;Unidade de Decisão Clínica;51,0
HEM;2024,0;6,0;Unidade de Urgência - Maternidade;51,0
HEM;2024,0;6,0;Unidade Urgência Emergência Ginecológica-Obstetrícia;51,0
HEM;2024,0;6,0;Unidade Urgência/Emergência;51,0
HEM;2024,0;6,0;Unidade Urgência-Emergência;51,0
HEM;2024,0;6,0;UUE/HRB/CHB;51,0
HEM;2024,0;7,0;Pronto Atendimento;49,0
HEM;2024,0;7,0;UDC - Unidade de Decisão Clínica;49,0
HEM;2024,0;7,0;Unidade de Decisão Clínica;49,0
HEM;2024,0;7,0;Unidade de Urgência - Maternidade;49,0
HEM;2024,0;7,0;Unidade Urgência Emergência Ginecológica-Obstetrícia;49,0
HEM;2024,0;7,0;Unidade Urgência/Emergência;49,0
HEM;2024,0;7,0;Unidade Urgência-Emergência;49,0
HEM;2024,0;7,0;UUE/HRB/CHB;49,0
HEM;2024,0;8,0;Pronto Atendimento;49,0
HEM;2024,0;8,0;UDC - Unidade de Decisão Clínica;49,0
HEM;2024,0;8,0;Unidade de Decisão Clínica;49,0
HEM;2024,0;8,0;Unidade de Urgência - Maternidade;49,0
HEM;2024,0;8,0;Unidade Urgência Emergência Ginecológica-Obstetrícia;49,0
HEM;2024,0;8,0;Unidade Urgência/Emergência;49,0
HEM;2024,0;8,0;Unidade Urgência-Emergência;49,0
HEM;2024,0;8,0;UUE/HRB/CHB;49,0
HEM;2024,0;9,0;Pronto Atendimento;54,0
HEM;2024,0;9,0;UDC - Unidade de Decisão Clínica;54,0
HEM;2024,0;9,0;Unidade de Decisão Clínica;54,0
HEM;2024,0;9,0;Unidade de Urgência - Maternidade;54,0
HEM;2024,0;9,0;Unidade Urgência Emergência Ginecológica-Obstetrícia;54,0
HEM;2024,0;9,0;Unidade Urgência/Emergência;54,0
HEM;2024,0;9,0;Unidade Urgência-Emergência;54,0
HEM;2024,0;9,0;UUE/HRB/CHB;54,0
HEM;2024,0;10,0;Pronto Atendimento;34,0
HEM;2024,0;10,0;UDC - Unidade de Decisão Clínica;34,0
HEM;2024,0;10,0;Unidade de Decisão Clínica;34,0
HEM;2024,0;10,0;Unidade de Urgência - Maternidade;34,0
HEM;2024,0;10,0;Unidade Urgência Emergência Ginecológica-Obstetrícia;34,0
HEM;2024,0;10,0;Unidade Urgência/Emergência;34,0
HEM;2024,0;10,0;Unidade Urgência-Emergência;34,0
HEM;2024,0;10,0;UUE/HRB/CHB;34,0
HEM;2024,0;11,0;Pronto Atendimento;40,0
HEM;2024,0;11,0;UDC - Unidade de Decisão Clínica;40,0
HEM;2024,0;11,0;Unidade de Decisão Clínica;40,0
HEM;2024,0;11,0;Unidade de Urgência - Maternidade;40,0
HEM;2024,0;11,0;Unidade Urgência Emergência Ginecológica-Obstetrícia;40,0
HEM;2024,0;11,0;Unidade Urgência/Emergência;40,0
HEM;2024,0;11,0;Unidade Urgência-Emergência;40,0
HEM;2024,0;11,0;UUE/HRB/CHB;40,0
HEM;2024,0;12,0;Pronto Atendimento;30,0
HEM;2024,0;12,0;UDC - Unidade de Decisão Clínica;30,0
HEM;2024,0;12,0;Unidade de Decisão Clínica;30,0
HEM;2024,0;12,0;Unidade de Urgência - Maternidade;30,0
HEM;2024,0;12,0;Unidade Urgência Emergência Ginecológica-Obstetrícia;30,0
HEM;2024,0;12,0;Unidade Urgência/Emergência;30,0
HEM;2024,0;12,0;Unidade Urgência-Emergência;30,0
HEM;2024,0;12,0;UUE/HRB/CHB;30,0
HEM;2025,0;1,0;Pronto Atendimento;22,0
HEM;2025,0;1,0;UDC - Unidade de Decisão Clínica;22,0
HEM;2025,0;1,0;Unidade de Decisão Clínica;22,0
HEM;2025,0;1,0;Unidade de Urgência - Maternidade;22,0
HEM;2025,0;1,0;Unidade Urgência Emergência Ginecológica-Obstetrícia;22,0
HEM;2025,0;1,0;Unidade Urgência/Emergência;22,0
HEM;2025,0;1,0;Unidade Urgência-Emergência;22,0
HEM;2025,0;1,0;UUE/HRB/CHB;22,0
HEM;2025,0;2,0;Pronto Atendimento;30,0
HEM;2025,0;2,0;UDC - Unidade de Decisão Clínica;30,0
HEM;2025,0;2,0;Unidade de Decisão Clínica;30,0
HEM;2025,0;2,0;Unidade de Urgência - Maternidade;30,0
HEM;2025,0;2,0;Unidade Urgência Emergência Ginecológica-Obstetrícia;30,0
HEM;2025,0;2,0;Unidade Urgência/Emergência;30,0
HEM;2025,0;2,0;Unidade Urgência-Emergência;30,0
HEM;2025,0;2,0;UUE/HRB/CHB;30,0
HEM;2025,0;3,0;Pronto Atendimento;22,0
HEM;2025,0;3,0;UDC - Unidade de Decisão Clínica;22,0
HEM;2025,0;3,0;Unidade de Decisão Clínica;22,0
HEM;2025,0;3,0;Unidade de Urgência - Maternidade;22,0
HEM;2025,0;3,0;Unidade Urgência Emergência Ginecológica-Obstetrícia;22,0
HEM;2025,0;3,0;Unidade Urgência/Emergência;22,0
HEM;2025,0;3,0;Unidade Urgência-Emergência;22,0
HEM;2025,0;3,0;UUE/HRB/CHB;22,0
HEM;2025,0;4,0;Pronto Atendimento;36,0
HEM;2025,0;4,0;UDC - Unidade de Decisão Clínica;36,0
HEM;2025,0;4,0;Unidade de Decisão Clínica;36,0
HEM;2025,0;4,0;Unidade de Urgência - Maternidade;36,0
HEM;2025,0;4,0;Unidade Urgência Emergência Ginecológica-Obstetrícia;36,0
HEM;2025,0;4,0;Unidade Urgência/Emergência;36,0
HEM;2025,0;4,0;Unidade Urgência-Emergência;36,0
HEM;2025,0;4,0;UUE/HRB/CHB;36,0
HEM;2025,0;5,0;Pronto Atendimento;43,0
HEM;2025,0;5,0;UDC - Unidade de Decisão Clínica;43,0
HEM;2025,0;5,0;Unidade de Decisão Clínica;43,0
HEM;2025,0;5,0;Unidade de Urgência - Maternidade;43,0
HEM;2025,0;5,0;Unidade Urgência Emergência Ginecológica-Obstetrícia;43,0
HEM;2025,0;5,0;Unidade Urgência/Emergência;43,0
HEM;2025,0;5,0;Unidade Urgência-Emergência;43,0
HEM;2025,0;5,0;UUE/HRB/CHB;43,0
HEM;2025,0;6,0;Pronto Atendimento;6,0
HEM;2025,0;6,0;UDC - Unidade de Decisão Clínica;6,0
HEM;2025,0;6,0;Unidade de Decisão Clínica;6,0
HEM;2025,0;6,0;Unidade de Urgência - Maternidade;6,0
HEM;2025,0;6,0;Unidade Urgência Emergência Ginecológica-Obstetrícia;6,0
HEM;2025,0;6,0;Unidade Urgência/Emergência;6,0
HEM;2025,0;6,0;Unidade Urgência-Emergência;6,0
HEM;2025,0;6,0;UUE/HRB/CHB;6,0
HIJPII;2019,0;1,0;Pronto Atendimento;2947,0
HIJPII;2019,0;1,0;UDC - Unidade de Decisão Clínica;2947,0
HIJPII;2019,0;1,0;Unidade de Decisão Clínica;2947,0
HIJPII;2019,0;1,0;Unidade de Urgência - Maternidade;2947,0
HIJPII;2019,0;1,0;Unidade Urgência Emergência Ginecológica-Obstetrícia;2947,0
HIJPII;2019,0;1,0;Unidade Urgência/Emergência;2947,0
HIJPII;2019,0;1,0;Unidade Urgência-Emergência;2947,0
HIJPII;2019,0;1,0;UUE/HRB/CHB;2947,0
HIJPII;2019,0;2,0;Pronto Atendimento;3097,0
HIJPII;2019,0;2,0;UDC - Unidade de Decisão Clínica;3097,0
HIJPII;2019,0;2,0;Unidade de Decisão Clínica;3097,0
HIJPII;2019,0;2,0;Unidade de Urgência - Maternidade;3097,0
HIJPII;2019,0;2,0;Unidade Urgência Emergência Ginecológica-Obstetrícia;3097,0
HIJPII;2019,0;2,0;Unidade Urgência/Emergência;3097,0
HIJPII;2019,0;2,0;Unidade Urgência-Emergência;3097,0
HIJPII;2019,0;2,0;UUE/HRB/CHB;3097,0
HIJPII;2019,0;3,0;Pronto Atendimento;5550,0
HIJPII;2019,0;3,0;UDC - Unidade de Decisão Clínica;5550,0
HIJPII;2019,0;3,0;Unidade de Decisão Clínica;5550,0
HIJPII;2019,0;3,0;Unidade de Urgência - Maternidade;5550,0
HIJPII;2019,0;3,0;Unidade Urgência Emergência Ginecológica-Obstetrícia;5550,0
HIJPII;2019,0;3,0;Unidade Urgência/Emergência;5550,0
HIJPII;2019,0;3,0;Unidade Urgência-Emergência;5550,0
HIJPII;2019,0;3,0;UUE/HRB/CHB;5550,0
HIJPII;2019,0;4,0;Pronto Atendimento;6688,0
HIJPII;2019,0;4,0;UDC - Unidade de Decisão Clínica;6688,0
HIJPII;2019,0;4,0;Unidade de Decisão Clínica;6688,0
HIJPII;2019,0;4,0;Unidade de Urgência - Maternidade;6688,0
HIJPII;2019,0;4,0;Unidade Urgência Emergência Ginecológica-Obstetrícia;6688,0
HIJPII;2019,0;4,0;Unidade Urgência/Emergência;6688,0
HIJPII;2019,0;4,0;Unidade Urgência-Emergência;6688,0
HIJPII;2019,0;4,0;UUE/HRB/CHB;6688,0
HIJPII;2019,0;5,0;Pronto Atendimento;5912,0
HIJPII;2019,0;5,0;UDC - Unidade de Decisão Clínica;5912,0
HIJPII;2019,0;5,0;Unidade de Decisão Clínica;5912,0
HIJPII;2019,0;5,0;Unidade de Urgência - Maternidade;5912,0
HIJPII;2019,0;5,0;Unidade Urgência Emergência Ginecológica-Obstetrícia;5912,0
HIJPII;2019,0;5,0;Unidade Urgência/Emergência;5912,0
HIJPII;2019,0;5,0;Unidade Urgência-Emergência;5912,0
HIJPII;2019,0;5,0;UUE/HRB/CHB;5912,0
HIJPII;2019,0;6,0;Pronto Atendimento;4687,0
HIJPII;2019,0;6,0;UDC - Unidade de Decisão Clínica;4687,0
HIJPII;2019,0;6,0;Unidade de Decisão Clínica;4687,0
HIJPII;2019,0;6,0;Unidade de Urgência - Maternidade;4687,0
HIJPII;2019,0;6,0;Unidade Urgência Emergência Ginecológica-Obstetrícia;4687,0
HIJPII;2019,0;6,0;Unidade Urgência/Emergência;4687,0
HIJPII;2019,0;6,0;Unidade Urgência-Emergência;4687,0
HIJPII;2019,0;6,0;UUE/HRB/CHB;4687,0
HIJPII;2019,0;7,0;Pronto Atendimento;3766,0
HIJPII;2019,0;7,0;UDC - Unidade de Decisão Clínica;3766,0
HIJPII;2019,0;7,0;Unidade de Decisão Clínica;3766,0
HIJPII;2019,0;7,0;Unidade de Urgência - Maternidade;3766,0
HIJPII;2019,0;7,0;Unidade Urgência Emergência Ginecológica-Obstetrícia;3766,0
HIJPII;2019,0;7,0;Unidade Urgência/Emergência;3766,0
HIJPII;2019,0;7,0;Unidade Urgência-Emergência;3766,0
HIJPII;2019,0;7,0;UUE/HRB/CHB;3766,0
HIJPII;2019,0;8,0;Pronto Atendimento;3345,0
HIJPII;2019,0;8,0;UDC - Unidade de Decisão Clínica;3345,0
HIJPII;2019,0;8,0;Unidade de Decisão Clínica;3345,0
HIJPII;2019,0;8,0;Unidade de Urgência - Maternidade;3345,0
HIJPII;2019,0;8,0;Unidade Urgência Emergência Ginecológica-Obstetrícia;3345,0
HIJPII;2019,0;8,0;Unidade Urgência/Emergência;3345,0
HIJPII;2019,0;8,0;Unidade Urgência-Emergência;3345,0
HIJPII;2019,0;8,0;UUE/HRB/CHB;3345,0
HIJPII;2019,0;9,0;Pronto Atendimento;3759,0
HIJPII;2019,0;9,0;UDC - Unidade de Decisão Clínica;3759,0
HIJPII;2019,0;9,0;Unidade de Decisão Clínica;3759,0
HIJPII;2019,0;9,0;Unidade de Urgência - Maternidade;3759,0
HIJPII;2019,0;9,0;Unidade Urgência Emergência Ginecológica-Obstetrícia;3759,0
HIJPII;2019,0;9,0;Unidade Urgência/Emergência;3759,0
HIJPII;2019,0;9,0;Unidade Urgência-Emergência;3759,0
HIJPII;2019,0;9,0;UUE/HRB/CHB;3759,0
HIJPII;2019,0;10,0;Pronto Atendimento;4074,0
HIJPII;2019,0;10,0;UDC - Unidade de Decisão Clínica;4074,0
HIJPII;2019,0;10,0;Unidade de Decisão Clínica;4074,0
HIJPII;2019,0;10,0;Unidade de Urgência - Maternidade;4074,0
HIJPII;2019,0;10,0;Unidade Urgência Emergência Ginecológica-Obstetrícia;4074,0
HIJPII;2019,0;10,0;Unidade Urgência/Emergência;4074,0
HIJPII;2019,0;10,0;Unidade Urgência-Emergência;4074,0
HIJPII;2019,0;10,0;UUE/HRB/CHB;4074,0
HIJPII;2019,0;11,0;Pronto Atendimento;3656,0
HIJPII;2019,0;11,0;UDC - Unidade de Decisão Clínica;3656,0
HIJPII;2019,0;11,0;Unidade de Decisão Clínica;3656,0
HIJPII;2019,0;11,0;Unidade de Urgência - Maternidade;3656,0
HIJPII;2019,0;11,0;Unidade Urgência Emergência Ginecológica-Obstetrícia;3656,0
HIJPII;2019,0;11,0;Unidade Urgência/Emergência;3656,0
HIJPII;2019,0;11,0;Unidade Urgência-Emergência;3656,0
HIJPII;2019,0;11,0;UUE/HRB/CHB;3656,0
HIJPII;2019,0;12,0;Pronto Atendimento;3866,0
HIJPII;2019,0;12,0;UDC - Unidade de Decisão Clínica;3866,0
HIJPII;2019,0;12,0;Unidade de Decisão Clínica;3866,0
HIJPII;2019,0;12,0;Unidade de Urgência - Maternidade;3866,0
HIJPII;2019,0;12,0;Unidade Urgência Emergência Ginecológica-Obstetrícia;3866,0
HIJPII;2019,0;12,0;Unidade Urgência/Emergência;3866,0
HIJPII;2019,0;12,0;Unidade Urgência-Emergência;3866,0
HIJPII;2019,0;12,0;UUE/HRB/CHB;3866,0
HIJPII;2020,0;1,0;Pronto Atendimento;2669,0
HIJPII;2020,0;1,0;UDC - Unidade de Decisão Clínica;2669,0
HIJPII;2020,0;1,0;Unidade de Decisão Clínica;2669,0
HIJPII;2020,0;1,0;Unidade de Urgência - Maternidade;2669,0
HIJPII;2020,0;1,0;Unidade Urgência Emergência Ginecológica-Obstetrícia;2669,0
HIJPII;2020,0;1,0;Unidade Urgência/Emergência;2669,0
HIJPII;2020,0;1,0;Unidade Urgência-Emergência;2669,0
HIJPII;2020,0;1,0;UUE/HRB/CHB;2669,0
HIJPII;2020,0;2,0;Pronto Atendimento;2179,0
HIJPII;2020,0;2,0;UDC - Unidade de Decisão Clínica;2179,0
HIJPII;2020,0;2,0;Unidade de Decisão Clínica;2179,0
HIJPII;2020,0;2,0;Unidade de Urgência - Maternidade;2179,0
HIJPII;2020,0;2,0;Unidade Urgência Emergência Ginecológica-Obstetrícia;2179,0
HIJPII;2020,0;2,0;Unidade Urgência/Emergência;2179,0
HIJPII;2020,0;2,0;Unidade Urgência-Emergência;2179,0
HIJPII;2020,0;2,0;UUE/HRB/CHB;2179,0
HIJPII;2020,0;3,0;Pronto Atendimento;2828,0
HIJPII;2020,0;3,0;UDC - Unidade de Decisão Clínica;2828,0
HIJPII;2020,0;3,0;Unidade de Decisão Clínica;2828,0
HIJPII;2020,0;3,0;Unidade de Urgência - Maternidade;2828,0
HIJPII;2020,0;3,0;Unidade Urgência Emergência Ginecológica-Obstetrícia;2828,0
HIJPII;2020,0;3,0;Unidade Urgência/Emergência;2828,0
HIJPII;2020,0;3,0;Unidade Urgência-Emergência;2828,0
HIJPII;2020,0;3,0;UUE/HRB/CHB;2828,0
HIJPII;2020,0;4,0;Pronto Atendimento;1061,0
HIJPII;2020,0;4,0;UDC - Unidade de Decisão Clínica;1061,0
HIJPII;2020,0;4,0;Unidade de Decisão Clínica;1061,0
HIJPII;2020,0;4,0;Unidade de Urgência - Maternidade;1061,0
HIJPII;2020,0;4,0;Unidade Urgência Emergência Ginecológica-Obstetrícia;1061,0
HIJPII;2020,0;4,0;Unidade Urgência/Emergência;1061,0
HIJPII;2020,0;4,0;Unidade Urgência-Emergência;1061,0
HIJPII;2020,0;4,0;UUE/HRB/CHB;1061,0
HIJPII;2020,0;5,0;Pronto Atendimento;950,0
HIJPII;2020,0;5,0;UDC - Unidade de Decisão Clínica;950,0
HIJPII;2020,0;5,0;Unidade de Decisão Clínica;950,0
HIJPII;2020,0;5,0;Unidade de Urgência - Maternidade;950,0
HIJPII;2020,0;5,0;Unidade Urgência Emergência Ginecológica-Obstetrícia;950,0
HIJPII;2020,0;5,0;Unidade Urgência/Emergência;950,0
HIJPII;2020,0;5,0;Unidade Urgência-Emergência;950,0
HIJPII;2020,0;5,0;UUE/HRB/CHB;950,0
HIJPII;2020,0;6,0;Pronto Atendimento;1188,0
HIJPII;2020,0;6,0;UDC - Unidade de Decisão Clínica;1188,0
HIJPII;2020,0;6,0;Unidade de Decisão Clínica;1188,0
HIJPII;2020,0;6,0;Unidade de Urgência - Maternidade;1188,0
HIJPII;2020,0;6,0;Unidade Urgência Emergência Ginecológica-Obstetrícia;1188,0
HIJPII;2020,0;6,0;Unidade Urgência/Emergência;1188,0
HIJPII;2020,0;6,0;Unidade Urgência-Emergência;1188,0
HIJPII;2020,0;6,0;UUE/HRB/CHB;1188,0
HIJPII;2020,0;7,0;Pronto Atendimento;1307,0
HIJPII;2020,0;7,0;UDC - Unidade de Decisão Clínica;1307,0
HIJPII;2020,0;7,0;Unidade de Decisão Clínica;1307,0
HIJPII;2020,0;7,0;Unidade de Urgência - Maternidade;1307,0
HIJPII;2020,0;7,0;Unidade Urgência Emergência Ginecológica-Obstetrícia;1307,0
HIJPII;2020,0;7,0;Unidade Urgência/Emergência;1307,0
HIJPII;2020,0;7,0;Unidade Urgência-Emergência;1307,0
HIJPII;2020,0;7,0;UUE/HRB/CHB;1307,0
HIJPII;2020,0;8,0;Pronto Atendimento;1252,0
HIJPII;2020,0;8,0;UDC - Unidade de Decisão Clínica;1252,0
HIJPII;2020,0;8,0;Unidade de Decisão Clínica;1252,0
HIJPII;2020,0;8,0;Unidade de Urgência - Maternidade;1252,0
HIJPII;2020,0;8,0;Unidade Urgência Emergência Ginecológica-Obstetrícia;1252,0
HIJPII;2020,0;8,0;Unidade Urgência/Emergência;1252,0
HIJPII;2020,0;8,0;Unidade Urgência-Emergência;1252,0
HIJPII;2020,0;8,0;UUE/HRB/CHB;1252,0
HIJPII;2020,0;9,0;Pronto Atendimento;1380,0
HIJPII;2020,0;9,0;UDC - Unidade de Decisão Clínica;1380,0
HIJPII;2020,0;9,0;Unidade de Decisão Clínica;1380,0
HIJPII;2020,0;9,0;Unidade de Urgência - Maternidade;1380,0
HIJPII;2020,0;9,0;Unidade Urgência Emergência Ginecológica-Obstetrícia;1380,0
HIJPII;2020,0;9,0;Unidade Urgência/Emergência;1380,0
HIJPII;2020,0;9,0;Unidade Urgência-Emergência;1380,0
HIJPII;2020,0;9,0;UUE/HRB/CHB;1380,0
HIJPII;2020,0;10,0;Pronto Atendimento;1602,0
HIJPII;2020,0;10,0;UDC - Unidade de Decisão Clínica;1602,0
HIJPII;2020,0;10,0;Unidade de Decisão Clínica;1602,0
HIJPII;2020,0;10,0;Unidade de Urgência - Maternidade;1602,0
HIJPII;2020,0;10,0;Unidade Urgência Emergência Ginecológica-Obstetrícia;1602,0
HIJPII;2020,0;10,0;Unidade Urgência/Emergência;1602,0
HIJPII;2020,0;10,0;Unidade Urgência-Emergência;1602,0
HIJPII;2020,0;10,0;UUE/HRB/CHB;1602,0
HIJPII;2020,0;11,0;Pronto Atendimento;1801,0
HIJPII;2020,0;11,0;UDC - Unidade de Decisão Clínica;1801,0
HIJPII;2020,0;11,0;Unidade de Decisão Clínica;1801,0
HIJPII;2020,0;11,0;Unidade de Urgência - Maternidade;1801,0
HIJPII;2020,0;11,0;Unidade Urgência Emergência Ginecológica-Obstetrícia;1801,0
HIJPII;2020,0;11,0;Unidade Urgência/Emergência;1801,0
HIJPII;2020,0;11,0;Unidade Urgência-Emergência;1801,0
HIJPII;2020,0;11,0;UUE/HRB/CHB;1801,0
HIJPII;2020,0;12,0;Pronto Atendimento;1749,0
HIJPII;2020,0;12,0;UDC - Unidade de Decisão Clínica;1749,0
HIJPII;2020,0;12,0;Unidade de Decisão Clínica;1749,0
HIJPII;2020,0;12,0;Unidade de Urgência - Maternidade;1749,0
HIJPII;2020,0;12,0;Unidade Urgência Emergência Ginecológica-Obstetrícia;1749,0
HIJPII;2020,0;12,0;Unidade Urgência/Emergência;1749,0
HIJPII;2020,0;12,0;Unidade Urgência-Emergência;1749,0
HIJPII;2020,0;12,0;UUE/HRB/CHB;1749,0
HIJPII;2021,0;1,0;Pronto Atendimento;1962,0
HIJPII;2021,0;1,0;UDC - Unidade de Decisão Clínica;1962,0
HIJPII;2021,0;1,0;Unidade de Decisão Clínica;1962,0
HIJPII;2021,0;1,0;Unidade de Urgência - Maternidade;1962,0
HIJPII;2021,0;1,0;Unidade Urgência Emergência Ginecológica-Obstetrícia;1962,0
HIJPII;2021,0;1,0;Unidade Urgência/Emergência;1962,0
HIJPII;2021,0;1,0;Unidade Urgência-Emergência;1962,0
HIJPII;2021,0;1,0;UUE/HRB/CHB;1962,0
HIJPII;2021,0;2,0;Pronto Atendimento;1706,0
HIJPII;2021,0;2,0;UDC - Unidade de Decisão Clínica;1706,0
HIJPII;2021,0;2,0;Unidade de Decisão Clínica;1706,0
HIJPII;2021,0;2,0;Unidade de Urgência - Maternidade;1706,0
HIJPII;2021,0;2,0;Unidade Urgência Emergência Ginecológica-Obstetrícia;1706,0
HIJPII;2021,0;2,0;Unidade Urgência/Emergência;1706,0
HIJPII;2021,0;2,0;Unidade Urgência-Emergência;1706,0
HIJPII;2021,0;2,0;UUE/HRB/CHB;1706,0
HIJPII;2021,0;3,0;Pronto Atendimento;2519,0
HIJPII;2021,0;3,0;UDC - Unidade de Decisão Clínica;2519,0
HIJPII;2021,0;3,0;Unidade de Decisão Clínica;2519,0
HIJPII;2021,0;3,0;Unidade de Urgência - Maternidade;2519,0
HIJPII;2021,0;3,0;Unidade Urgência Emergência Ginecológica-Obstetrícia;2519,0
HIJPII;2021,0;3,0;Unidade Urgência/Emergência;2519,0
HIJPII;2021,0;3,0;Unidade Urgência-Emergência;2519,0
HIJPII;2021,0;3,0;UUE/HRB/CHB;2519,0
HIJPII;2021,0;4,0;Pronto Atendimento;2177,0
HIJPII;2021,0;4,0;UDC - Unidade de Decisão Clínica;2177,0
HIJPII;2021,0;4,0;Unidade de Decisão Clínica;2177,0
HIJPII;2021,0;4,0;Unidade de Urgência - Maternidade;2177,0
HIJPII;2021,0;4,0;Unidade Urgência Emergência Ginecológica-Obstetrícia;2177,0
HIJPII;2021,0;4,0;Unidade Urgência/Emergência;2177,0
HIJPII;2021,0;4,0;Unidade Urgência-Emergência;2177,0
HIJPII;2021,0;4,0;UUE/HRB/CHB;2177,0
HIJPII;2021,0;5,0;Pronto Atendimento;2434,0
HIJPII;2021,0;5,0;UDC - Unidade de Decisão Clínica;2434,0
HIJPII;2021,0;5,0;Unidade de Decisão Clínica;2434,0
HIJPII;2021,0;5,0;Unidade de Urgência - Maternidade;2434,0
HIJPII;2021,0;5,0;Unidade Urgência Emergência Ginecológica-Obstetrícia;2434,0
HIJPII;2021,0;5,0;Unidade Urgência/Emergência;2434,0
HIJPII;2021,0;5,0;Unidade Urgência-Emergência;2434,0
HIJPII;2021,0;5,0;UUE/HRB/CHB;2434,0
HIJPII;2021,0;6,0;Pronto Atendimento;2243,0
HIJPII;2021,0;6,0;UDC - Unidade de Decisão Clínica;2243,0
HIJPII;2021,0;6,0;Unidade de Decisão Clínica;2243,0
HIJPII;2021,0;6,0;Unidade de Urgência - Maternidade;2243,0
HIJPII;2021,0;6,0;Unidade Urgência Emergência Ginecológica-Obstetrícia;2243,0
HIJPII;2021,0;6,0;Unidade Urgência/Emergência;2243,0
HIJPII;2021,0;6,0;Unidade Urgência-Emergência;2243,0
HIJPII;2021,0;6,0;UUE/HRB/CHB;2243,0
HIJPII;2021,0;7,0;Pronto Atendimento;2421,0
HIJPII;2021,0;7,0;UDC - Unidade de Decisão Clínica;2421,0
HIJPII;2021,0;7,0;Unidade de Decisão Clínica;2421,0
HIJPII;2021,0;7,0;Unidade de Urgência - Maternidade;2421,0
HIJPII;2021,0;7,0;Unidade Urgência Emergência Ginecológica-Obstetrícia;2421,0
HIJPII;2021,0;7,0;Unidade Urgência/Emergência;2421,0
HIJPII;2021,0;7,0;Unidade Urgência-Emergência;2421,0
HIJPII;2021,0;7,0;UUE/HRB/CHB;2421,0
HIJPII;2021,0;8,0;Pronto Atendimento;2649,0
HIJPII;2021,0;8,0;UDC - Unidade de Decisão Clínica;2649,0
HIJPII;2021,0;8,0;Unidade de Decisão Clínica;2649,0
HIJPII;2021,0;8,0;Unidade de Urgência - Maternidade;2649,0
HIJPII;2021,0;8,0;Unidade Urgência Emergência Ginecológica-Obstetrícia;2649,0
HIJPII;2021,0;8,0;Unidade Urgência/Emergência;2649,0
HIJPII;2021,0;8,0;Unidade Urgência-Emergência;2649,0
HIJPII;2021,0;8,0;UUE/HRB/CHB;2649,0
HIJPII;2021,0;9,0;Pronto Atendimento;3196,0
HIJPII;2021,0;9,0;UDC - Unidade de Decisão Clínica;3196,0
HIJPII;2021,0;9,0;Unidade de Decisão Clínica;3196,0
HIJPII;2021,0;9,0;Unidade de Urgência - Maternidade;3196,0
HIJPII;2021,0;9,0;Unidade Urgência Emergência Ginecológica-Obstetrícia;3196,0
HIJPII;2021,0;9,0;Unidade Urgência/Emergência;3196,0
HIJPII;2021,0;9,0;Unidade Urgência-Emergência;3196,0
HIJPII;2021,0;9,0;UUE/HRB/CHB;3196,0
HIJPII;2021,0;10,0;Pronto Atendimento;3706,0
HIJPII;2021,0;10,0;UDC - Unidade de Decisão Clínica;3706,0
HIJPII;2021,0;10,0;Unidade de Decisão Clínica;3706,0
HIJPII;2021,0;10,0;Unidade de Urgência - Maternidade;3706,0
HIJPII;2021,0;10,0;Unidade Urgência Emergência Ginecológica-Obstetrícia;3706,0
HIJPII;2021,0;10,0;Unidade Urgência/Emergência;3706,0
HIJPII;2021,0;10,0;Unidade Urgência-Emergência;3706,0
HIJPII;2021,0;10,0;UUE/HRB/CHB;3706,0
HIJPII;2021,0;11,0;Pronto Atendimento;4610,0
HIJPII;2021,0;11,0;UDC - Unidade de Decisão Clínica;4610,0
HIJPII;2021,0;11,0;Unidade de Decisão Clínica;4610,0
HIJPII;2021,0;11,0;Unidade de Urgência - Maternidade;4610,0
HIJPII;2021,0;11,0;Unidade Urgência Emergência Ginecológica-Obstetrícia;4610,0
HIJPII;2021,0;11,0;Unidade Urgência/Emergência;4610,0
HIJPII;2021,0;11,0;Unidade Urgência-Emergência;4610,0
HIJPII;2021,0;11,0;UUE/HRB/CHB;4610,0
HIJPII;2021,0;12,0;Pronto Atendimento;5304,0
HIJPII;2021,0;12,0;UDC - Unidade de Decisão Clínica;5304,0
HIJPII;2021,0;12,0;Unidade de Decisão Clínica;5304,0
HIJPII;2021,0;12,0;Unidade de Urgência - Maternidade;5304,0
HIJPII;2021,0;12,0;Unidade Urgência Emergência Ginecológica-Obstetrícia;5304,0
HIJPII;2021,0;12,0;Unidade Urgência/Emergência;5304,0
HIJPII;2021,0;12,0;Unidade Urgência-Emergência;5304,0
HIJPII;2021,0;12,0;UUE/HRB/CHB;5304,0
HIJPII;2022,0;1,0;Pronto Atendimento;3613,0
HIJPII;2022,0;1,0;UDC - Unidade de Decisão Clínica;3613,0
HIJPII;2022,0;1,0;Unidade de Decisão Clínica;3613,0
HIJPII;2022,0;1,0;Unidade de Urgência - Maternidade;3613,0
HIJPII;2022,0;1,0;Unidade Urgência Emergência Ginecológica-Obstetrícia;3613,0
HIJPII;2022,0;1,0;Unidade Urgência/Emergência;3613,0
HIJPII;2022,0;1,0;Unidade Urgência-Emergência;3613,0
HIJPII;2022,0;1,0;UUE/HRB/CHB;3613,0
HIJPII;2022,0;2,0;Pronto Atendimento;2346,0
HIJPII;2022,0;2,0;UDC - Unidade de Decisão Clínica;2346,0
HIJPII;2022,0;2,0;Unidade de Decisão Clínica;2346,0
HIJPII;2022,0;2,0;Unidade de Urgência - Maternidade;2346,0
HIJPII;2022,0;2,0;Unidade Urgência Emergência Ginecológica-Obstetrícia;2346,0
HIJPII;2022,0;2,0;Unidade Urgência/Emergência;2346,0
HIJPII;2022,0;2,0;Unidade Urgência-Emergência;2346,0
HIJPII;2022,0;2,0;UUE/HRB/CHB;2346,0
HIJPII;2022,0;3,0;Pronto Atendimento;3885,0
HIJPII;2022,0;3,0;UDC - Unidade de Decisão Clínica;3885,0
HIJPII;2022,0;3,0;Unidade de Decisão Clínica;3885,0
HIJPII;2022,0;3,0;Unidade de Urgência - Maternidade;3885,0
HIJPII;2022,0;3,0;Unidade Urgência Emergência Ginecológica-Obstetrícia;3885,0
HIJPII;2022,0;3,0;Unidade Urgência/Emergência;3885,0
HIJPII;2022,0;3,0;Unidade Urgência-Emergência;3885,0
HIJPII;2022,0;3,0;UUE/HRB/CHB;3885,0
HIJPII;2022,0;4,0;Pronto Atendimento;3344,0
HIJPII;2022,0;4,0;UDC - Unidade de Decisão Clínica;3344,0
HIJPII;2022,0;4,0;Unidade de Decisão Clínica;3344,0
HIJPII;2022,0;4,0;Unidade de Urgência - Maternidade;3344,0
HIJPII;2022,0;4,0;Unidade Urgência Emergência Ginecológica-Obstetrícia;3344,0
HIJPII;2022,0;4,0;Unidade Urgência/Emergência;3344,0
HIJPII;2022,0;4,0;Unidade Urgência-Emergência;3344,0
HIJPII;2022,0;4,0;UUE/HRB/CHB;3344,0
HIJPII;2022,0;5,0;Pronto Atendimento;3782,0
HIJPII;2022,0;5,0;UDC - Unidade de Decisão Clínica;3782,0
HIJPII;2022,0;5,0;Unidade de Decisão Clínica;3782,0
HIJPII;2022,0;5,0;Unidade de Urgência - Maternidade;3782,0
HIJPII;2022,0;5,0;Unidade Urgência Emergência Ginecológica-Obstetrícia;3782,0
HIJPII;2022,0;5,0;Unidade Urgência/Emergência;3782,0
HIJPII;2022,0;5,0;Unidade Urgência-Emergência;3782,0
HIJPII;2022,0;5,0;UUE/HRB/CHB;3782,0
HIJPII;2022,0;6,0;Pronto Atendimento;3448,0
HIJPII;2022,0;6,0;UDC - Unidade de Decisão Clínica;3448,0
HIJPII;2022,0;6,0;Unidade de Decisão Clínica;3448,0
HIJPII;2022,0;6,0;Unidade de Urgência - Maternidade;3448,0
HIJPII;2022,0;6,0;Unidade Urgência Emergência Ginecológica-Obstetrícia;3448,0
HIJPII;2022,0;6,0;Unidade Urgência/Emergência;3448,0
HIJPII;2022,0;6,0;Unidade Urgência-Emergência;3448,0
HIJPII;2022,0;6,0;UUE/HRB/CHB;3448,0
HIJPII;2022,0;7,0;Pronto Atendimento;2839,0
HIJPII;2022,0;7,0;UDC - Unidade de Decisão Clínica;2839,0
HIJPII;2022,0;7,0;Unidade de Decisão Clínica;2839,0
HIJPII;2022,0;7,0;Unidade de Urgência - Maternidade;2839,0
HIJPII;2022,0;7,0;Unidade Urgência Emergência Ginecológica-Obstetrícia;2839,0
HIJPII;2022,0;7,0;Unidade Urgência/Emergência;2839,0
HIJPII;2022,0;7,0;Unidade Urgência-Emergência;2839,0
HIJPII;2022,0;7,0;UUE/HRB/CHB;2839,0
HIJPII;2022,0;8,0;Pronto Atendimento;2757,0
HIJPII;2022,0;8,0;UDC - Unidade de Decisão Clínica;2757,0
HIJPII;2022,0;8,0;Unidade de Decisão Clínica;2757,0
HIJPII;2022,0;8,0;Unidade de Urgência - Maternidade;2757,0
HIJPII;2022,0;8,0;Unidade Urgência Emergência Ginecológica-Obstetrícia;2757,0
HIJPII;2022,0;8,0;Unidade Urgência/Emergência;2757,0
HIJPII;2022,0;8,0;Unidade Urgência-Emergência;2757,0
HIJPII;2022,0;8,0;UUE/HRB/CHB;2757,0
HIJPII;2022,0;9,0;Pronto Atendimento;3340,0
HIJPII;2022,0;9,0;UDC - Unidade de Decisão Clínica;3340,0
HIJPII;2022,0;9,0;Unidade de Decisão Clínica;3340,0
HIJPII;2022,0;9,0;Unidade de Urgência - Maternidade;3340,0
HIJPII;2022,0;9,0;Unidade Urgência Emergência Ginecológica-Obstetrícia;3340,0
HIJPII;2022,0;9,0;Unidade Urgência/Emergência;3340,0
HIJPII;2022,0;9,0;Unidade Urgência-Emergência;3340,0
HIJPII;2022,0;9,0;UUE/HRB/CHB;3340,0
HIJPII;2022,0;10,0;Pronto Atendimento;4682,0
HIJPII;2022,0;10,0;UDC - Unidade de Decisão Clínica;4682,0
HIJPII;2022,0;10,0;Unidade de Decisão Clínica;4682,0
HIJPII;2022,0;10,0;Unidade de Urgência - Maternidade;4682,0
HIJPII;2022,0;10,0;Unidade Urgência Emergência Ginecológica-Obstetrícia;4682,0
HIJPII;2022,0;10,0;Unidade Urgência/Emergência;4682,0
HIJPII;2022,0;10,0;Unidade Urgência-Emergência;4682,0
HIJPII;2022,0;10,0;UUE/HRB/CHB;4682,0
HIJPII;2022,0;11,0;Pronto Atendimento;4189,0
HIJPII;2022,0;11,0;UDC - Unidade de Decisão Clínica;4189,0
HIJPII;2022,0;11,0;Unidade de Decisão Clínica;4189,0
HIJPII;2022,0;11,0;Unidade de Urgência - Maternidade;4189,0
HIJPII;2022,0;11,0;Unidade Urgência Emergência Ginecológica-Obstetrícia;4189,0
HIJPII;2022,0;11,0;Unidade Urgência/Emergência;4189,0
HIJPII;2022,0;11,0;Unidade Urgência-Emergência;4189,0
HIJPII;2022,0;11,0;UUE/HRB/CHB;4189,0
HIJPII;2022,0;12,0;Pronto Atendimento;3178,0
HIJPII;2022,0;12,0;UDC - Unidade de Decisão Clínica;3178,0
HIJPII;2022,0;12,0;Unidade de Decisão Clínica;3178,0
HIJPII;2022,0;12,0;Unidade de Urgência - Maternidade;3178,0
HIJPII;2022,0;12,0;Unidade Urgência Emergência Ginecológica-Obstetrícia;3178,0
HIJPII;2022,0;12,0;Unidade Urgência/Emergência;3178,0
HIJPII;2022,0;12,0;Unidade Urgência-Emergência;3178,0
HIJPII;2022,0;12,0;UUE/HRB/CHB;3178,0
HIJPII;2023,0;1,0;Pronto Atendimento;2328,0
HIJPII;2023,0;1,0;UDC - Unidade de Decisão Clínica;2328,0
HIJPII;2023,0;1,0;Unidade de Decisão Clínica;2328,0
HIJPII;2023,0;1,0;Unidade de Urgência - Maternidade;2328,0
HIJPII;2023,0;1,0;Unidade Urgência Emergência Ginecológica-Obstetrícia;2328,0
HIJPII;2023,0;1,0;Unidade Urgência/Emergência;2328,0
HIJPII;2023,0;1,0;Unidade Urgência-Emergência;2328,0
HIJPII;2023,0;1,0;UUE/HRB/CHB;2328,0
HIJPII;2023,0;2,0;Pronto Atendimento;3183,0
HIJPII;2023,0;2,0;UDC - Unidade de Decisão Clínica;3183,0
HIJPII;2023,0;2,0;Unidade de Decisão Clínica;3183,0
HIJPII;2023,0;2,0;Unidade de Urgência - Maternidade;3183,0
HIJPII;2023,0;2,0;Unidade Urgência Emergência Ginecológica-Obstetrícia;3183,0
HIJPII;2023,0;2,0;Unidade Urgência/Emergência;3183,0
HIJPII;2023,0;2,0;Unidade Urgência-Emergência;3183,0
HIJPII;2023,0;2,0;UUE/HRB/CHB;3183,0
HIJPII;2023,0;3,0;Pronto Atendimento;4976,0
HIJPII;2023,0;3,0;UDC - Unidade de Decisão Clínica;4976,0
HIJPII;2023,0;3,0;Unidade de Decisão Clínica;4976,0
HIJPII;2023,0;3,0;Unidade de Urgência - Maternidade;4976,0
HIJPII;2023,0;3,0;Unidade Urgência Emergência Ginecológica-Obstetrícia;4976,0
HIJPII;2023,0;3,0;Unidade Urgência/Emergência;4976,0
HIJPII;2023,0;3,0;Unidade Urgência-Emergência;4976,0
HIJPII;2023,0;3,0;UUE/HRB/CHB;4976,0
HIJPII;2023,0;4,0;Pronto Atendimento;4092,0
HIJPII;2023,0;4,0;UDC - Unidade de Decisão Clínica;4092,0
HIJPII;2023,0;4,0;Unidade de Decisão Clínica;4092,0
HIJPII;2023,0;4,0;Unidade de Urgência - Maternidade;4092,0
HIJPII;2023,0;4,0;Unidade Urgência Emergência Ginecológica-Obstetrícia;4092,0
HIJPII;2023,0;4,0;Unidade Urgência/Emergência;4092,0
HIJPII;2023,0;4,0;Unidade Urgência-Emergência;4092,0
HIJPII;2023,0;4,0;UUE/HRB/CHB;4092,0
HIJPII;2023,0;5,0;Pronto Atendimento;4272,0
HIJPII;2023,0;5,0;UDC - Unidade de Decisão Clínica;4272,0
HIJPII;2023,0;5,0;Unidade de Decisão Clínica;4272,0
HIJPII;2023,0;5,0;Unidade de Urgência - Maternidade;4272,0
HIJPII;2023,0;5,0;Unidade Urgência Emergência Ginecológica-Obstetrícia;4272,0
HIJPII;2023,0;5,0;Unidade Urgência/Emergência;4272,0
HIJPII;2023,0;5,0;Unidade Urgência-Emergência;4272,0
HIJPII;2023,0;5,0;UUE/HRB/CHB;4272,0
HIJPII;2023,0;6,0;Pronto Atendimento;3850,0
HIJPII;2023,0;6,0;UDC - Unidade de Decisão Clínica;3850,0
HIJPII;2023,0;6,0;Unidade de Decisão Clínica;3850,0
HIJPII;2023,0;6,0;Unidade de Urgência - Maternidade;3850,0
HIJPII;2023,0;6,0;Unidade Urgência Emergência Ginecológica-Obstetrícia;3850,0
HIJPII;2023,0;6,0;Unidade Urgência/Emergência;3850,0
HIJPII;2023,0;6,0;Unidade Urgência-Emergência;3850,0
HIJPII;2023,0;6,0;UUE/HRB/CHB;3850,0
HIJPII;2023,0;7,0;Pronto Atendimento;3458,0
HIJPII;2023,0;7,0;UDC - Unidade de Decisão Clínica;3458,0
HIJPII;2023,0;7,0;Unidade de Decisão Clínica;3458,0
HIJPII;2023,0;7,0;Unidade de Urgência - Maternidade;3458,0
HIJPII;2023,0;7,0;Unidade Urgência Emergência Ginecológica-Obstetrícia;3458,0
HIJPII;2023,0;7,0;Unidade Urgência/Emergência;3458,0
HIJPII;2023,0;7,0;Unidade Urgência-Emergência;3458,0
HIJPII;2023,0;7,0;UUE/HRB/CHB;3458,0
HIJPII;2023,0;8,0;Pronto Atendimento;2963,0
HIJPII;2023,0;8,0;UDC - Unidade de Decisão Clínica;2963,0
HIJPII;2023,0;8,0;Unidade de Decisão Clínica;2963,0
HIJPII;2023,0;8,0;Unidade de Urgência - Maternidade;2963,0
HIJPII;2023,0;8,0;Unidade Urgência Emergência Ginecológica-Obstetrícia;2963,0
HIJPII;2023,0;8,0;Unidade Urgência/Emergência;2963,0
HIJPII;2023,0;8,0;Unidade Urgência-Emergência;2963,0
HIJPII;2023,0;8,0;UUE/HRB/CHB;2963,0
HIJPII;2023,0;9,0;Pronto Atendimento;3199,0
HIJPII;2023,0;9,0;UDC - Unidade de Decisão Clínica;3199,0
HIJPII;2023,0;9,0;Unidade de Decisão Clínica;3199,0
HIJPII;2023,0;9,0;Unidade de Urgência - Maternidade;3199,0
HIJPII;2023,0;9,0;Unidade Urgência Emergência Ginecológica-Obstetrícia;3199,0
HIJPII;2023,0;9,0;Unidade Urgência/Emergência;3199,0
HIJPII;2023,0;9,0;Unidade Urgência-Emergência;3199,0
HIJPII;2023,0;9,0;UUE/HRB/CHB;3199,0
HIJPII;2023,0;10,0;Pronto Atendimento;3248,0
HIJPII;2023,0;10,0;UDC - Unidade de Decisão Clínica;3248,0
HIJPII;2023,0;10,0;Unidade de Decisão Clínica;3248,0
HIJPII;2023,0;10,0;Unidade de Urgência - Maternidade;3248,0
HIJPII;2023,0;10,0;Unidade Urgência Emergência Ginecológica-Obstetrícia;3248,0
HIJPII;2023,0;10,0;Unidade Urgência/Emergência;3248,0
HIJPII;2023,0;10,0;Unidade Urgência-Emergência;3248,0
HIJPII;2023,0;10,0;UUE/HRB/CHB;3248,0
HIJPII;2023,0;11,0;Pronto Atendimento;3247,0
HIJPII;2023,0;11,0;UDC - Unidade de Decisão Clínica;3247,0
HIJPII;2023,0;11,0;Unidade de Decisão Clínica;3247,0
HIJPII;2023,0;11,0;Unidade de Urgência - Maternidade;3247,0
HIJPII;2023,0;11,0;Unidade Urgência Emergência Ginecológica-Obstetrícia;3247,0
HIJPII;2023,0;11,0;Unidade Urgência/Emergência;3247,0
HIJPII;2023,0;11,0;Unidade Urgência-Emergência;3247,0
HIJPII;2023,0;11,0;UUE/HRB/CHB;3247,0
HIJPII;2023,0;12,0;Pronto Atendimento;2512,0
HIJPII;2023,0;12,0;UDC - Unidade de Decisão Clínica;2512,0
HIJPII;2023,0;12,0;Unidade de Decisão Clínica;2512,0
HIJPII;2023,0;12,0;Unidade de Urgência - Maternidade;2512,0
HIJPII;2023,0;12,0;Unidade Urgência Emergência Ginecológica-Obstetrícia;2512,0
HIJPII;2023,0;12,0;Unidade Urgência/Emergência;2512,0
HIJPII;2023,0;12,0;Unidade Urgência-Emergência;2512,0
HIJPII;2023,0;12,0;UUE/HRB/CHB;2512,0
HIJPII;2024,0;1,0;Pronto Atendimento;2463,0
HIJPII;2024,0;1,0;UDC - Unidade de Decisão Clínica;2463,0
HIJPII;2024,0;1,0;Unidade de Decisão Clínica;2463,0
HIJPII;2024,0;1,0;Unidade de Urgência - Maternidade;2463,0
HIJPII;2024,0;1,0;Unidade Urgência Emergência Ginecológica-Obstetrícia;2463,0
HIJPII;2024,0;1,0;Unidade Urgência/Emergência;2463,0
HIJPII;2024,0;1,0;Unidade Urgência-Emergência;2463,0
HIJPII;2024,0;1,0;UUE/HRB/CHB;2463,0
HIJPII;2024,0;2,0;Pronto Atendimento;3612,0
HIJPII;2024,0;2,0;UDC - Unidade de Decisão Clínica;3612,0
HIJPII;2024,0;2,0;Unidade de Decisão Clínica;3612,0
HIJPII;2024,0;2,0;Unidade de Urgência - Maternidade;3612,0
HIJPII;2024,0;2,0;Unidade Urgência Emergência Ginecológica-Obstetrícia;3612,0
HIJPII;2024,0;2,0;Unidade Urgência/Emergência;3612,0
HIJPII;2024,0;2,0;Unidade Urgência-Emergência;3612,0
HIJPII;2024,0;2,0;UUE/HRB/CHB;3612,0
HIJPII;2024,0;3,0;Pronto Atendimento;5599,0
HIJPII;2024,0;3,0;UDC - Unidade de Decisão Clínica;5599,0
HIJPII;2024,0;3,0;Unidade de Decisão Clínica;5599,0
HIJPII;2024,0;3,0;Unidade de Urgência - Maternidade;5599,0
HIJPII;2024,0;3,0;Unidade Urgência Emergência Ginecológica-Obstetrícia;5599,0
HIJPII;2024,0;3,0;Unidade Urgência/Emergência;5599,0
HIJPII;2024,0;3,0;Unidade Urgência-Emergência;5599,0
HIJPII;2024,0;3,0;UUE/HRB/CHB;5599,0
HIJPII;2024,0;4,0;Pronto Atendimento;4982,0
HIJPII;2024,0;4,0;UDC - Unidade de Decisão Clínica;4982,0
HIJPII;2024,0;4,0;Unidade de Decisão Clínica;4982,0
HIJPII;2024,0;4,0;Unidade de Urgência - Maternidade;4982,0
HIJPII;2024,0;4,0;Unidade Urgência Emergência Ginecológica-Obstetrícia;4982,0
HIJPII;2024,0;4,0;Unidade Urgência/Emergência;4982,0
HIJPII;2024,0;4,0;Unidade Urgência-Emergência;4982,0
HIJPII;2024,0;4,0;UUE/HRB/CHB;4982,0
HIJPII;2024,0;5,0;Pronto Atendimento;4373,0
HIJPII;2024,0;5,0;UDC - Unidade de Decisão Clínica;4373,0
HIJPII;2024,0;5,0;Unidade de Decisão Clínica;4373,0
HIJPII;2024,0;5,0;Unidade de Urgência - Maternidade;4373,0
HIJPII;2024,0;5,0;Unidade Urgência Emergência Ginecológica-Obstetrícia;4373,0
HIJPII;2024,0;5,0;Unidade Urgência/Emergência;4373,0
HIJPII;2024,0;5,0;Unidade Urgência-Emergência;4373,0
HIJPII;2024,0;5,0;UUE/HRB/CHB;4373,0
HIJPII;2024,0;6,0;Pronto Atendimento;3479,0
HIJPII;2024,0;6,0;UDC - Unidade de Decisão Clínica;3479,0
HIJPII;2024,0;6,0;Unidade de Decisão Clínica;3479,0
HIJPII;2024,0;6,0;Unidade de Urgência - Maternidade;3479,0
HIJPII;2024,0;6,0;Unidade Urgência Emergência Ginecológica-Obstetrícia;3479,0
HIJPII;2024,0;6,0;Unidade Urgência/Emergência;3479,0
HIJPII;2024,0;6,0;Unidade Urgência-Emergência;3479,0
HIJPII;2024,0;6,0;UUE/HRB/CHB;3479,0
HIJPII;2024,0;7,0;Pronto Atendimento;3163,0
HIJPII;2024,0;7,0;UDC - Unidade de Decisão Clínica;3163,0
HIJPII;2024,0;7,0;Unidade de Decisão Clínica;3163,0
HIJPII;2024,0;7,0;Unidade de Urgência - Maternidade;3163,0
HIJPII;2024,0;7,0;Unidade Urgência Emergência Ginecológica-Obstetrícia;3163,0
HIJPII;2024,0;7,0;Unidade Urgência/Emergência;3163,0
HIJPII;2024,0;7,0;Unidade Urgência-Emergência;3163,0
HIJPII;2024,0;7,0;UUE/HRB/CHB;3163,0
HIJPII;2024,0;8,0;Pronto Atendimento;2939,0
HIJPII;2024,0;8,0;UDC - Unidade de Decisão Clínica;2939,0
HIJPII;2024,0;8,0;Unidade de Decisão Clínica;2939,0
HIJPII;2024,0;8,0;Unidade de Urgência - Maternidade;2939,0
HIJPII;2024,0;8,0;Unidade Urgência Emergência Ginecológica-Obstetrícia;2939,0
HIJPII;2024,0;8,0;Unidade Urgência/Emergência;2939,0
HIJPII;2024,0;8,0;Unidade Urgência-Emergência;2939,0
HIJPII;2024,0;8,0;UUE/HRB/CHB;2939,0
HIJPII;2024,0;9,0;Pronto Atendimento;3570,0
HIJPII;2024,0;9,0;UDC - Unidade de Decisão Clínica;3570,0
HIJPII;2024,0;9,0;Unidade de Decisão Clínica;3570,0
HIJPII;2024,0;9,0;Unidade de Urgência - Maternidade;3570,0
HIJPII;2024,0;9,0;Unidade Urgência Emergência Ginecológica-Obstetrícia;3570,0
HIJPII;2024,0;9,0;Unidade Urgência/Emergência;3570,0
HIJPII;2024,0;9,0;Unidade Urgência-Emergência;3570,0
HIJPII;2024,0;9,0;UUE/HRB/CHB;3570,0
HIJPII;2024,0;10,0;Pronto Atendimento;3111,0
HIJPII;2024,0;10,0;UDC - Unidade de Decisão Clínica;3111,0
HIJPII;2024,0;10,0;Unidade de Decisão Clínica;3111,0
HIJPII;2024,0;10,0;Unidade de Urgência - Maternidade;3111,0
HIJPII;2024,0;10,0;Unidade Urgência Emergência Ginecológica-Obstetrícia;3111,0
HIJPII;2024,0;10,0;Unidade Urgência/Emergência;3111,0
HIJPII;2024,0;10,0;Unidade Urgência-Emergência;3111,0
HIJPII;2024,0;10,0;UUE/HRB/CHB;3111,0
HIJPII;2024,0;11,0;Pronto Atendimento;2988,0
HIJPII;2024,0;11,0;UDC - Unidade de Decisão Clínica;2988,0
HIJPII;2024,0;11,0;Unidade de Decisão Clínica;2988,0
HIJPII;2024,0;11,0;Unidade de Urgência - Maternidade;2988,0
HIJPII;2024,0;11,0;Unidade Urgência Emergência Ginecológica-Obstetrícia;2988,0
HIJPII;2024,0;11,0;Unidade Urgência/Emergência;2988,0
HIJPII;2024,0;11,0;Unidade Urgência-Emergência;2988,0
HIJPII;2024,0;11,0;UUE/HRB/CHB;2988,0
HIJPII;2024,0;12,0;Pronto Atendimento;2572,0
HIJPII;2024,0;12,0;UDC - Unidade de Decisão Clínica;2572,0
HIJPII;2024,0;12,0;Unidade de Decisão Clínica;2572,0
HIJPII;2024,0;12,0;Unidade de Urgência - Maternidade;2572,0
HIJPII;2024,0;12,0;Unidade Urgência Emergência Ginecológica-Obstetrícia;2572,0
HIJPII;2024,0;12,0;Unidade Urgência/Emergência;2572,0
HIJPII;2024,0;12,0;Unidade Urgência-Emergência;2572,0
HIJPII;2024,0;12,0;UUE/HRB/CHB;2572,0
HIJPII;2025,0;1,0;Pronto Atendimento;2231,0
HIJPII;2025,0;1,0;UDC - Unidade de Decisão Clínica;2231,0
HIJPII;2025,0;1,0;Unidade de Decisão Clínica;2231,0
HIJPII;2025,0;1,0;Unidade de Urgência - Maternidade;2231,0
HIJPII;2025,0;1,0;Unidade Urgência Emergência Ginecológica-Obstetrícia;2231,0
HIJPII;2025,0;1,0;Unidade Urgência/Emergência;2231,0
HIJPII;2025,0;1,0;Unidade Urgência-Emergência;2231,0
HIJPII;2025,0;1,0;UUE/HRB/CHB;2231,0
HIJPII;2025,0;2,0;Pronto Atendimento;2418,0
HIJPII;2025,0;2,0;UDC - Unidade de Decisão Clínica;2418,0
HIJPII;2025,0;2,0;Unidade de Decisão Clínica;2418,0
HIJPII;2025,0;2,0;Unidade de Urgência - Maternidade;2418,0
HIJPII;2025,0;2,0;Unidade Urgência Emergência Ginecológica-Obstetrícia;2418,0
HIJPII;2025,0;2,0;Unidade Urgência/Emergência;2418,0
HIJPII;2025,0;2,0;Unidade Urgência-Emergência;2418,0
HIJPII;2025,0;2,0;UUE/HRB/CHB;2418,0
HIJPII;2025,0;3,0;Pronto Atendimento;3351,0
HIJPII;2025,0;3,0;UDC - Unidade de Decisão Clínica;3351,0
HIJPII;2025,0;3,0;Unidade de Decisão Clínica;3351,0
HIJPII;2025,0;3,0;Unidade de Urgência - Maternidade;3351,0
HIJPII;2025,0;3,0;Unidade Urgência Emergência Ginecológica-Obstetrícia;3351,0
HIJPII;2025,0;3,0;Unidade Urgência/Emergência;3351,0
HIJPII;2025,0;3,0;Unidade Urgência-Emergência;3351,0
HIJPII;2025,0;3,0;UUE/HRB/CHB;3351,0
HIJPII;2025,0;4,0;Pronto Atendimento;5084,0
HIJPII;2025,0;4,0;UDC - Unidade de Decisão Clínica;5084,0
HIJPII;2025,0;4,0;Unidade de Decisão Clínica;5084,0
HIJPII;2025,0;4,0;Unidade de Urgência - Maternidade;5084,0
HIJPII;2025,0;4,0;Unidade Urgência Emergência Ginecológica-Obstetrícia;5084,0
HIJPII;2025,0;4,0;Unidade Urgência/Emergência;5084,0
HIJPII;2025,0;4,0;Unidade Urgência-Emergência;5084,0
HIJPII;2025,0;4,0;UUE/HRB/CHB;5084,0
HIJPII;2025,0;5,0;Pronto Atendimento;4736,0
HIJPII;2025,0;5,0;UDC - Unidade de Decisão Clínica;4736,0
HIJPII;2025,0;5,0;Unidade de Decisão Clínica;4736,0
HIJPII;2025,0;5,0;Unidade de Urgência - Maternidade;4736,0
HIJPII;2025,0;5,0;Unidade Urgência Emergência Ginecológica-Obstetrícia;4736,0
HIJPII;2025,0;5,0;Unidade Urgência/Emergência;4736,0
HIJPII;2025,0;5,0;Unidade Urgência-Emergência;4736,0
HIJPII;2025,0;5,0;UUE/HRB/CHB;4736,0
HIJPII;2025,0;6,0;Pronto Atendimento;3142,0
HIJPII;2025,0;6,0;UDC - Unidade de Decisão Clínica;3142,0
HIJPII;2025,0;6,0;Unidade de Decisão Clínica;3142,0
HIJPII;2025,0;6,0;Unidade de Urgência - Maternidade;3142,0
HIJPII;2025,0;6,0;Unidade Urgência Emergência Ginecológica-Obstetrícia;3142,0
HIJPII;2025,0;6,0;Unidade Urgência/Emergência;3142,0
HIJPII;2025,0;6,0;Unidade Urgência-Emergência;3142,0
HIJPII;2025,0;6,0;UUE/HRB/CHB;3142,0
HIJPII;2025,0;7,0;Pronto Atendimento;2675,0
HIJPII;2025,0;7,0;UDC - Unidade de Decisão Clínica;2675,0
HIJPII;2025,0;7,0;Unidade de Decisão Clínica;2675,0
HIJPII;2025,0;7,0;Unidade de Urgência - Maternidade;2675,0
HIJPII;2025,0;7,0;Unidade Urgência Emergência Ginecológica-Obstetrícia;2675,0
HIJPII;2025,0;7,0;Unidade Urgência/Emergência;2675,0
HIJPII;2025,0;7,0;Unidade Urgência-Emergência;2675,0
HIJPII;2025,0;7,0;UUE/HRB/CHB;2675,0
HIJPII;2025,0;8,0;Pronto Atendimento;2513,0
HIJPII;2025,0;8,0;UDC - Unidade de Decisão Clínica;2513,0
HIJPII;2025,0;8,0;Unidade de Decisão Clínica;2513,0
HIJPII;2025,0;8,0;Unidade de Urgência - Maternidade;2513,0
HIJPII;2025,0;8,0;Unidade Urgência Emergência Ginecológica-Obstetrícia;2513,0
HIJPII;2025,0;8,0;Unidade Urgência/Emergência;2513,0
HIJPII;2025,0;8,0;Unidade Urgência-Emergência;2513,0
HIJPII;2025,0;8,0;UUE/HRB/CHB;2513,0
HIJPII;2025,0;9,0;Pronto Atendimento;3007,0
HIJPII;2025,0;9,0;UDC - Unidade de Decisão Clínica;3007,0
HIJPII;2025,0;9,0;Unidade de Decisão Clínica;3007,0
HIJPII;2025,0;9,0;Unidade de Urgência - Maternidade;3007,0
HIJPII;2025,0;9,0;Unidade Urgência Emergência Ginecológica-Obstetrícia;3007,0
HIJPII;2025,0;9,0;Unidade Urgência/Emergência;3007,0
HIJPII;2025,0;9,0;Unidade Urgência-Emergência;3007,0
HIJPII;2025,0;9,0;UUE/HRB/CHB;3007,0
HIJPII;2025,0;10,0;Pronto Atendimento;3109,0
HIJPII;2025,0;10,0;UDC - Unidade de Decisão Clínica;3109,0
HIJPII;2025,0;10,0;Unidade de Decisão Clínica;3109,0
HIJPII;2025,0;10,0;Unidade de Urgência - Maternidade;3109,0
HIJPII;2025,0;10,0;Unidade Urgência Emergência Ginecológica-Obstetrícia;3109,0
HIJPII;2025,0;10,0;Unidade Urgência/Emergência;3109,0
HIJPII;2025,0;10,0;Unidade Urgência-Emergência;3109,0
HIJPII;2025,0;10,0;UUE/HRB/CHB;3109,0
HIJPII;2025,0;11,0;Pronto Atendimento;3008,0
HIJPII;2025,0;11,0;UDC - Unidade de Decisão Clínica;3008,0
HIJPII;2025,0;11,0;Unidade de Decisão Clínica;3008,0
HIJPII;2025,0;11,0;Unidade de Urgência - Maternidade;3008,0
HIJPII;2025,0;11,0;Unidade Urgência Emergência Ginecológica-Obstetrícia;3008,0
HIJPII;2025,0;11,0;Unidade Urgência/Emergência;3008,0
HIJPII;2025,0;11,0;Unidade Urgência-Emergência;3008,0
HIJPII;2025,0;11,0;UUE/HRB/CHB;3008,0
HIJPII;2025,0;12,0;Pronto Atendimento;2714,0
HIJPII;2025,0;12,0;UDC - Unidade de Decisão Clínica;2714,0
HIJPII;2025,0;12,0;Unidade de Decisão Clínica;2714,0
HIJPII;2025,0;12,0;Unidade de Urgência - Maternidade;2714,0
HIJPII;2025,0;12,0;Unidade Urgência Emergência Ginecológica-Obstetrícia;2714,0
HIJPII;2025,0;12,0;Unidade Urgência/Emergência;2714,0
HIJPII;2025,0;12,0;Unidade Urgência-Emergência;2714,0
HIJPII;2025,0;12,0;UUE/HRB/CHB;2714,0
HIJPII;2026,0;1,0;Pronto Atendimento;1960,0
HIJPII;2026,0;1,0;UDC - Unidade de Decisão Clínica;1960,0
HIJPII;2026,0;1,0;Unidade de Decisão Clínica;1960,0
HIJPII;2026,0;1,0;Unidade de Urgência - Maternidade;1960,0
HIJPII;2026,0;1,0;Unidade Urgência Emergência Ginecológica-Obstetrícia;1960,0
HIJPII;2026,0;1,0;Unidade Urgência/Emergência;1960,0
HIJPII;2026,0;1,0;Unidade Urgência-Emergência;1960,0
HIJPII;2026,0;1,0;UUE/HRB/CHB;1960,0
HIJPII;2026,0;2,0;Pronto Atendimento;2004,0
HIJPII;2026,0;2,0;UDC - Unidade de Decisão Clínica;2004,0
HIJPII;2026,0;2,0;Unidade de Decisão Clínica;2004,0
HIJPII;2026,0;2,0;Unidade de Urgência - Maternidade;2004,0
HIJPII;2026,0;2,0;Unidade Urgência Emergência Ginecológica-Obstetrícia;2004,0
HIJPII;2026,0;2,0;Unidade Urgência/Emergência;2004,0
HIJPII;2026,0;2,0;Unidade Urgência-Emergência;2004,0
HIJPII;2026,0;2,0;UUE/HRB/CHB;2004,0
HJK;2019,0;1,0;Pronto Atendimento;3515,0
HJK;2019,0;1,0;UDC - Unidade de Decisão Clínica;3515,0
HJK;2019,0;1,0;Unidade de Decisão Clínica;3515,0
HJK;2019,0;1,0;Unidade de Urgência - Maternidade;3515,0
HJK;2019,0;1,0;Unidade Urgência Emergência Ginecológica-Obstetrícia;3515,0
HJK;2019,0;1,0;Unidade Urgência/Emergência;3515,0
HJK;2019,0;1,0;Unidade Urgência-Emergência;3515,0
HJK;2019,0;1,0;UUE/HRB/CHB;3515,0
HJK;2019,0;2,0;Pronto Atendimento;3098,0
HJK;2019,0;2,0;UDC - Unidade de Decisão Clínica;3098,0
HJK;2019,0;2,0;Unidade de Decisão Clínica;3098,0
HJK;2019,0;2,0;Unidade de Urgência - Maternidade;3098,0
HJK;2019,0;2,0;Unidade Urgência Emergência Ginecológica-Obstetrícia;3098,0
HJK;2019,0;2,0;Unidade Urgência/Emergência;3098,0
HJK;2019,0;2,0;Unidade Urgência-Emergência;3098,0
HJK;2019,0;2,0;UUE/HRB/CHB;3098,0
HJK;2019,0;3,0;Pronto Atendimento;3988,0
HJK;2019,0;3,0;UDC - Unidade de Decisão Clínica;3988,0
HJK;2019,0;3,0;Unidade de Decisão Clínica;3988,0
HJK;2019,0;3,0;Unidade de Urgência - Maternidade;3988,0
HJK;2019,0;3,0;Unidade Urgência Emergência Ginecológica-Obstetrícia;3988,0
HJK;2019,0;3,0;Unidade Urgência/Emergência;3988,0
HJK;2019,0;3,0;Unidade Urgência-Emergência;3988,0
HJK;2019,0;3,0;UUE/HRB/CHB;3988,0
HJK;2019,0;4,0;Pronto Atendimento;4492,0
HJK;2019,0;4,0;UDC - Unidade de Decisão Clínica;4492,0
HJK;2019,0;4,0;Unidade de Decisão Clínica;4492,0
HJK;2019,0;4,0;Unidade de Urgência - Maternidade;4492,0
HJK;2019,0;4,0;Unidade Urgência Emergência Ginecológica-Obstetrícia;4492,0
HJK;2019,0;4,0;Unidade Urgência/Emergência;4492,0
HJK;2019,0;4,0;Unidade Urgência-Emergência;4492,0
HJK;2019,0;4,0;UUE/HRB/CHB;4492,0
HJK;2019,0;5,0;Pronto Atendimento;4359,0
HJK;2019,0;5,0;UDC - Unidade de Decisão Clínica;4359,0
HJK;2019,0;5,0;Unidade de Decisão Clínica;4359,0
HJK;2019,0;5,0;Unidade de Urgência - Maternidade;4359,0
HJK;2019,0;5,0;Unidade Urgência Emergência Ginecológica-Obstetrícia;4359,0
HJK;2019,0;5,0;Unidade Urgência/Emergência;4359,0
HJK;2019,0;5,0;Unidade Urgência-Emergência;4359,0
HJK;2019,0;5,0;UUE/HRB/CHB;4359,0
HJK;2019,0;6,0;Pronto Atendimento;3431,0
HJK;2019,0;6,0;UDC - Unidade de Decisão Clínica;3431,0
HJK;2019,0;6,0;Unidade de Decisão Clínica;3431,0
HJK;2019,0;6,0;Unidade de Urgência - Maternidade;3431,0
HJK;2019,0;6,0;Unidade Urgência Emergência Ginecológica-Obstetrícia;3431,0
HJK;2019,0;6,0;Unidade Urgência/Emergência;3431,0
HJK;2019,0;6,0;Unidade Urgência-Emergência;3431,0
HJK;2019,0;6,0;UUE/HRB/CHB;3431,0
HJK;2019,0;7,0;Pronto Atendimento;3332,0
HJK;2019,0;7,0;UDC - Unidade de Decisão Clínica;3332,0
HJK;2019,0;7,0;Unidade de Decisão Clínica;3332,0
HJK;2019,0;7,0;Unidade de Urgência - Maternidade;3332,0
HJK;2019,0;7,0;Unidade Urgência Emergência Ginecológica-Obstetrícia;3332,0
HJK;2019,0;7,0;Unidade Urgência/Emergência;3332,0
HJK;2019,0;7,0;Unidade Urgência-Emergência;3332,0
HJK;2019,0;7,0;UUE/HRB/CHB;3332,0
HJK;2019,0;8,0;Pronto Atendimento;3244,0
HJK;2019,0;8,0;UDC - Unidade de Decisão Clínica;3244,0
HJK;2019,0;8,0;Unidade de Decisão Clínica;3244,0
HJK;2019,0;8,0;Unidade de Urgência - Maternidade;3244,0
HJK;2019,0;8,0;Unidade Urgência Emergência Ginecológica-Obstetrícia;3244,0
HJK;2019,0;8,0;Unidade Urgência/Emergência;3244,0
HJK;2019,0;8,0;Unidade Urgência-Emergência;3244,0
HJK;2019,0;8,0;UUE/HRB/CHB;3244,0
HJK;2019,0;9,0;Pronto Atendimento;3091,0
HJK;2019,0;9,0;UDC - Unidade de Decisão Clínica;3091,0
HJK;2019,0;9,0;Unidade de Decisão Clínica;3091,0
HJK;2019,0;9,0;Unidade de Urgência - Maternidade;3091,0
HJK;2019,0;9,0;Unidade Urgência Emergência Ginecológica-Obstetrícia;3091,0
HJK;2019,0;9,0;Unidade Urgência/Emergência;3091,0
HJK;2019,0;9,0;Unidade Urgência-Emergência;3091,0
HJK;2019,0;9,0;UUE/HRB/CHB;3091,0
HJK;2019,0;10,0;Pronto Atendimento;3334,0
HJK;2019,0;10,0;UDC - Unidade de Decisão Clínica;3334,0
HJK;2019,0;10,0;Unidade de Decisão Clínica;3334,0
HJK;2019,0;10,0;Unidade de Urgência - Maternidade;3334,0
HJK;2019,0;10,0;Unidade Urgência Emergência Ginecológica-Obstetrícia;3334,0
HJK;2019,0;10,0;Unidade Urgência/Emergência;3334,0
HJK;2019,0;10,0;Unidade Urgência-Emergência;3334,0
HJK;2019,0;10,0;UUE/HRB/CHB;3334,0
HJK;2019,0;11,0;Pronto Atendimento;3028,0
HJK;2019,0;11,0;UDC - Unidade de Decisão Clínica;3028,0
HJK;2019,0;11,0;Unidade de Decisão Clínica;3028,0
HJK;2019,0;11,0;Unidade de Urgência - Maternidade;3028,0
HJK;2019,0;11,0;Unidade Urgência Emergência Ginecológica-Obstetrícia;3028,0
HJK;2019,0;11,0;Unidade Urgência/Emergência;3028,0
HJK;2019,0;11,0;Unidade Urgência-Emergência;3028,0
HJK;2019,0;11,0;UUE/HRB/CHB;3028,0
HJK;2019,0;12,0;Pronto Atendimento;3271,0
HJK;2019,0;12,0;UDC - Unidade de Decisão Clínica;3271,0
HJK;2019,0;12,0;Unidade de Decisão Clínica;3271,0
HJK;2019,0;12,0;Unidade de Urgência - Maternidade;3271,0
HJK;2019,0;12,0;Unidade Urgência Emergência Ginecológica-Obstetrícia;3271,0
HJK;2019,0;12,0;Unidade Urgência/Emergência;3271,0
HJK;2019,0;12,0;Unidade Urgência-Emergência;3271,0
HJK;2019,0;12,0;UUE/HRB/CHB;3271,0
HJK;2020,0;1,0;Pronto Atendimento;3335,0
HJK;2020,0;1,0;UDC - Unidade de Decisão Clínica;3335,0
HJK;2020,0;1,0;Unidade de Decisão Clínica;3335,0
HJK;2020,0;1,0;Unidade de Urgência - Maternidade;3335,0
HJK;2020,0;1,0;Unidade Urgência Emergência Ginecológica-Obstetrícia;3335,0
HJK;2020,0;1,0;Unidade Urgência/Emergência;3335,0
HJK;2020,0;1,0;Unidade Urgência-Emergência;3335,0
HJK;2020,0;1,0;UUE/HRB/CHB;3335,0
HJK;2020,0;2,0;Pronto Atendimento;3005,0
HJK;2020,0;2,0;UDC - Unidade de Decisão Clínica;3005,0
HJK;2020,0;2,0;Unidade de Decisão Clínica;3005,0
HJK;2020,0;2,0;Unidade de Urgência - Maternidade;3005,0
HJK;2020,0;2,0;Unidade Urgência Emergência Ginecológica-Obstetrícia;3005,0
HJK;2020,0;2,0;Unidade Urgência/Emergência;3005,0
HJK;2020,0;2,0;Unidade Urgência-Emergência;3005,0
HJK;2020,0;2,0;UUE/HRB/CHB;3005,0
HJK;2020,0;3,0;Pronto Atendimento;2938,0
HJK;2020,0;3,0;UDC - Unidade de Decisão Clínica;2938,0
HJK;2020,0;3,0;Unidade de Decisão Clínica;2938,0
HJK;2020,0;3,0;Unidade de Urgência - Maternidade;2938,0
HJK;2020,0;3,0;Unidade Urgência Emergência Ginecológica-Obstetrícia;2938,0
HJK;2020,0;3,0;Unidade Urgência/Emergência;2938,0
HJK;2020,0;3,0;Unidade Urgência-Emergência;2938,0
HJK;2020,0;3,0;UUE/HRB/CHB;2938,0
HJK;2020,0;4,0;Pronto Atendimento;1775,0
HJK;2020,0;4,0;UDC - Unidade de Decisão Clínica;1775,0
HJK;2020,0;4,0;Unidade de Decisão Clínica;1775,0
HJK;2020,0;4,0;Unidade de Urgência - Maternidade;1775,0
HJK;2020,0;4,0;Unidade Urgência Emergência Ginecológica-Obstetrícia;1775,0
HJK;2020,0;4,0;Unidade Urgência/Emergência;1775,0
HJK;2020,0;4,0;Unidade Urgência-Emergência;1775,0
HJK;2020,0;4,0;UUE/HRB/CHB;1775,0
HJK;2020,0;5,0;Pronto Atendimento;1632,0
HJK;2020,0;5,0;UDC - Unidade de Decisão Clínica;1632,0
HJK;2020,0;5,0;Unidade de Decisão Clínica;1632,0
HJK;2020,0;5,0;Unidade de Urgência - Maternidade;1632,0
HJK;2020,0;5,0;Unidade Urgência Emergência Ginecológica-Obstetrícia;1632,0
HJK;2020,0;5,0;Unidade Urgência/Emergência;1632,0
HJK;2020,0;5,0;Unidade Urgência-Emergência;1632,0
HJK;2020,0;5,0;UUE/HRB/CHB;1632,0
HJK;2020,0;6,0;Pronto Atendimento;772,0
HJK;2020,0;6,0;UDC - Unidade de Decisão Clínica;772,0
HJK;2020,0;6,0;Unidade de Decisão Clínica;772,0
HJK;2020,0;6,0;Unidade de Urgência - Maternidade;772,0
HJK;2020,0;6,0;Unidade Urgência Emergência Ginecológica-Obstetrícia;772,0
HJK;2020,0;6,0;Unidade Urgência/Emergência;772,0
HJK;2020,0;6,0;Unidade Urgência-Emergência;772,0
HJK;2020,0;6,0;UUE/HRB/CHB;772,0
HJK;2020,0;7,0;Pronto Atendimento;716,0
HJK;2020,0;7,0;UDC - Unidade de Decisão Clínica;716,0
HJK;2020,0;7,0;Unidade de Decisão Clínica;716,0
HJK;2020,0;7,0;Unidade de Urgência - Maternidade;716,0
HJK;2020,0;7,0;Unidade Urgência Emergência Ginecológica-Obstetrícia;716,0
HJK;2020,0;7,0;Unidade Urgência/Emergência;716,0
HJK;2020,0;7,0;Unidade Urgência-Emergência;716,0
HJK;2020,0;7,0;UUE/HRB/CHB;716,0
HJK;2020,0;8,0;Pronto Atendimento;805,0
HJK;2020,0;8,0;UDC - Unidade de Decisão Clínica;805,0
HJK;2020,0;8,0;Unidade de Decisão Clínica;805,0
HJK;2020,0;8,0;Unidade de Urgência - Maternidade;805,0
HJK;2020,0;8,0;Unidade Urgência Emergência Ginecológica-Obstetrícia;805,0
HJK;2020,0;8,0;Unidade Urgência/Emergência;805,0
HJK;2020,0;8,0;Unidade Urgência-Emergência;805,0
HJK;2020,0;8,0;UUE/HRB/CHB;805,0
HJK;2020,0;9,0;Pronto Atendimento;832,0
HJK;2020,0;9,0;UDC - Unidade de Decisão Clínica;832,0
HJK;2020,0;9,0;Unidade de Decisão Clínica;832,0
HJK;2020,0;9,0;Unidade de Urgência - Maternidade;832,0
HJK;2020,0;9,0;Unidade Urgência Emergência Ginecológica-Obstetrícia;832,0
HJK;2020,0;9,0;Unidade Urgência/Emergência;832,0
HJK;2020,0;9,0;Unidade Urgência-Emergência;832,0
HJK;2020,0;9,0;UUE/HRB/CHB;832,0
HJK;2020,0;10,0;Pronto Atendimento;960,0
HJK;2020,0;10,0;UDC - Unidade de Decisão Clínica;960,0
HJK;2020,0;10,0;Unidade de Decisão Clínica;960,0
HJK;2020,0;10,0;Unidade de Urgência - Maternidade;960,0
HJK;2020,0;10,0;Unidade Urgência Emergência Ginecológica-Obstetrícia;960,0
HJK;2020,0;10,0;Unidade Urgência/Emergência;960,0
HJK;2020,0;10,0;Unidade Urgência-Emergência;960,0
HJK;2020,0;10,0;UUE/HRB/CHB;960,0
HJK;2020,0;11,0;Pronto Atendimento;1007,0
HJK;2020,0;11,0;UDC - Unidade de Decisão Clínica;1007,0
HJK;2020,0;11,0;Unidade de Decisão Clínica;1007,0
HJK;2020,0;11,0;Unidade de Urgência - Maternidade;1007,0
HJK;2020,0;11,0;Unidade Urgência Emergência Ginecológica-Obstetrícia;1007,0
HJK;2020,0;11,0;Unidade Urgência/Emergência;1007,0
HJK;2020,0;11,0;Unidade Urgência-Emergência;1007,0
HJK;2020,0;11,0;UUE/HRB/CHB;1007,0
HJK;2020,0;12,0;Pronto Atendimento;883,0
HJK;2020,0;12,0;UDC - Unidade de Decisão Clínica;883,0
HJK;2020,0;12,0;Unidade de Decisão Clínica;883,0
HJK;2020,0;12,0;Unidade de Urgência - Maternidade;883,0
HJK;2020,0;12,0;Unidade Urgência Emergência Ginecológica-Obstetrícia;883,0
HJK;2020,0;12,0;Unidade Urgência/Emergência;883,0
HJK;2020,0;12,0;Unidade Urgência-Emergência;883,0
HJK;2020,0;12,0;UUE/HRB/CHB;883,0
HJK;2021,0;1,0;Pronto Atendimento;976,0
HJK;2021,0;1,0;UDC - Unidade de Decisão Clínica;976,0
HJK;2021,0;1,0;Unidade de Decisão Clínica;976,0
HJK;2021,0;1,0;Unidade de Urgência - Maternidade;976,0
HJK;2021,0;1,0;Unidade Urgência Emergência Ginecológica-Obstetrícia;976,0
HJK;2021,0;1,0;Unidade Urgência/Emergência;976,0
HJK;2021,0;1,0;Unidade Urgência-Emergência;976,0
HJK;2021,0;1,0;UUE/HRB/CHB;976,0
HJK;2021,0;2,0;Pronto Atendimento;922,0
HJK;2021,0;2,0;UDC - Unidade de Decisão Clínica;922,0
HJK;2021,0;2,0;Unidade de Decisão Clínica;922,0
HJK;2021,0;2,0;Unidade de Urgência - Maternidade;922,0
HJK;2021,0;2,0;Unidade Urgência Emergência Ginecológica-Obstetrícia;922,0
HJK;2021,0;2,0;Unidade Urgência/Emergência;922,0
HJK;2021,0;2,0;Unidade Urgência-Emergência;922,0
HJK;2021,0;2,0;UUE/HRB/CHB;922,0
HJK;2021,0;3,0;Pronto Atendimento;896,0
HJK;2021,0;3,0;UDC - Unidade de Decisão Clínica;896,0
HJK;2021,0;3,0;Unidade de Decisão Clínica;896,0
HJK;2021,0;3,0;Unidade de Urgência - Maternidade;896,0
HJK;2021,0;3,0;Unidade Urgência Emergência Ginecológica-Obstetrícia;896,0
HJK;2021,0;3,0;Unidade Urgência/Emergência;896,0
HJK;2021,0;3,0;Unidade Urgência-Emergência;896,0
HJK;2021,0;3,0;UUE/HRB/CHB;896,0
HJK;2021,0;4,0;Pronto Atendimento;703,0
HJK;2021,0;4,0;UDC - Unidade de Decisão Clínica;703,0
HJK;2021,0;4,0;Unidade de Decisão Clínica;703,0
HJK;2021,0;4,0;Unidade de Urgência - Maternidade;703,0
HJK;2021,0;4,0;Unidade Urgência Emergência Ginecológica-Obstetrícia;703,0
HJK;2021,0;4,0;Unidade Urgência/Emergência;703,0
HJK;2021,0;4,0;Unidade Urgência-Emergência;703,0
HJK;2021,0;4,0;UUE/HRB/CHB;703,0
HJK;2021,0;5,0;Pronto Atendimento;725,0
HJK;2021,0;5,0;UDC - Unidade de Decisão Clínica;725,0
HJK;2021,0;5,0;Unidade de Decisão Clínica;725,0
HJK;2021,0;5,0;Unidade de Urgência - Maternidade;725,0
HJK;2021,0;5,0;Unidade Urgência Emergência Ginecológica-Obstetrícia;725,0
HJK;2021,0;5,0;Unidade Urgência/Emergência;725,0
HJK;2021,0;5,0;Unidade Urgência-Emergência;725,0
HJK;2021,0;5,0;UUE/HRB/CHB;725,0
HJK;2021,0;6,0;Pronto Atendimento;799,0
HJK;2021,0;6,0;UDC - Unidade de Decisão Clínica;799,0
HJK;2021,0;6,0;Unidade de Decisão Clínica;799,0
HJK;2021,0;6,0;Unidade de Urgência - Maternidade;799,0
HJK;2021,0;6,0;Unidade Urgência Emergência Ginecológica-Obstetrícia;799,0
HJK;2021,0;6,0;Unidade Urgência/Emergência;799,0
HJK;2021,0;6,0;Unidade Urgência-Emergência;799,0
HJK;2021,0;6,0;UUE/HRB/CHB;799,0
HJK;2021,0;7,0;Pronto Atendimento;847,0
HJK;2021,0;7,0;UDC - Unidade de Decisão Clínica;847,0
HJK;2021,0;7,0;Unidade de Decisão Clínica;847,0
HJK;2021,0;7,0;Unidade de Urgência - Maternidade;847,0
HJK;2021,0;7,0;Unidade Urgência Emergência Ginecológica-Obstetrícia;847,0
HJK;2021,0;7,0;Unidade Urgência/Emergência;847,0
HJK;2021,0;7,0;Unidade Urgência-Emergência;847,0
HJK;2021,0;7,0;UUE/HRB/CHB;847,0
HJK;2021,0;8,0;Pronto Atendimento;922,0
HJK;2021,0;8,0;UDC - Unidade de Decisão Clínica;922,0
HJK;2021,0;8,0;Unidade de Decisão Clínica;922,0
HJK;2021,0;8,0;Unidade de Urgência - Maternidade;922,0
HJK;2021,0;8,0;Unidade Urgência Emergência Ginecológica-Obstetrícia;922,0
HJK;2021,0;8,0;Unidade Urgência/Emergência;922,0
HJK;2021,0;8,0;Unidade Urgência-Emergência;922,0
HJK;2021,0;8,0;UUE/HRB/CHB;922,0
HJK;2021,0;9,0;Pronto Atendimento;921,0
HJK;2021,0;9,0;UDC - Unidade de Decisão Clínica;921,0
HJK;2021,0;9,0;Unidade de Decisão Clínica;921,0
HJK;2021,0;9,0;Unidade de Urgência - Maternidade;921,0
HJK;2021,0;9,0;Unidade Urgência Emergência Ginecológica-Obstetrícia;921,0
HJK;2021,0;9,0;Unidade Urgência/Emergência;921,0
HJK;2021,0;9,0;Unidade Urgência-Emergência;921,0
HJK;2021,0;9,0;UUE/HRB/CHB;921,0
HJK;2021,0;10,0;Pronto Atendimento;946,0
HJK;2021,0;10,0;UDC - Unidade de Decisão Clínica;946,0
HJK;2021,0;10,0;Unidade de Decisão Clínica;946,0
HJK;2021,0;10,0;Unidade de Urgência - Maternidade;946,0
HJK;2021,0;10,0;Unidade Urgência Emergência Ginecológica-Obstetrícia;946,0
HJK;2021,0;10,0;Unidade Urgência/Emergência;946,0
HJK;2021,0;10,0;Unidade Urgência-Emergência;946,0
HJK;2021,0;10,0;UUE/HRB/CHB;946,0
HJK;2021,0;11,0;Pronto Atendimento;789,0
HJK;2021,0;11,0;UDC - Unidade de Decisão Clínica;789,0
HJK;2021,0;11,0;Unidade de Decisão Clínica;789,0
HJK;2021,0;11,0;Unidade de Urgência - Maternidade;789,0
HJK;2021,0;11,0;Unidade Urgência Emergência Ginecológica-Obstetrícia;789,0
HJK;2021,0;11,0;Unidade Urgência/Emergência;789,0
HJK;2021,0;11,0;Unidade Urgência-Emergência;789,0
HJK;2021,0;11,0;UUE/HRB/CHB;789,0
HJK;2021,0;12,0;Pronto Atendimento;865,0
HJK;2021,0;12,0;UDC - Unidade de Decisão Clínica;865,0
HJK;2021,0;12,0;Unidade de Decisão Clínica;865,0
HJK;2021,0;12,0;Unidade de Urgência - Maternidade;865,0
HJK;2021,0;12,0;Unidade Urgência Emergência Ginecológica-Obstetrícia;865,0
HJK;2021,0;12,0;Unidade Urgência/Emergência;865,0
HJK;2021,0;12,0;Unidade Urgência-Emergência;865,0
HJK;2021,0;12,0;UUE/HRB/CHB;865,0
HJK;2022,0;1,0;Pronto Atendimento;988,0
HJK;2022,0;1,0;UDC - Unidade de Decisão Clínica;988,0
HJK;2022,0;1,0;Unidade de Decisão Clínica;988,0
HJK;2022,0;1,0;Unidade de Urgência - Maternidade;988,0
HJK;2022,0;1,0;Unidade Urgência Emergência Ginecológica-Obstetrícia;988,0
HJK;2022,0;1,0;Unidade Urgência/Emergência;988,0
HJK;2022,0;1,0;Unidade Urgência-Emergência;988,0
HJK;2022,0;1,0;UUE/HRB/CHB;988,0
HJK;2022,0;2,0;Pronto Atendimento;761,0
HJK;2022,0;2,0;UDC - Unidade de Decisão Clínica;761,0
HJK;2022,0;2,0;Unidade de Decisão Clínica;761,0
HJK;2022,0;2,0;Unidade de Urgência - Maternidade;761,0
HJK;2022,0;2,0;Unidade Urgência Emergência Ginecológica-Obstetrícia;761,0
HJK;2022,0;2,0;Unidade Urgência/Emergência;761,0
HJK;2022,0;2,0;Unidade Urgência-Emergência;761,0
HJK;2022,0;2,0;UUE/HRB/CHB;761,0
HJK;2022,0;3,0;Pronto Atendimento;1075,0
HJK;2022,0;3,0;UDC - Unidade de Decisão Clínica;1075,0
HJK;2022,0;3,0;Unidade de Decisão Clínica;1075,0
HJK;2022,0;3,0;Unidade de Urgência - Maternidade;1075,0
HJK;2022,0;3,0;Unidade Urgência Emergência Ginecológica-Obstetrícia;1075,0
HJK;2022,0;3,0;Unidade Urgência/Emergência;1075,0
HJK;2022,0;3,0;Unidade Urgência-Emergência;1075,0
HJK;2022,0;3,0;UUE/HRB/CHB;1075,0
HJK;2022,0;4,0;Pronto Atendimento;905,0
HJK;2022,0;4,0;UDC - Unidade de Decisão Clínica;905,0
HJK;2022,0;4,0;Unidade de Decisão Clínica;905,0
HJK;2022,0;4,0;Unidade de Urgência - Maternidade;905,0
HJK;2022,0;4,0;Unidade Urgência Emergência Ginecológica-Obstetrícia;905,0
HJK;2022,0;4,0;Unidade Urgência/Emergência;905,0
HJK;2022,0;4,0;Unidade Urgência-Emergência;905,0
HJK;2022,0;4,0;UUE/HRB/CHB;905,0
HJK;2022,0;5,0;Pronto Atendimento;828,0
HJK;2022,0;5,0;UDC - Unidade de Decisão Clínica;828,0
HJK;2022,0;5,0;Unidade de Decisão Clínica;828,0
HJK;2022,0;5,0;Unidade de Urgência - Maternidade;828,0
HJK;2022,0;5,0;Unidade Urgência Emergência Ginecológica-Obstetrícia;828,0
HJK;2022,0;5,0;Unidade Urgência/Emergência;828,0
HJK;2022,0;5,0;Unidade Urgência-Emergência;828,0
HJK;2022,0;5,0;UUE/HRB/CHB;828,0
HJK;2022,0;6,0;Pronto Atendimento;869,0
HJK;2022,0;6,0;UDC - Unidade de Decisão Clínica;869,0
HJK;2022,0;6,0;Unidade de Decisão Clínica;869,0
HJK;2022,0;6,0;Unidade de Urgência - Maternidade;869,0
HJK;2022,0;6,0;Unidade Urgência Emergência Ginecológica-Obstetrícia;869,0
HJK;2022,0;6,0;Unidade Urgência/Emergência;869,0
HJK;2022,0;6,0;Unidade Urgência-Emergência;869,0
HJK;2022,0;6,0;UUE/HRB/CHB;869,0
HJK;2022,0;7,0;Pronto Atendimento;1555,0
HJK;2022,0;7,0;UDC - Unidade de Decisão Clínica;1555,0
HJK;2022,0;7,0;Unidade de Decisão Clínica;1555,0
HJK;2022,0;7,0;Unidade de Urgência - Maternidade;1555,0
HJK;2022,0;7,0;Unidade Urgência Emergência Ginecológica-Obstetrícia;1555,0
HJK;2022,0;7,0;Unidade Urgência/Emergência;1555,0
HJK;2022,0;7,0;Unidade Urgência-Emergência;1555,0
HJK;2022,0;7,0;UUE/HRB/CHB;1555,0
HJK;2022,0;8,0;Pronto Atendimento;2693,0
HJK;2022,0;8,0;UDC - Unidade de Decisão Clínica;2693,0
HJK;2022,0;8,0;Unidade de Decisão Clínica;2693,0
HJK;2022,0;8,0;Unidade de Urgência - Maternidade;2693,0
HJK;2022,0;8,0;Unidade Urgência Emergência Ginecológica-Obstetrícia;2693,0
HJK;2022,0;8,0;Unidade Urgência/Emergência;2693,0
HJK;2022,0;8,0;Unidade Urgência-Emergência;2693,0
HJK;2022,0;8,0;UUE/HRB/CHB;2693,0
HJK;2022,0;9,0;Pronto Atendimento;2705,0
HJK;2022,0;9,0;UDC - Unidade de Decisão Clínica;2705,0
HJK;2022,0;9,0;Unidade de Decisão Clínica;2705,0
HJK;2022,0;9,0;Unidade de Urgência - Maternidade;2705,0
HJK;2022,0;9,0;Unidade Urgência Emergência Ginecológica-Obstetrícia;2705,0
HJK;2022,0;9,0;Unidade Urgência/Emergência;2705,0
HJK;2022,0;9,0;Unidade Urgência-Emergência;2705,0
HJK;2022,0;9,0;UUE/HRB/CHB;2705,0
HJK;2022,0;10,0;Pronto Atendimento;3050,0
HJK;2022,0;10,0;UDC - Unidade de Decisão Clínica;3050,0
HJK;2022,0;10,0;Unidade de Decisão Clínica;3050,0
HJK;2022,0;10,0;Unidade de Urgência - Maternidade;3050,0
HJK;2022,0;10,0;Unidade Urgência Emergência Ginecológica-Obstetrícia;3050,0
HJK;2022,0;10,0;Unidade Urgência/Emergência;3050,0
HJK;2022,0;10,0;Unidade Urgência-Emergência;3050,0
HJK;2022,0;10,0;UUE/HRB/CHB;3050,0
HJK;2022,0;11,0;Pronto Atendimento;2646,0
HJK;2022,0;11,0;UDC - Unidade de Decisão Clínica;2646,0
HJK;2022,0;11,0;Unidade de Decisão Clínica;2646,0
HJK;2022,0;11,0;Unidade de Urgência - Maternidade;2646,0
HJK;2022,0;11,0;Unidade Urgência Emergência Ginecológica-Obstetrícia;2646,0
HJK;2022,0;11,0;Unidade Urgência/Emergência;2646,0
HJK;2022,0;11,0;Unidade Urgência-Emergência;2646,0
HJK;2022,0;11,0;UUE/HRB/CHB;2646,0
HJK;2022,0;12,0;Pronto Atendimento;2482,0
HJK;2022,0;12,0;UDC - Unidade de Decisão Clínica;2482,0
HJK;2022,0;12,0;Unidade de Decisão Clínica;2482,0
HJK;2022,0;12,0;Unidade de Urgência - Maternidade;2482,0
HJK;2022,0;12,0;Unidade Urgência Emergência Ginecológica-Obstetrícia;2482,0
HJK;2022,0;12,0;Unidade Urgência/Emergência;2482,0
HJK;2022,0;12,0;Unidade Urgência-Emergência;2482,0
HJK;2022,0;12,0;UUE/HRB/CHB;2482,0
HJK;2023,0;1,0;Pronto Atendimento;2707,0
HJK;2023,0;1,0;UDC - Unidade de Decisão Clínica;2707,0
HJK;2023,0;1,0;Unidade de Decisão Clínica;2707,0
HJK;2023,0;1,0;Unidade de Urgência - Maternidade;2707,0
HJK;2023,0;1,0;Unidade Urgência Emergência Ginecológica-Obstetrícia;2707,0
HJK;2023,0;1,0;Unidade Urgência/Emergência;2707,0
HJK;2023,0;1,0;Unidade Urgência-Emergência;2707,0
HJK;2023,0;1,0;UUE/HRB/CHB;2707,0
HJK;2023,0;2,0;Pronto Atendimento;2652,0
HJK;2023,0;2,0;UDC - Unidade de Decisão Clínica;2652,0
HJK;2023,0;2,0;Unidade de Decisão Clínica;2652,0
HJK;2023,0;2,0;Unidade de Urgência - Maternidade;2652,0
HJK;2023,0;2,0;Unidade Urgência Emergência Ginecológica-Obstetrícia;2652,0
HJK;2023,0;2,0;Unidade Urgência/Emergência;2652,0
HJK;2023,0;2,0;Unidade Urgência-Emergência;2652,0
HJK;2023,0;2,0;UUE/HRB/CHB;2652,0
HJK;2023,0;3,0;Pronto Atendimento;3384,0
HJK;2023,0;3,0;UDC - Unidade de Decisão Clínica;3384,0
HJK;2023,0;3,0;Unidade de Decisão Clínica;3384,0
HJK;2023,0;3,0;Unidade de Urgência - Maternidade;3384,0
HJK;2023,0;3,0;Unidade Urgência Emergência Ginecológica-Obstetrícia;3384,0
HJK;2023,0;3,0;Unidade Urgência/Emergência;3384,0
HJK;2023,0;3,0;Unidade Urgência-Emergência;3384,0
HJK;2023,0;3,0;UUE/HRB/CHB;3384,0
HJK;2023,0;4,0;Pronto Atendimento;3326,0
HJK;2023,0;4,0;UDC - Unidade de Decisão Clínica;3326,0
HJK;2023,0;4,0;Unidade de Decisão Clínica;3326,0
HJK;2023,0;4,0;Unidade de Urgência - Maternidade;3326,0
HJK;2023,0;4,0;Unidade Urgência Emergência Ginecológica-Obstetrícia;3326,0
HJK;2023,0;4,0;Unidade Urgência/Emergência;3326,0
HJK;2023,0;4,0;Unidade Urgência-Emergência;3326,0
HJK;2023,0;4,0;UUE/HRB/CHB;3326,0
HJK;2023,0;5,0;Pronto Atendimento;3430,0
HJK;2023,0;5,0;UDC - Unidade de Decisão Clínica;3430,0
HJK;2023,0;5,0;Unidade de Decisão Clínica;3430,0
HJK;2023,0;5,0;Unidade de Urgência - Maternidade;3430,0
HJK;2023,0;5,0;Unidade Urgência Emergência Ginecológica-Obstetrícia;3430,0
HJK;2023,0;5,0;Unidade Urgência/Emergência;3430,0
HJK;2023,0;5,0;Unidade Urgência-Emergência;3430,0
HJK;2023,0;5,0;UUE/HRB/CHB;3430,0
HJK;2023,0;6,0;Pronto Atendimento;3549,0
HJK;2023,0;6,0;UDC - Unidade de Decisão Clínica;3549,0
HJK;2023,0;6,0;Unidade de Decisão Clínica;3549,0
HJK;2023,0;6,0;Unidade de Urgência - Maternidade;3549,0
HJK;2023,0;6,0;Unidade Urgência Emergência Ginecológica-Obstetrícia;3549,0
HJK;2023,0;6,0;Unidade Urgência/Emergência;3549,0
HJK;2023,0;6,0;Unidade Urgência-Emergência;3549,0
HJK;2023,0;6,0;UUE/HRB/CHB;3549,0
HJK;2023,0;7,0;Pronto Atendimento;3688,0
HJK;2023,0;7,0;UDC - Unidade de Decisão Clínica;3688,0
HJK;2023,0;7,0;Unidade de Decisão Clínica;3688,0
HJK;2023,0;7,0;Unidade de Urgência - Maternidade;3688,0
HJK;2023,0;7,0;Unidade Urgência Emergência Ginecológica-Obstetrícia;3688,0
HJK;2023,0;7,0;Unidade Urgência/Emergência;3688,0
HJK;2023,0;7,0;Unidade Urgência-Emergência;3688,0
HJK;2023,0;7,0;UUE/HRB/CHB;3688,0
HJK;2023,0;8,0;Pronto Atendimento;3523,0
HJK;2023,0;8,0;UDC - Unidade de Decisão Clínica;3523,0
HJK;2023,0;8,0;Unidade de Decisão Clínica;3523,0
HJK;2023,0;8,0;Unidade de Urgência - Maternidade;3523,0
HJK;2023,0;8,0;Unidade Urgência Emergência Ginecológica-Obstetrícia;3523,0
HJK;2023,0;8,0;Unidade Urgência/Emergência;3523,0
HJK;2023,0;8,0;Unidade Urgência-Emergência;3523,0
HJK;2023,0;8,0;UUE/HRB/CHB;3523,0
HJK;2023,0;9,0;Pronto Atendimento;3113,0
HJK;2023,0;9,0;UDC - Unidade de Decisão Clínica;3113,0
HJK;2023,0;9,0;Unidade de Decisão Clínica;3113,0
HJK;2023,0;9,0;Unidade de Urgência - Maternidade;3113,0
HJK;2023,0;9,0;Unidade Urgência Emergência Ginecológica-Obstetrícia;3113,0
HJK;2023,0;9,0;Unidade Urgência/Emergência;3113,0
HJK;2023,0;9,0;Unidade Urgência-Emergência;3113,0
HJK;2023,0;9,0;UUE/HRB/CHB;3113,0
HJK;2023,0;10,0;Pronto Atendimento;2826,0
HJK;2023,0;10,0;UDC - Unidade de Decisão Clínica;2826,0
HJK;2023,0;10,0;Unidade de Decisão Clínica;2826,0
HJK;2023,0;10,0;Unidade de Urgência - Maternidade;2826,0
HJK;2023,0;10,0;Unidade Urgência Emergência Ginecológica-Obstetrícia;2826,0
HJK;2023,0;10,0;Unidade Urgência/Emergência;2826,0
HJK;2023,0;10,0;Unidade Urgência-Emergência;2826,0
HJK;2023,0;10,0;UUE/HRB/CHB;2826,0
HJK;2023,0;11,0;Pronto Atendimento;3016,0
HJK;2023,0;11,0;UDC - Unidade de Decisão Clínica;3016,0
HJK;2023,0;11,0;Unidade de Decisão Clínica;3016,0
HJK;2023,0;11,0;Unidade de Urgência - Maternidade;3016,0
HJK;2023,0;11,0;Unidade Urgência Emergência Ginecológica-Obstetrícia;3016,0
HJK;2023,0;11,0;Unidade Urgência/Emergência;3016,0
HJK;2023,0;11,0;Unidade Urgência-Emergência;3016,0
HJK;2023,0;11,0;UUE/HRB/CHB;3016,0
HJK;2023,0;12,0;Pronto Atendimento;2920,0
HJK;2023,0;12,0;UDC - Unidade de Decisão Clínica;2920,0
HJK;2023,0;12,0;Unidade de Decisão Clínica;2920,0
HJK;2023,0;12,0;Unidade de Urgência - Maternidade;2920,0
HJK;2023,0;12,0;Unidade Urgência Emergência Ginecológica-Obstetrícia;2920,0
HJK;2023,0;12,0;Unidade Urgência/Emergência;2920,0
HJK;2023,0;12,0;Unidade Urgência-Emergência;2920,0
HJK;2023,0;12,0;UUE/HRB/CHB;2920,0
HJK;2024,0;1,0;Pronto Atendimento;3775,0
HJK;2024,0;1,0;UDC - Unidade de Decisão Clínica;3775,0
HJK;2024,0;1,0;Unidade de Decisão Clínica;3775,0
HJK;2024,0;1,0;Unidade de Urgência - Maternidade;3775,0
HJK;2024,0;1,0;Unidade Urgência Emergência Ginecológica-Obstetrícia;3775,0
HJK;2024,0;1,0;Unidade Urgência/Emergência;3775,0
HJK;2024,0;1,0;Unidade Urgência-Emergência;3775,0
HJK;2024,0;1,0;UUE/HRB/CHB;3775,0
HJK;2024,0;2,0;Pronto Atendimento;5671,0
HJK;2024,0;2,0;UDC - Unidade de Decisão Clínica;5671,0
HJK;2024,0;2,0;Unidade de Decisão Clínica;5671,0
HJK;2024,0;2,0;Unidade de Urgência - Maternidade;5671,0
HJK;2024,0;2,0;Unidade Urgência Emergência Ginecológica-Obstetrícia;5671,0
HJK;2024,0;2,0;Unidade Urgência/Emergência;5671,0
HJK;2024,0;2,0;Unidade Urgência-Emergência;5671,0
HJK;2024,0;2,0;UUE/HRB/CHB;5671,0
HJK;2024,0;3,0;Pronto Atendimento;4639,0
HJK;2024,0;3,0;UDC - Unidade de Decisão Clínica;4639,0
HJK;2024,0;3,0;Unidade de Decisão Clínica;4639,0
HJK;2024,0;3,0;Unidade de Urgência - Maternidade;4639,0
HJK;2024,0;3,0;Unidade Urgência Emergência Ginecológica-Obstetrícia;4639,0
HJK;2024,0;3,0;Unidade Urgência/Emergência;4639,0
HJK;2024,0;3,0;Unidade Urgência-Emergência;4639,0
HJK;2024,0;3,0;UUE/HRB/CHB;4639,0
HJK;2024,0;4,0;Pronto Atendimento;4734,0
HJK;2024,0;4,0;UDC - Unidade de Decisão Clínica;4734,0
HJK;2024,0;4,0;Unidade de Decisão Clínica;4734,0
HJK;2024,0;4,0;Unidade de Urgência - Maternidade;4734,0
HJK;2024,0;4,0;Unidade Urgência Emergência Ginecológica-Obstetrícia;4734,0
HJK;2024,0;4,0;Unidade Urgência/Emergência;4734,0
HJK;2024,0;4,0;Unidade Urgência-Emergência;4734,0
HJK;2024,0;4,0;UUE/HRB/CHB;4734,0
HJK;2024,0;5,0;Pronto Atendimento;4847,0
HJK;2024,0;5,0;UDC - Unidade de Decisão Clínica;4847,0
HJK;2024,0;5,0;Unidade de Decisão Clínica;4847,0
HJK;2024,0;5,0;Unidade de Urgência - Maternidade;4847,0
HJK;2024,0;5,0;Unidade Urgência Emergência Ginecológica-Obstetrícia;4847,0
HJK;2024,0;5,0;Unidade Urgência/Emergência;4847,0
HJK;2024,0;5,0;Unidade Urgência-Emergência;4847,0
HJK;2024,0;5,0;UUE/HRB/CHB;4847,0
HJK;2024,0;6,0;Pronto Atendimento;3608,0
HJK;2024,0;6,0;UDC - Unidade de Decisão Clínica;3608,0
HJK;2024,0;6,0;Unidade de Decisão Clínica;3608,0
HJK;2024,0;6,0;Unidade de Urgência - Maternidade;3608,0
HJK;2024,0;6,0;Unidade Urgência Emergência Ginecológica-Obstetrícia;3608,0
HJK;2024,0;6,0;Unidade Urgência/Emergência;3608,0
HJK;2024,0;6,0;Unidade Urgência-Emergência;3608,0
HJK;2024,0;6,0;UUE/HRB/CHB;3608,0
HJK;2024,0;7,0;Pronto Atendimento;4235,0
HJK;2024,0;7,0;UDC - Unidade de Decisão Clínica;4235,0
HJK;2024,0;7,0;Unidade de Decisão Clínica;4235,0
HJK;2024,0;7,0;Unidade de Urgência - Maternidade;4235,0
HJK;2024,0;7,0;Unidade Urgência Emergência Ginecológica-Obstetrícia;4235,0
HJK;2024,0;7,0;Unidade Urgência/Emergência;4235,0
HJK;2024,0;7,0;Unidade Urgência-Emergência;4235,0
HJK;2024,0;7,0;UUE/HRB/CHB;4235,0
HJK;2024,0;8,0;Pronto Atendimento;4263,0
HJK;2024,0;8,0;UDC - Unidade de Decisão Clínica;4263,0
HJK;2024,0;8,0;Unidade de Decisão Clínica;4263,0
HJK;2024,0;8,0;Unidade de Urgência - Maternidade;4263,0
HJK;2024,0;8,0;Unidade Urgência Emergência Ginecológica-Obstetrícia;4263,0
HJK;2024,0;8,0;Unidade Urgência/Emergência;4263,0
HJK;2024,0;8,0;Unidade Urgência-Emergência;4263,0
HJK;2024,0;8,0;UUE/HRB/CHB;4263,0
HJK;2024,0;9,0;Pronto Atendimento;4199,0
HJK;2024,0;9,0;UDC - Unidade de Decisão Clínica;4199,0
HJK;2024,0;9,0;Unidade de Decisão Clínica;4199,0
HJK;2024,0;9,0;Unidade de Urgência - Maternidade;4199,0
HJK;2024,0;9,0;Unidade Urgência Emergência Ginecológica-Obstetrícia;4199,0
HJK;2024,0;9,0;Unidade Urgência/Emergência;4199,0
HJK;2024,0;9,0;Unidade Urgência-Emergência;4199,0
HJK;2024,0;9,0;UUE/HRB/CHB;4199,0
HJK;2024,0;10,0;Pronto Atendimento;4623,0
HJK;2024,0;10,0;UDC - Unidade de Decisão Clínica;4623,0
HJK;2024,0;10,0;Unidade de Decisão Clínica;4623,0
HJK;2024,0;10,0;Unidade de Urgência - Maternidade;4623,0
HJK;2024,0;10,0;Unidade Urgência Emergência Ginecológica-Obstetrícia;4623,0
HJK;2024,0;10,0;Unidade Urgência/Emergência;4623,0
HJK;2024,0;10,0;Unidade Urgência-Emergência;4623,0
HJK;2024,0;10,0;UUE/HRB/CHB;4623,0
HJK;2024,0;11,0;Pronto Atendimento;4396,0
HJK;2024,0;11,0;UDC - Unidade de Decisão Clínica;4396,0
HJK;2024,0;11,0;Unidade de Decisão Clínica;4396,0
HJK;2024,0;11,0;Unidade de Urgência - Maternidade;4396,0
HJK;2024,0;11,0;Unidade Urgência Emergência Ginecológica-Obstetrícia;4396,0
HJK;2024,0;11,0;Unidade Urgência/Emergência;4396,0
HJK;2024,0;11,0;Unidade Urgência-Emergência;4396,0
HJK;2024,0;11,0;UUE/HRB/CHB;4396,0
HJK;2024,0;12,0;Pronto Atendimento;4055,0
HJK;2024,0;12,0;UDC - Unidade de Decisão Clínica;4055,0
HJK;2024,0;12,0;Unidade de Decisão Clínica;4055,0
HJK;2024,0;12,0;Unidade de Urgência - Maternidade;4055,0
HJK;2024,0;12,0;Unidade Urgência Emergência Ginecológica-Obstetrícia;4055,0
HJK;2024,0;12,0;Unidade Urgência/Emergência;4055,0
HJK;2024,0;12,0;Unidade Urgência-Emergência;4055,0
HJK;2024,0;12,0;UUE/HRB/CHB;4055,0
HJK;2025,0;1,0;Pronto Atendimento;3694,0
HJK;2025,0;1,0;UDC - Unidade de Decisão Clínica;3694,0
HJK;2025,0;1,0;Unidade de Decisão Clínica;3694,0
HJK;2025,0;1,0;Unidade de Urgência - Maternidade;3694,0
HJK;2025,0;1,0;Unidade Urgência Emergência Ginecológica-Obstetrícia;3694,0
HJK;2025,0;1,0;Unidade Urgência/Emergência;3694,0
HJK;2025,0;1,0;Unidade Urgência-Emergência;3694,0
HJK;2025,0;1,0;UUE/HRB/CHB;3694,0
HJK;2025,0;2,0;Pronto Atendimento;3230,0
HJK;2025,0;2,0;UDC - Unidade de Decisão Clínica;3230,0
HJK;2025,0;2,0;Unidade de Decisão Clínica;3230,0
HJK;2025,0;2,0;Unidade de Urgência - Maternidade;3230,0
HJK;2025,0;2,0;Unidade Urgência Emergência Ginecológica-Obstetrícia;3230,0
HJK;2025,0;2,0;Unidade Urgência/Emergência;3230,0
HJK;2025,0;2,0;Unidade Urgência-Emergência;3230,0
HJK;2025,0;2,0;UUE/HRB/CHB;3230,0
HJK;2025,0;3,0;Pronto Atendimento;4136,0
HJK;2025,0;3,0;UDC - Unidade de Decisão Clínica;4136,0
HJK;2025,0;3,0;Unidade de Decisão Clínica;4136,0
HJK;2025,0;3,0;Unidade de Urgência - Maternidade;4136,0
HJK;2025,0;3,0;Unidade Urgência Emergência Ginecológica-Obstetrícia;4136,0
HJK;2025,0;3,0;Unidade Urgência/Emergência;4136,0
HJK;2025,0;3,0;Unidade Urgência-Emergência;4136,0
HJK;2025,0;3,0;UUE/HRB/CHB;4136,0
HJK;2025,0;4,0;Pronto Atendimento;3944,0
HJK;2025,0;4,0;UDC - Unidade de Decisão Clínica;3944,0
HJK;2025,0;4,0;Unidade de Decisão Clínica;3944,0
HJK;2025,0;4,0;Unidade de Urgência - Maternidade;3944,0
HJK;2025,0;4,0;Unidade Urgência Emergência Ginecológica-Obstetrícia;3944,0
HJK;2025,0;4,0;Unidade Urgência/Emergência;3944,0
HJK;2025,0;4,0;Unidade Urgência-Emergência;3944,0
HJK;2025,0;4,0;UUE/HRB/CHB;3944,0
HJK;2025,0;5,0;Pronto Atendimento;3022,0
HJK;2025,0;5,0;UDC - Unidade de Decisão Clínica;3022,0
HJK;2025,0;5,0;Unidade de Decisão Clínica;3022,0
HJK;2025,0;5,0;Unidade de Urgência - Maternidade;3022,0
HJK;2025,0;5,0;Unidade Urgência Emergência Ginecológica-Obstetrícia;3022,0
HJK;2025,0;5,0;Unidade Urgência/Emergência;3022,0
HJK;2025,0;5,0;Unidade Urgência-Emergência;3022,0
HJK;2025,0;5,0;UUE/HRB/CHB;3022,0
HJK;2025,0;6,0;Pronto Atendimento;2448,0
HJK;2025,0;6,0;UDC - Unidade de Decisão Clínica;2448,0
HJK;2025,0;6,0;Unidade de Decisão Clínica;2448,0
HJK;2025,0;6,0;Unidade de Urgência - Maternidade;2448,0
HJK;2025,0;6,0;Unidade Urgência Emergência Ginecológica-Obstetrícia;2448,0
HJK;2025,0;6,0;Unidade Urgência/Emergência;2448,0
HJK;2025,0;6,0;Unidade Urgência-Emergência;2448,0
HJK;2025,0;6,0;UUE/HRB/CHB;2448,0
HJK;2025,0;7,0;Pronto Atendimento;2712,0
HJK;2025,0;7,0;UDC - Unidade de Decisão Clínica;2712,0
HJK;2025,0;7,0;Unidade de Decisão Clínica;2712,0
HJK;2025,0;7,0;Unidade de Urgência - Maternidade;2712,0
HJK;2025,0;7,0;Unidade Urgência Emergência Ginecológica-Obstetrícia;2712,0
HJK;2025,0;7,0;Unidade Urgência/Emergência;2712,0
HJK;2025,0;7,0;Unidade Urgência-Emergência;2712,0
HJK;2025,0;7,0;UUE/HRB/CHB;2712,0
HJK;2025,0;8,0;Pronto Atendimento;4241,0
HJK;2025,0;8,0;UDC - Unidade de Decisão Clínica;4241,0
HJK;2025,0;8,0;Unidade de Decisão Clínica;4241,0
HJK;2025,0;8,0;Unidade de Urgência - Maternidade;4241,0
HJK;2025,0;8,0;Unidade Urgência Emergência Ginecológica-Obstetrícia;4241,0
HJK;2025,0;8,0;Unidade Urgência/Emergência;4241,0
HJK;2025,0;8,0;Unidade Urgência-Emergência;4241,0
HJK;2025,0;8,0;UUE/HRB/CHB;4241,0
HJK;2025,0;9,0;Pronto Atendimento;3772,0
HJK;2025,0;9,0;UDC - Unidade de Decisão Clínica;3772,0
HJK;2025,0;9,0;Unidade de Decisão Clínica;3772,0
HJK;2025,0;9,0;Unidade de Urgência - Maternidade;3772,0
HJK;2025,0;9,0;Unidade Urgência Emergência Ginecológica-Obstetrícia;3772,0
HJK;2025,0;9,0;Unidade Urgência/Emergência;3772,0
HJK;2025,0;9,0;Unidade Urgência-Emergência;3772,0
HJK;2025,0;9,0;UUE/HRB/CHB;3772,0
HJK;2025,0;10,0;Pronto Atendimento;4220,0
HJK;2025,0;10,0;UDC - Unidade de Decisão Clínica;4220,0
HJK;2025,0;10,0;Unidade de Decisão Clínica;4220,0
HJK;2025,0;10,0;Unidade de Urgência - Maternidade;4220,0
HJK;2025,0;10,0;Unidade Urgência Emergência Ginecológica-Obstetrícia;4220,0
HJK;2025,0;10,0;Unidade Urgência/Emergência;4220,0
HJK;2025,0;10,0;Unidade Urgência-Emergência;4221,0
HJK;2025,0;10,0;UUE/HRB/CHB;4220,0
HJK;2025,0;11,0;Pronto Atendimento;3768,0
HJK;2025,0;11,0;UDC - Unidade de Decisão Clínica;3768,0
HJK;2025,0;11,0;Unidade de Decisão Clínica;3768,0
HJK;2025,0;11,0;Unidade de Urgência - Maternidade;3768,0
HJK;2025,0;11,0;Unidade Urgência Emergência Ginecológica-Obstetrícia;3769,0
HJK;2025,0;11,0;Unidade Urgência/Emergência;3768,0
HJK;2025,0;11,0;Unidade Urgência-Emergência;3769,0
HJK;2025,0;11,0;UUE/HRB/CHB;3768,0
HJK;2025,0;12,0;Pronto Atendimento;4364,0
HJK;2025,0;12,0;UDC - Unidade de Decisão Clínica;4364,0
HJK;2025,0;12,0;Unidade de Decisão Clínica;4364,0
HJK;2025,0;12,0;Unidade de Urgência - Maternidade;4364,0
HJK;2025,0;12,0;Unidade Urgência Emergência Ginecológica-Obstetrícia;4364,0
HJK;2025,0;12,0;Unidade Urgência/Emergência;4364,0
HJK;2025,0;12,0;Unidade Urgência-Emergência;4364,0
HJK;2025,0;12,0;UUE/HRB/CHB;4364,0
HJK;2026,0;1,0;Pronto Atendimento;4559,0
HJK;2026,0;1,0;UDC - Unidade de Decisão Clínica;4559,0
HJK;2026,0;1,0;Unidade de Decisão Clínica;4559,0
HJK;2026,0;1,0;Unidade de Urgência - Maternidade;4559,0
HJK;2026,0;1,0;Unidade Urgência Emergência Ginecológica-Obstetrícia;4559,0
HJK;2026,0;1,0;Unidade Urgência/Emergência;4559,0
HJK;2026,0;1,0;Unidade Urgência-Emergência;4559,0
HJK;2026,0;1,0;UUE/HRB/CHB;4559,0
HJK;2026,0;2,0;Pronto Atendimento;3403,0
HJK;2026,0;2,0;UDC - Unidade de Decisão Clínica;3403,0
HJK;2026,0;2,0;Unidade de Decisão Clínica;3403,0
HJK;2026,0;2,0;Unidade de Urgência - Maternidade;3403,0
HJK;2026,0;2,0;Unidade Urgência Emergência Ginecológica-Obstetrícia;3559,0
HJK;2026,0;2,0;Unidade Urgência/Emergência;3403,0
HJK;2026,0;2,0;Unidade Urgência-Emergência;4045,0
HJK;2026,0;2,0;UUE/HRB/CHB;3403,0
HJXXIII;2019,0;1,0;Pronto Atendimento;6465,0
HJXXIII;2019,0;1,0;UDC - Unidade de Decisão Clínica;6465,0
HJXXIII;2019,0;1,0;Unidade de Decisão Clínica;6465,0
HJXXIII;2019,0;1,0;Unidade de Urgência - Maternidade;6465,0
HJXXIII;2019,0;1,0;Unidade Urgência Emergência Ginecológica-Obstetrícia;6465,0
HJXXIII;2019,0;1,0;Unidade Urgência/Emergência;6465,0
HJXXIII;2019,0;1,0;Unidade Urgência-Emergência;6465,0
HJXXIII;2019,0;1,0;UUE/HRB/CHB;6465,0
HJXXIII;2019,0;2,0;Pronto Atendimento;5924,0
HJXXIII;2019,0;2,0;UDC - Unidade de Decisão Clínica;5924,0
HJXXIII;2019,0;2,0;Unidade de Decisão Clínica;5924,0
HJXXIII;2019,0;2,0;Unidade de Urgência - Maternidade;5924,0
HJXXIII;2019,0;2,0;Unidade Urgência Emergência Ginecológica-Obstetrícia;5924,0
HJXXIII;2019,0;2,0;Unidade Urgência/Emergência;5924,0
HJXXIII;2019,0;2,0;Unidade Urgência-Emergência;5924,0
HJXXIII;2019,0;2,0;UUE/HRB/CHB;5924,0
HJXXIII;2019,0;3,0;Pronto Atendimento;6868,0
HJXXIII;2019,0;3,0;UDC - Unidade de Decisão Clínica;6868,0
HJXXIII;2019,0;3,0;Unidade de Decisão Clínica;6868,0
HJXXIII;2019,0;3,0;Unidade de Urgência - Maternidade;6868,0
HJXXIII;2019,0;3,0;Unidade Urgência Emergência Ginecológica-Obstetrícia;6868,0
HJXXIII;2019,0;3,0;Unidade Urgência/Emergência;6868,0
HJXXIII;2019,0;3,0;Unidade Urgência-Emergência;6868,0
HJXXIII;2019,0;3,0;UUE/HRB/CHB;6868,0
HJXXIII;2019,0;4,0;Pronto Atendimento;7196,0
HJXXIII;2019,0;4,0;UDC - Unidade de Decisão Clínica;7196,0
HJXXIII;2019,0;4,0;Unidade de Decisão Clínica;7196,0
HJXXIII;2019,0;4,0;Unidade de Urgência - Maternidade;7196,0
HJXXIII;2019,0;4,0;Unidade Urgência Emergência Ginecológica-Obstetrícia;7196,0
HJXXIII;2019,0;4,0;Unidade Urgência/Emergência;7196,0
HJXXIII;2019,0;4,0;Unidade Urgência-Emergência;7196,0
HJXXIII;2019,0;4,0;UUE/HRB/CHB;7196,0
HJXXIII;2019,0;5,0;Pronto Atendimento;7236,0
HJXXIII;2019,0;5,0;UDC - Unidade de Decisão Clínica;7236,0
HJXXIII;2019,0;5,0;Unidade de Decisão Clínica;7236,0
HJXXIII;2019,0;5,0;Unidade de Urgência - Maternidade;7236,0
HJXXIII;2019,0;5,0;Unidade Urgência Emergência Ginecológica-Obstetrícia;7236,0
HJXXIII;2019,0;5,0;Unidade Urgência/Emergência;7236,0
HJXXIII;2019,0;5,0;Unidade Urgência-Emergência;7236,0
HJXXIII;2019,0;5,0;UUE/HRB/CHB;7236,0
HJXXIII;2019,0;6,0;Pronto Atendimento;6309,0
HJXXIII;2019,0;6,0;UDC - Unidade de Decisão Clínica;6309,0
HJXXIII;2019,0;6,0;Unidade de Decisão Clínica;6309,0
HJXXIII;2019,0;6,0;Unidade de Urgência - Maternidade;6309,0
HJXXIII;2019,0;6,0;Unidade Urgência Emergência Ginecológica-Obstetrícia;6309,0
HJXXIII;2019,0;6,0;Unidade Urgência/Emergência;6309,0
HJXXIII;2019,0;6,0;Unidade Urgência-Emergência;6309,0
HJXXIII;2019,0;6,0;UUE/HRB/CHB;6309,0
HJXXIII;2019,0;7,0;Pronto Atendimento;6378,0
HJXXIII;2019,0;7,0;UDC - Unidade de Decisão Clínica;6378,0
HJXXIII;2019,0;7,0;Unidade de Decisão Clínica;6378,0
HJXXIII;2019,0;7,0;Unidade de Urgência - Maternidade;6378,0
HJXXIII;2019,0;7,0;Unidade Urgência Emergência Ginecológica-Obstetrícia;6378,0
HJXXIII;2019,0;7,0;Unidade Urgência/Emergência;6378,0
HJXXIII;2019,0;7,0;Unidade Urgência-Emergência;6378,0
HJXXIII;2019,0;7,0;UUE/HRB/CHB;6378,0
HJXXIII;2019,0;8,0;Pronto Atendimento;6529,0
HJXXIII;2019,0;8,0;UDC - Unidade de Decisão Clínica;6529,0
HJXXIII;2019,0;8,0;Unidade de Decisão Clínica;6529,0
HJXXIII;2019,0;8,0;Unidade de Urgência - Maternidade;6529,0
HJXXIII;2019,0;8,0;Unidade Urgência Emergência Ginecológica-Obstetrícia;6529,0
HJXXIII;2019,0;8,0;Unidade Urgência/Emergência;6529,0
HJXXIII;2019,0;8,0;Unidade Urgência-Emergência;6529,0
HJXXIII;2019,0;8,0;UUE/HRB/CHB;6529,0
HJXXIII;2019,0;9,0;Pronto Atendimento;6646,0
HJXXIII;2019,0;9,0;UDC - Unidade de Decisão Clínica;6646,0
HJXXIII;2019,0;9,0;Unidade de Decisão Clínica;6646,0
HJXXIII;2019,0;9,0;Unidade de Urgência - Maternidade;6646,0
HJXXIII;2019,0;9,0;Unidade Urgência Emergência Ginecológica-Obstetrícia;6646,0
HJXXIII;2019,0;9,0;Unidade Urgência/Emergência;6646,0
HJXXIII;2019,0;9,0;Unidade Urgência-Emergência;6646,0
HJXXIII;2019,0;9,0;UUE/HRB/CHB;6646,0
HJXXIII;2019,0;10,0;Pronto Atendimento;7267,0
HJXXIII;2019,0;10,0;UDC - Unidade de Decisão Clínica;7267,0
HJXXIII;2019,0;10,0;Unidade de Decisão Clínica;7267,0
HJXXIII;2019,0;10,0;Unidade de Urgência - Maternidade;7267,0
HJXXIII;2019,0;10,0;Unidade Urgência Emergência Ginecológica-Obstetrícia;7267,0
HJXXIII;2019,0;10,0;Unidade Urgência/Emergência;7267,0
HJXXIII;2019,0;10,0;Unidade Urgência-Emergência;7267,0
HJXXIII;2019,0;10,0;UUE/HRB/CHB;7267,0
HJXXIII;2019,0;11,0;Pronto Atendimento;7115,0
HJXXIII;2019,0;11,0;UDC - Unidade de Decisão Clínica;7115,0
HJXXIII;2019,0;11,0;Unidade de Decisão Clínica;7115,0
HJXXIII;2019,0;11,0;Unidade de Urgência - Maternidade;7115,0
HJXXIII;2019,0;11,0;Unidade Urgência Emergência Ginecológica-Obstetrícia;7115,0
HJXXIII;2019,0;11,0;Unidade Urgência/Emergência;7115,0
HJXXIII;2019,0;11,0;Unidade Urgência-Emergência;7115,0
HJXXIII;2019,0;11,0;UUE/HRB/CHB;7115,0
HJXXIII;2019,0;12,0;Pronto Atendimento;7186,0
HJXXIII;2019,0;12,0;UDC - Unidade de Decisão Clínica;7186,0
HJXXIII;2019,0;12,0;Unidade de Decisão Clínica;7186,0
HJXXIII;2019,0;12,0;Unidade de Urgência - Maternidade;7186,0
HJXXIII;2019,0;12,0;Unidade Urgência Emergência Ginecológica-Obstetrícia;7186,0
HJXXIII;2019,0;12,0;Unidade Urgência/Emergência;7186,0
HJXXIII;2019,0;12,0;Unidade Urgência-Emergência;7186,0
HJXXIII;2019,0;12,0;UUE/HRB/CHB;7186,0
HJXXIII;2020,0;1,0;Pronto Atendimento;6831,0
HJXXIII;2020,0;1,0;UDC - Unidade de Decisão Clínica;6831,0
HJXXIII;2020,0;1,0;Unidade de Decisão Clínica;6831,0
HJXXIII;2020,0;1,0;Unidade de Urgência - Maternidade;6831,0
HJXXIII;2020,0;1,0;Unidade Urgência Emergência Ginecológica-Obstetrícia;6831,0
HJXXIII;2020,0;1,0;Unidade Urgência/Emergência;6831,0
HJXXIII;2020,0;1,0;Unidade Urgência-Emergência;6831,0
HJXXIII;2020,0;1,0;UUE/HRB/CHB;6831,0
HJXXIII;2020,0;2,0;Pronto Atendimento;6164,0
HJXXIII;2020,0;2,0;UDC - Unidade de Decisão Clínica;6164,0
HJXXIII;2020,0;2,0;Unidade de Decisão Clínica;6164,0
HJXXIII;2020,0;2,0;Unidade de Urgência - Maternidade;6164,0
HJXXIII;2020,0;2,0;Unidade Urgência Emergência Ginecológica-Obstetrícia;6164,0
HJXXIII;2020,0;2,0;Unidade Urgência/Emergência;6164,0
HJXXIII;2020,0;2,0;Unidade Urgência-Emergência;6164,0
HJXXIII;2020,0;2,0;UUE/HRB/CHB;6164,0
HJXXIII;2020,0;3,0;Pronto Atendimento;5456,0
HJXXIII;2020,0;3,0;UDC - Unidade de Decisão Clínica;5456,0
HJXXIII;2020,0;3,0;Unidade de Decisão Clínica;5456,0
HJXXIII;2020,0;3,0;Unidade de Urgência - Maternidade;5456,0
HJXXIII;2020,0;3,0;Unidade Urgência Emergência Ginecológica-Obstetrícia;5456,0
HJXXIII;2020,0;3,0;Unidade Urgência/Emergência;5456,0
HJXXIII;2020,0;3,0;Unidade Urgência-Emergência;5456,0
HJXXIII;2020,0;3,0;UUE/HRB/CHB;5456,0
HJXXIII;2020,0;4,0;Pronto Atendimento;3425,0
HJXXIII;2020,0;4,0;UDC - Unidade de Decisão Clínica;3425,0
HJXXIII;2020,0;4,0;Unidade de Decisão Clínica;3425,0
HJXXIII;2020,0;4,0;Unidade de Urgência - Maternidade;3425,0
HJXXIII;2020,0;4,0;Unidade Urgência Emergência Ginecológica-Obstetrícia;3425,0
HJXXIII;2020,0;4,0;Unidade Urgência/Emergência;3425,0
HJXXIII;2020,0;4,0;Unidade Urgência-Emergência;3425,0
HJXXIII;2020,0;4,0;UUE/HRB/CHB;3425,0
HJXXIII;2020,0;5,0;Pronto Atendimento;3805,0
HJXXIII;2020,0;5,0;UDC - Unidade de Decisão Clínica;3805,0
HJXXIII;2020,0;5,0;Unidade de Decisão Clínica;3805,0
HJXXIII;2020,0;5,0;Unidade de Urgência - Maternidade;3805,0
HJXXIII;2020,0;5,0;Unidade Urgência Emergência Ginecológica-Obstetrícia;3805,0
HJXXIII;2020,0;5,0;Unidade Urgência/Emergência;3805,0
HJXXIII;2020,0;5,0;Unidade Urgência-Emergência;3805,0
HJXXIII;2020,0;5,0;UUE/HRB/CHB;3805,0
HJXXIII;2020,0;6,0;Pronto Atendimento;4321,0
HJXXIII;2020,0;6,0;UDC - Unidade de Decisão Clínica;4321,0
HJXXIII;2020,0;6,0;Unidade de Decisão Clínica;4321,0
HJXXIII;2020,0;6,0;Unidade de Urgência - Maternidade;4321,0
HJXXIII;2020,0;6,0;Unidade Urgência Emergência Ginecológica-Obstetrícia;4321,0
HJXXIII;2020,0;6,0;Unidade Urgência/Emergência;4321,0
HJXXIII;2020,0;6,0;Unidade Urgência-Emergência;4321,0
HJXXIII;2020,0;6,0;UUE/HRB/CHB;4321,0
HJXXIII;2020,0;7,0;Pronto Atendimento;4264,0
HJXXIII;2020,0;7,0;UDC - Unidade de Decisão Clínica;4264,0
HJXXIII;2020,0;7,0;Unidade de Decisão Clínica;4264,0
HJXXIII;2020,0;7,0;Unidade de Urgência - Maternidade;4264,0
HJXXIII;2020,0;7,0;Unidade Urgência Emergência Ginecológica-Obstetrícia;4264,0
HJXXIII;2020,0;7,0;Unidade Urgência/Emergência;4264,0
HJXXIII;2020,0;7,0;Unidade Urgência-Emergência;4264,0
HJXXIII;2020,0;7,0;UUE/HRB/CHB;4264,0
HJXXIII;2020,0;8,0;Pronto Atendimento;4603,0
HJXXIII;2020,0;8,0;UDC - Unidade de Decisão Clínica;4603,0
HJXXIII;2020,0;8,0;Unidade de Decisão Clínica;4603,0
HJXXIII;2020,0;8,0;Unidade de Urgência - Maternidade;4603,0
HJXXIII;2020,0;8,0;Unidade Urgência Emergência Ginecológica-Obstetrícia;4603,0
HJXXIII;2020,0;8,0;Unidade Urgência/Emergência;4603,0
HJXXIII;2020,0;8,0;Unidade Urgência-Emergência;4603,0
HJXXIII;2020,0;8,0;UUE/HRB/CHB;4603,0
HJXXIII;2020,0;9,0;Pronto Atendimento;5328,0
HJXXIII;2020,0;9,0;UDC - Unidade de Decisão Clínica;5328,0
HJXXIII;2020,0;9,0;Unidade de Decisão Clínica;5328,0
HJXXIII;2020,0;9,0;Unidade de Urgência - Maternidade;5328,0
HJXXIII;2020,0;9,0;Unidade Urgência Emergência Ginecológica-Obstetrícia;5328,0
HJXXIII;2020,0;9,0;Unidade Urgência/Emergência;5328,0
HJXXIII;2020,0;9,0;Unidade Urgência-Emergência;5328,0
HJXXIII;2020,0;9,0;UUE/HRB/CHB;5328,0
HJXXIII;2020,0;10,0;Pronto Atendimento;5459,0
HJXXIII;2020,0;10,0;UDC - Unidade de Decisão Clínica;5459,0
HJXXIII;2020,0;10,0;Unidade de Decisão Clínica;5459,0
HJXXIII;2020,0;10,0;Unidade de Urgência - Maternidade;5459,0
HJXXIII;2020,0;10,0;Unidade Urgência Emergência Ginecológica-Obstetrícia;5459,0
HJXXIII;2020,0;10,0;Unidade Urgência/Emergência;5459,0
HJXXIII;2020,0;10,0;Unidade Urgência-Emergência;5459,0
HJXXIII;2020,0;10,0;UUE/HRB/CHB;5459,0
HJXXIII;2020,0;11,0;Pronto Atendimento;5466,0
HJXXIII;2020,0;11,0;UDC - Unidade de Decisão Clínica;5466,0
HJXXIII;2020,0;11,0;Unidade de Decisão Clínica;5466,0
HJXXIII;2020,0;11,0;Unidade de Urgência - Maternidade;5466,0
HJXXIII;2020,0;11,0;Unidade Urgência Emergência Ginecológica-Obstetrícia;5466,0
HJXXIII;2020,0;11,0;Unidade Urgência/Emergência;5466,0
HJXXIII;2020,0;11,0;Unidade Urgência-Emergência;5466,0
HJXXIII;2020,0;11,0;UUE/HRB/CHB;5466,0
HJXXIII;2020,0;12,0;Pronto Atendimento;5531,0
HJXXIII;2020,0;12,0;UDC - Unidade de Decisão Clínica;5531,0
HJXXIII;2020,0;12,0;Unidade de Decisão Clínica;5531,0
HJXXIII;2020,0;12,0;Unidade de Urgência - Maternidade;5531,0
HJXXIII;2020,0;12,0;Unidade Urgência Emergência Ginecológica-Obstetrícia;5531,0
HJXXIII;2020,0;12,0;Unidade Urgência/Emergência;5531,0
HJXXIII;2020,0;12,0;Unidade Urgência-Emergência;5531,0
HJXXIII;2020,0;12,0;UUE/HRB/CHB;5531,0
HJXXIII;2021,0;1,0;Pronto Atendimento;5143,0
HJXXIII;2021,0;1,0;UDC - Unidade de Decisão Clínica;5143,0
HJXXIII;2021,0;1,0;Unidade de Decisão Clínica;5143,0
HJXXIII;2021,0;1,0;Unidade de Urgência - Maternidade;5143,0
HJXXIII;2021,0;1,0;Unidade Urgência Emergência Ginecológica-Obstetrícia;5143,0
HJXXIII;2021,0;1,0;Unidade Urgência/Emergência;5143,0
HJXXIII;2021,0;1,0;Unidade Urgência-Emergência;5143,0
HJXXIII;2021,0;1,0;UUE/HRB/CHB;5143,0
HJXXIII;2021,0;2,0;Pronto Atendimento;4702,0
HJXXIII;2021,0;2,0;UDC - Unidade de Decisão Clínica;4702,0
HJXXIII;2021,0;2,0;Unidade de Decisão Clínica;4702,0
HJXXIII;2021,0;2,0;Unidade de Urgência - Maternidade;4702,0
HJXXIII;2021,0;2,0;Unidade Urgência Emergência Ginecológica-Obstetrícia;4702,0
HJXXIII;2021,0;2,0;Unidade Urgência/Emergência;4702,0
HJXXIII;2021,0;2,0;Unidade Urgência-Emergência;4702,0
HJXXIII;2021,0;2,0;UUE/HRB/CHB;4702,0
HJXXIII;2021,0;3,0;Pronto Atendimento;4340,0
HJXXIII;2021,0;3,0;UDC - Unidade de Decisão Clínica;4340,0
HJXXIII;2021,0;3,0;Unidade de Decisão Clínica;4340,0
HJXXIII;2021,0;3,0;Unidade de Urgência - Maternidade;4340,0
HJXXIII;2021,0;3,0;Unidade Urgência Emergência Ginecológica-Obstetrícia;4340,0
HJXXIII;2021,0;3,0;Unidade Urgência/Emergência;4340,0
HJXXIII;2021,0;3,0;Unidade Urgência-Emergência;4340,0
HJXXIII;2021,0;3,0;UUE/HRB/CHB;4340,0
HJXXIII;2021,0;4,0;Pronto Atendimento;4153,0
HJXXIII;2021,0;4,0;UDC - Unidade de Decisão Clínica;4153,0
HJXXIII;2021,0;4,0;Unidade de Decisão Clínica;4153,0
HJXXIII;2021,0;4,0;Unidade de Urgência - Maternidade;4153,0
HJXXIII;2021,0;4,0;Unidade Urgência Emergência Ginecológica-Obstetrícia;4153,0
HJXXIII;2021,0;4,0;Unidade Urgência/Emergência;4153,0
HJXXIII;2021,0;4,0;Unidade Urgência-Emergência;4153,0
HJXXIII;2021,0;4,0;UUE/HRB/CHB;4153,0
HJXXIII;2021,0;5,0;Pronto Atendimento;4466,0
HJXXIII;2021,0;5,0;UDC - Unidade de Decisão Clínica;4466,0
HJXXIII;2021,0;5,0;Unidade de Decisão Clínica;4466,0
HJXXIII;2021,0;5,0;Unidade de Urgência - Maternidade;4466,0
HJXXIII;2021,0;5,0;Unidade Urgência Emergência Ginecológica-Obstetrícia;4466,0
HJXXIII;2021,0;5,0;Unidade Urgência/Emergência;4466,0
HJXXIII;2021,0;5,0;Unidade Urgência-Emergência;4466,0
HJXXIII;2021,0;5,0;UUE/HRB/CHB;4466,0
HJXXIII;2021,0;6,0;Pronto Atendimento;4276,0
HJXXIII;2021,0;6,0;UDC - Unidade de Decisão Clínica;4276,0
HJXXIII;2021,0;6,0;Unidade de Decisão Clínica;4276,0
HJXXIII;2021,0;6,0;Unidade de Urgência - Maternidade;4276,0
HJXXIII;2021,0;6,0;Unidade Urgência Emergência Ginecológica-Obstetrícia;4276,0
HJXXIII;2021,0;6,0;Unidade Urgência/Emergência;4276,0
HJXXIII;2021,0;6,0;Unidade Urgência-Emergência;4276,0
HJXXIII;2021,0;6,0;UUE/HRB/CHB;4276,0
HJXXIII;2021,0;7,0;Pronto Atendimento;4302,0
HJXXIII;2021,0;7,0;UDC - Unidade de Decisão Clínica;4302,0
HJXXIII;2021,0;7,0;Unidade de Decisão Clínica;4302,0
HJXXIII;2021,0;7,0;Unidade de Urgência - Maternidade;4302,0
HJXXIII;2021,0;7,0;Unidade Urgência Emergência Ginecológica-Obstetrícia;4302,0
HJXXIII;2021,0;7,0;Unidade Urgência/Emergência;4302,0
HJXXIII;2021,0;7,0;Unidade Urgência-Emergência;4302,0
HJXXIII;2021,0;7,0;UUE/HRB/CHB;4302,0
HJXXIII;2021,0;8,0;Pronto Atendimento;4886,0
HJXXIII;2021,0;8,0;UDC - Unidade de Decisão Clínica;4886,0
HJXXIII;2021,0;8,0;Unidade de Decisão Clínica;4886,0
HJXXIII;2021,0;8,0;Unidade de Urgência - Maternidade;4886,0
HJXXIII;2021,0;8,0;Unidade Urgência Emergência Ginecológica-Obstetrícia;4886,0
HJXXIII;2021,0;8,0;Unidade Urgência/Emergência;4886,0
HJXXIII;2021,0;8,0;Unidade Urgência-Emergência;4886,0
HJXXIII;2021,0;8,0;UUE/HRB/CHB;4886,0
HJXXIII;2021,0;9,0;Pronto Atendimento;4928,0
HJXXIII;2021,0;9,0;UDC - Unidade de Decisão Clínica;4928,0
HJXXIII;2021,0;9,0;Unidade de Decisão Clínica;4928,0
HJXXIII;2021,0;9,0;Unidade de Urgência - Maternidade;4928,0
HJXXIII;2021,0;9,0;Unidade Urgência Emergência Ginecológica-Obstetrícia;4928,0
HJXXIII;2021,0;9,0;Unidade Urgência/Emergência;4928,0
HJXXIII;2021,0;9,0;Unidade Urgência-Emergência;4928,0
HJXXIII;2021,0;9,0;UUE/HRB/CHB;4928,0
HJXXIII;2021,0;10,0;Pronto Atendimento;4906,0
HJXXIII;2021,0;10,0;UDC - Unidade de Decisão Clínica;4906,0
HJXXIII;2021,0;10,0;Unidade de Decisão Clínica;4906,0
HJXXIII;2021,0;10,0;Unidade de Urgência - Maternidade;4906,0
HJXXIII;2021,0;10,0;Unidade Urgência Emergência Ginecológica-Obstetrícia;4906,0
HJXXIII;2021,0;10,0;Unidade Urgência/Emergência;4906,0
HJXXIII;2021,0;10,0;Unidade Urgência-Emergência;4906,0
HJXXIII;2021,0;10,0;UUE/HRB/CHB;4906,0
HJXXIII;2021,0;11,0;Pronto Atendimento;5196,0
HJXXIII;2021,0;11,0;UDC - Unidade de Decisão Clínica;5196,0
HJXXIII;2021,0;11,0;Unidade de Decisão Clínica;5196,0
HJXXIII;2021,0;11,0;Unidade de Urgência - Maternidade;5196,0
HJXXIII;2021,0;11,0;Unidade Urgência Emergência Ginecológica-Obstetrícia;5196,0
HJXXIII;2021,0;11,0;Unidade Urgência/Emergência;5196,0
HJXXIII;2021,0;11,0;Unidade Urgência-Emergência;5196,0
HJXXIII;2021,0;11,0;UUE/HRB/CHB;5196,0
HJXXIII;2021,0;12,0;Pronto Atendimento;5468,0
HJXXIII;2021,0;12,0;UDC - Unidade de Decisão Clínica;5468,0
HJXXIII;2021,0;12,0;Unidade de Decisão Clínica;5468,0
HJXXIII;2021,0;12,0;Unidade de Urgência - Maternidade;5468,0
HJXXIII;2021,0;12,0;Unidade Urgência Emergência Ginecológica-Obstetrícia;5468,0
HJXXIII;2021,0;12,0;Unidade Urgência/Emergência;5468,0
HJXXIII;2021,0;12,0;Unidade Urgência-Emergência;5468,0
HJXXIII;2021,0;12,0;UUE/HRB/CHB;5468,0
HJXXIII;2022,0;1,0;Pronto Atendimento;5050,0
HJXXIII;2022,0;1,0;UDC - Unidade de Decisão Clínica;5050,0
HJXXIII;2022,0;1,0;Unidade de Decisão Clínica;5050,0
HJXXIII;2022,0;1,0;Unidade de Urgência - Maternidade;5050,0
HJXXIII;2022,0;1,0;Unidade Urgência Emergência Ginecológica-Obstetrícia;5050,0
HJXXIII;2022,0;1,0;Unidade Urgência/Emergência;5050,0
HJXXIII;2022,0;1,0;Unidade Urgência-Emergência;5050,0
HJXXIII;2022,0;1,0;UUE/HRB/CHB;5050,0
HJXXIII;2022,0;2,0;Pronto Atendimento;4327,0
HJXXIII;2022,0;2,0;UDC - Unidade de Decisão Clínica;4327,0
HJXXIII;2022,0;2,0;Unidade de Decisão Clínica;4327,0
HJXXIII;2022,0;2,0;Unidade de Urgência - Maternidade;4327,0
HJXXIII;2022,0;2,0;Unidade Urgência Emergência Ginecológica-Obstetrícia;4327,0
HJXXIII;2022,0;2,0;Unidade Urgência/Emergência;4327,0
HJXXIII;2022,0;2,0;Unidade Urgência-Emergência;4327,0
HJXXIII;2022,0;2,0;UUE/HRB/CHB;4327,0
HJXXIII;2022,0;3,0;Pronto Atendimento;5272,0
HJXXIII;2022,0;3,0;UDC - Unidade de Decisão Clínica;5272,0
HJXXIII;2022,0;3,0;Unidade de Decisão Clínica;5272,0
HJXXIII;2022,0;3,0;Unidade de Urgência - Maternidade;5272,0
HJXXIII;2022,0;3,0;Unidade Urgência Emergência Ginecológica-Obstetrícia;5272,0
HJXXIII;2022,0;3,0;Unidade Urgência/Emergência;5272,0
HJXXIII;2022,0;3,0;Unidade Urgência-Emergência;5272,0
HJXXIII;2022,0;3,0;UUE/HRB/CHB;5272,0
HJXXIII;2022,0;4,0;Pronto Atendimento;4929,0
HJXXIII;2022,0;4,0;UDC - Unidade de Decisão Clínica;4929,0
HJXXIII;2022,0;4,0;Unidade de Decisão Clínica;4929,0
HJXXIII;2022,0;4,0;Unidade de Urgência - Maternidade;4929,0
HJXXIII;2022,0;4,0;Unidade Urgência Emergência Ginecológica-Obstetrícia;4929,0
HJXXIII;2022,0;4,0;Unidade Urgência/Emergência;4929,0
HJXXIII;2022,0;4,0;Unidade Urgência-Emergência;4929,0
HJXXIII;2022,0;4,0;UUE/HRB/CHB;4929,0
HJXXIII;2022,0;5,0;Pronto Atendimento;5068,0
HJXXIII;2022,0;5,0;UDC - Unidade de Decisão Clínica;5068,0
HJXXIII;2022,0;5,0;Unidade de Decisão Clínica;5068,0
HJXXIII;2022,0;5,0;Unidade de Urgência - Maternidade;5068,0
HJXXIII;2022,0;5,0;Unidade Urgência Emergência Ginecológica-Obstetrícia;5068,0
HJXXIII;2022,0;5,0;Unidade Urgência/Emergência;5068,0
HJXXIII;2022,0;5,0;Unidade Urgência-Emergência;5068,0
HJXXIII;2022,0;5,0;UUE/HRB/CHB;5068,0
HJXXIII;2022,0;6,0;Pronto Atendimento;5137,0
HJXXIII;2022,0;6,0;UDC - Unidade de Decisão Clínica;5137,0
HJXXIII;2022,0;6,0;Unidade de Decisão Clínica;5137,0
HJXXIII;2022,0;6,0;Unidade de Urgência - Maternidade;5137,0
HJXXIII;2022,0;6,0;Unidade Urgência Emergência Ginecológica-Obstetrícia;5137,0
HJXXIII;2022,0;6,0;Unidade Urgência/Emergência;5137,0
HJXXIII;2022,0;6,0;Unidade Urgência-Emergência;5137,0
HJXXIII;2022,0;6,0;UUE/HRB/CHB;5137,0
HJXXIII;2022,0;7,0;Pronto Atendimento;5029,0
HJXXIII;2022,0;7,0;UDC - Unidade de Decisão Clínica;5029,0
HJXXIII;2022,0;7,0;Unidade de Decisão Clínica;5029,0
HJXXIII;2022,0;7,0;Unidade de Urgência - Maternidade;5029,0
HJXXIII;2022,0;7,0;Unidade Urgência Emergência Ginecológica-Obstetrícia;5029,0
HJXXIII;2022,0;7,0;Unidade Urgência/Emergência;5029,0
HJXXIII;2022,0;7,0;Unidade Urgência-Emergência;5029,0
HJXXIII;2022,0;7,0;UUE/HRB/CHB;5029,0
HJXXIII;2022,0;8,0;Pronto Atendimento;5116,0
HJXXIII;2022,0;8,0;UDC - Unidade de Decisão Clínica;5116,0
HJXXIII;2022,0;8,0;Unidade de Decisão Clínica;5116,0
HJXXIII;2022,0;8,0;Unidade de Urgência - Maternidade;5116,0
HJXXIII;2022,0;8,0;Unidade Urgência Emergência Ginecológica-Obstetrícia;5116,0
HJXXIII;2022,0;8,0;Unidade Urgência/Emergência;5116,0
HJXXIII;2022,0;8,0;Unidade Urgência-Emergência;5116,0
HJXXIII;2022,0;8,0;UUE/HRB/CHB;5116,0
HJXXIII;2022,0;9,0;Pronto Atendimento;5297,0
HJXXIII;2022,0;9,0;UDC - Unidade de Decisão Clínica;5297,0
HJXXIII;2022,0;9,0;Unidade de Decisão Clínica;5297,0
HJXXIII;2022,0;9,0;Unidade de Urgência - Maternidade;5297,0
HJXXIII;2022,0;9,0;Unidade Urgência Emergência Ginecológica-Obstetrícia;5297,0
HJXXIII;2022,0;9,0;Unidade Urgência/Emergência;5297,0
HJXXIII;2022,0;9,0;Unidade Urgência-Emergência;5297,0
HJXXIII;2022,0;9,0;UUE/HRB/CHB;5297,0
HJXXIII;2022,0;10,0;Pronto Atendimento;5601,0
HJXXIII;2022,0;10,0;UDC - Unidade de Decisão Clínica;5601,0
HJXXIII;2022,0;10,0;Unidade de Decisão Clínica;5601,0
HJXXIII;2022,0;10,0;Unidade de Urgência - Maternidade;5601,0
HJXXIII;2022,0;10,0;Unidade Urgência Emergência Ginecológica-Obstetrícia;5601,0
HJXXIII;2022,0;10,0;Unidade Urgência/Emergência;5601,0
HJXXIII;2022,0;10,0;Unidade Urgência-Emergência;5601,0
HJXXIII;2022,0;10,0;UUE/HRB/CHB;5601,0
HJXXIII;2022,0;11,0;Pronto Atendimento;5130,0
HJXXIII;2022,0;11,0;UDC - Unidade de Decisão Clínica;5130,0
HJXXIII;2022,0;11,0;Unidade de Decisão Clínica;5130,0
HJXXIII;2022,0;11,0;Unidade de Urgência - Maternidade;5130,0
HJXXIII;2022,0;11,0;Unidade Urgência Emergência Ginecológica-Obstetrícia;5130,0
HJXXIII;2022,0;11,0;Unidade Urgência/Emergência;5130,0
HJXXIII;2022,0;11,0;Unidade Urgência-Emergência;5130,0
HJXXIII;2022,0;11,0;UUE/HRB/CHB;5130,0
HJXXIII;2022,0;12,0;Pronto Atendimento;4927,0
HJXXIII;2022,0;12,0;UDC - Unidade de Decisão Clínica;4927,0
HJXXIII;2022,0;12,0;Unidade de Decisão Clínica;4927,0
HJXXIII;2022,0;12,0;Unidade de Urgência - Maternidade;4927,0
HJXXIII;2022,0;12,0;Unidade Urgência Emergência Ginecológica-Obstetrícia;4927,0
HJXXIII;2022,0;12,0;Unidade Urgência/Emergência;4927,0
HJXXIII;2022,0;12,0;Unidade Urgência-Emergência;4927,0
HJXXIII;2022,0;12,0;UUE/HRB/CHB;4927,0
HJXXIII;2023,0;1,0;Pronto Atendimento;5439,0
HJXXIII;2023,0;1,0;UDC - Unidade de Decisão Clínica;5439,0
HJXXIII;2023,0;1,0;Unidade de Decisão Clínica;5439,0
HJXXIII;2023,0;1,0;Unidade de Urgência - Maternidade;5439,0
HJXXIII;2023,0;1,0;Unidade Urgência Emergência Ginecológica-Obstetrícia;5439,0
HJXXIII;2023,0;1,0;Unidade Urgência/Emergência;5439,0
HJXXIII;2023,0;1,0;Unidade Urgência-Emergência;5439,0
HJXXIII;2023,0;1,0;UUE/HRB/CHB;5439,0
HJXXIII;2023,0;2,0;Pronto Atendimento;5216,0
HJXXIII;2023,0;2,0;UDC - Unidade de Decisão Clínica;5216,0
HJXXIII;2023,0;2,0;Unidade de Decisão Clínica;5216,0
HJXXIII;2023,0;2,0;Unidade de Urgência - Maternidade;5216,0
HJXXIII;2023,0;2,0;Unidade Urgência Emergência Ginecológica-Obstetrícia;5216,0
HJXXIII;2023,0;2,0;Unidade Urgência/Emergência;5216,0
HJXXIII;2023,0;2,0;Unidade Urgência-Emergência;5216,0
HJXXIII;2023,0;2,0;UUE/HRB/CHB;5216,0
HJXXIII;2023,0;3,0;Pronto Atendimento;5832,0
HJXXIII;2023,0;3,0;UDC - Unidade de Decisão Clínica;5832,0
HJXXIII;2023,0;3,0;Unidade de Decisão Clínica;5832,0
HJXXIII;2023,0;3,0;Unidade de Urgência - Maternidade;5832,0
HJXXIII;2023,0;3,0;Unidade Urgência Emergência Ginecológica-Obstetrícia;5832,0
HJXXIII;2023,0;3,0;Unidade Urgência/Emergência;5832,0
HJXXIII;2023,0;3,0;Unidade Urgência-Emergência;5832,0
HJXXIII;2023,0;3,0;UUE/HRB/CHB;5832,0
HJXXIII;2023,0;4,0;Pronto Atendimento;5176,0
HJXXIII;2023,0;4,0;UDC - Unidade de Decisão Clínica;5176,0
HJXXIII;2023,0;4,0;Unidade de Decisão Clínica;5176,0
HJXXIII;2023,0;4,0;Unidade de Urgência - Maternidade;5176,0
HJXXIII;2023,0;4,0;Unidade Urgência Emergência Ginecológica-Obstetrícia;5176,0
HJXXIII;2023,0;4,0;Unidade Urgência/Emergência;5176,0
HJXXIII;2023,0;4,0;Unidade Urgência-Emergência;5176,0
HJXXIII;2023,0;4,0;UUE/HRB/CHB;5176,0
HJXXIII;2023,0;5,0;Pronto Atendimento;5425,0
HJXXIII;2023,0;5,0;UDC - Unidade de Decisão Clínica;5425,0
HJXXIII;2023,0;5,0;Unidade de Decisão Clínica;5425,0
HJXXIII;2023,0;5,0;Unidade de Urgência - Maternidade;5425,0
HJXXIII;2023,0;5,0;Unidade Urgência Emergência Ginecológica-Obstetrícia;5425,0
HJXXIII;2023,0;5,0;Unidade Urgência/Emergência;5425,0
HJXXIII;2023,0;5,0;Unidade Urgência-Emergência;5425,0
HJXXIII;2023,0;5,0;UUE/HRB/CHB;5425,0
HJXXIII;2023,0;6,0;Pronto Atendimento;4830,0
HJXXIII;2023,0;6,0;UDC - Unidade de Decisão Clínica;4830,0
HJXXIII;2023,0;6,0;Unidade de Decisão Clínica;4830,0
HJXXIII;2023,0;6,0;Unidade de Urgência - Maternidade;4830,0
HJXXIII;2023,0;6,0;Unidade Urgência Emergência Ginecológica-Obstetrícia;4830,0
HJXXIII;2023,0;6,0;Unidade Urgência/Emergência;4830,0
HJXXIII;2023,0;6,0;Unidade Urgência-Emergência;4830,0
HJXXIII;2023,0;6,0;UUE/HRB/CHB;4830,0
HJXXIII;2023,0;7,0;Pronto Atendimento;4940,0
HJXXIII;2023,0;7,0;UDC - Unidade de Decisão Clínica;4940,0
HJXXIII;2023,0;7,0;Unidade de Decisão Clínica;4940,0
HJXXIII;2023,0;7,0;Unidade de Urgência - Maternidade;4940,0
HJXXIII;2023,0;7,0;Unidade Urgência Emergência Ginecológica-Obstetrícia;4940,0
HJXXIII;2023,0;7,0;Unidade Urgência/Emergência;4940,0
HJXXIII;2023,0;7,0;Unidade Urgência-Emergência;4940,0
HJXXIII;2023,0;7,0;UUE/HRB/CHB;4940,0
HJXXIII;2023,0;8,0;Pronto Atendimento;5371,0
HJXXIII;2023,0;8,0;UDC - Unidade de Decisão Clínica;5371,0
HJXXIII;2023,0;8,0;Unidade de Decisão Clínica;5371,0
HJXXIII;2023,0;8,0;Unidade de Urgência - Maternidade;5371,0
HJXXIII;2023,0;8,0;Unidade Urgência Emergência Ginecológica-Obstetrícia;5371,0
HJXXIII;2023,0;8,0;Unidade Urgência/Emergência;5371,0
HJXXIII;2023,0;8,0;Unidade Urgência-Emergência;5371,0
HJXXIII;2023,0;8,0;UUE/HRB/CHB;5371,0
HJXXIII;2023,0;9,0;Pronto Atendimento;6004,0
HJXXIII;2023,0;9,0;UDC - Unidade de Decisão Clínica;6004,0
HJXXIII;2023,0;9,0;Unidade de Decisão Clínica;6004,0
HJXXIII;2023,0;9,0;Unidade de Urgência - Maternidade;6004,0
HJXXIII;2023,0;9,0;Unidade Urgência Emergência Ginecológica-Obstetrícia;6004,0
HJXXIII;2023,0;9,0;Unidade Urgência/Emergência;6004,0
HJXXIII;2023,0;9,0;Unidade Urgência-Emergência;6004,0
HJXXIII;2023,0;9,0;UUE/HRB/CHB;6004,0
HJXXIII;2023,0;10,0;Pronto Atendimento;5995,0
HJXXIII;2023,0;10,0;UDC - Unidade de Decisão Clínica;5995,0
HJXXIII;2023,0;10,0;Unidade de Decisão Clínica;5995,0
HJXXIII;2023,0;10,0;Unidade de Urgência - Maternidade;5995,0
HJXXIII;2023,0;10,0;Unidade Urgência Emergência Ginecológica-Obstetrícia;5995,0
HJXXIII;2023,0;10,0;Unidade Urgência/Emergência;5995,0
HJXXIII;2023,0;10,0;Unidade Urgência-Emergência;5995,0
HJXXIII;2023,0;10,0;UUE/HRB/CHB;5995,0
HJXXIII;2023,0;11,0;Pronto Atendimento;6089,0
HJXXIII;2023,0;11,0;UDC - Unidade de Decisão Clínica;6089,0
HJXXIII;2023,0;11,0;Unidade de Decisão Clínica;6089,0
HJXXIII;2023,0;11,0;Unidade de Urgência - Maternidade;6089,0
HJXXIII;2023,0;11,0;Unidade Urgência Emergência Ginecológica-Obstetrícia;6089,0
HJXXIII;2023,0;11,0;Unidade Urgência/Emergência;6089,0
HJXXIII;2023,0;11,0;Unidade Urgência-Emergência;6089,0
HJXXIII;2023,0;11,0;UUE/HRB/CHB;6089,0
HJXXIII;2023,0;12,0;Pronto Atendimento;5894,0
HJXXIII;2023,0;12,0;UDC - Unidade de Decisão Clínica;5894,0
HJXXIII;2023,0;12,0;Unidade de Decisão Clínica;5894,0
HJXXIII;2023,0;12,0;Unidade de Urgência - Maternidade;5894,0
HJXXIII;2023,0;12,0;Unidade Urgência Emergência Ginecológica-Obstetrícia;5894,0
HJXXIII;2023,0;12,0;Unidade Urgência/Emergência;5894,0
HJXXIII;2023,0;12,0;Unidade Urgência-Emergência;5894,0
HJXXIII;2023,0;12,0;UUE/HRB/CHB;5894,0
HJXXIII;2024,0;1,0;Pronto Atendimento;5807,0
HJXXIII;2024,0;1,0;UDC - Unidade de Decisão Clínica;5807,0
HJXXIII;2024,0;1,0;Unidade de Decisão Clínica;5807,0
HJXXIII;2024,0;1,0;Unidade de Urgência - Maternidade;5807,0
HJXXIII;2024,0;1,0;Unidade Urgência Emergência Ginecológica-Obstetrícia;5807,0
HJXXIII;2024,0;1,0;Unidade Urgência/Emergência;5807,0
HJXXIII;2024,0;1,0;Unidade Urgência-Emergência;5807,0
HJXXIII;2024,0;1,0;UUE/HRB/CHB;5807,0
HJXXIII;2024,0;2,0;Pronto Atendimento;5672,0
HJXXIII;2024,0;2,0;UDC - Unidade de Decisão Clínica;5672,0
HJXXIII;2024,0;2,0;Unidade de Decisão Clínica;5672,0
HJXXIII;2024,0;2,0;Unidade de Urgência - Maternidade;5672,0
HJXXIII;2024,0;2,0;Unidade Urgência Emergência Ginecológica-Obstetrícia;5672,0
HJXXIII;2024,0;2,0;Unidade Urgência/Emergência;5672,0
HJXXIII;2024,0;2,0;Unidade Urgência-Emergência;5672,0
HJXXIII;2024,0;2,0;UUE/HRB/CHB;5672,0
HJXXIII;2024,0;3,0;Pronto Atendimento;6038,0
HJXXIII;2024,0;3,0;UDC - Unidade de Decisão Clínica;6038,0
HJXXIII;2024,0;3,0;Unidade de Decisão Clínica;6038,0
HJXXIII;2024,0;3,0;Unidade de Urgência - Maternidade;6038,0
HJXXIII;2024,0;3,0;Unidade Urgência Emergência Ginecológica-Obstetrícia;6038,0
HJXXIII;2024,0;3,0;Unidade Urgência/Emergência;6038,0
HJXXIII;2024,0;3,0;Unidade Urgência-Emergência;6038,0
HJXXIII;2024,0;3,0;UUE/HRB/CHB;6038,0
HJXXIII;2024,0;4,0;Pronto Atendimento;6024,0
HJXXIII;2024,0;4,0;UDC - Unidade de Decisão Clínica;6024,0
HJXXIII;2024,0;4,0;Unidade de Decisão Clínica;6024,0
HJXXIII;2024,0;4,0;Unidade de Urgência - Maternidade;6024,0
HJXXIII;2024,0;4,0;Unidade Urgência Emergência Ginecológica-Obstetrícia;6024,0
HJXXIII;2024,0;4,0;Unidade Urgência/Emergência;6024,0
HJXXIII;2024,0;4,0;Unidade Urgência-Emergência;6024,0
HJXXIII;2024,0;4,0;UUE/HRB/CHB;6024,0
HJXXIII;2024,0;5,0;Pronto Atendimento;6047,0
HJXXIII;2024,0;5,0;UDC - Unidade de Decisão Clínica;6047,0
HJXXIII;2024,0;5,0;Unidade de Decisão Clínica;6047,0
HJXXIII;2024,0;5,0;Unidade de Urgência - Maternidade;6047,0
HJXXIII;2024,0;5,0;Unidade Urgência Emergência Ginecológica-Obstetrícia;6047,0
HJXXIII;2024,0;5,0;Unidade Urgência/Emergência;6047,0
HJXXIII;2024,0;5,0;Unidade Urgência-Emergência;6047,0
HJXXIII;2024,0;5,0;UUE/HRB/CHB;6047,0
HJXXIII;2024,0;6,0;Pronto Atendimento;5524,0
HJXXIII;2024,0;6,0;UDC - Unidade de Decisão Clínica;5524,0
HJXXIII;2024,0;6,0;Unidade de Decisão Clínica;5524,0
HJXXIII;2024,0;6,0;Unidade de Urgência - Maternidade;5524,0
HJXXIII;2024,0;6,0;Unidade Urgência Emergência Ginecológica-Obstetrícia;5524,0
HJXXIII;2024,0;6,0;Unidade Urgência/Emergência;5524,0
HJXXIII;2024,0;6,0;Unidade Urgência-Emergência;5524,0
HJXXIII;2024,0;6,0;UUE/HRB/CHB;5524,0
HJXXIII;2024,0;7,0;Pronto Atendimento;5906,0
HJXXIII;2024,0;7,0;UDC - Unidade de Decisão Clínica;5906,0
HJXXIII;2024,0;7,0;Unidade de Decisão Clínica;5906,0
HJXXIII;2024,0;7,0;Unidade de Urgência - Maternidade;5906,0
HJXXIII;2024,0;7,0;Unidade Urgência Emergência Ginecológica-Obstetrícia;5906,0
HJXXIII;2024,0;7,0;Unidade Urgência/Emergência;5906,0
HJXXIII;2024,0;7,0;Unidade Urgência-Emergência;5906,0
HJXXIII;2024,0;7,0;UUE/HRB/CHB;5906,0
HJXXIII;2024,0;8,0;Pronto Atendimento;5867,0
HJXXIII;2024,0;8,0;UDC - Unidade de Decisão Clínica;5867,0
HJXXIII;2024,0;8,0;Unidade de Decisão Clínica;5867,0
HJXXIII;2024,0;8,0;Unidade de Urgência - Maternidade;5867,0
HJXXIII;2024,0;8,0;Unidade Urgência Emergência Ginecológica-Obstetrícia;5867,0
HJXXIII;2024,0;8,0;Unidade Urgência/Emergência;5867,0
HJXXIII;2024,0;8,0;Unidade Urgência-Emergência;5867,0
HJXXIII;2024,0;8,0;UUE/HRB/CHB;5867,0
HJXXIII;2024,0;9,0;Pronto Atendimento;6080,0
HJXXIII;2024,0;9,0;UDC - Unidade de Decisão Clínica;6080,0
HJXXIII;2024,0;9,0;Unidade de Decisão Clínica;6080,0
HJXXIII;2024,0;9,0;Unidade de Urgência - Maternidade;6080,0
HJXXIII;2024,0;9,0;Unidade Urgência Emergência Ginecológica-Obstetrícia;6080,0
HJXXIII;2024,0;9,0;Unidade Urgência/Emergência;6080,0
HJXXIII;2024,0;9,0;Unidade Urgência-Emergência;6080,0
HJXXIII;2024,0;9,0;UUE/HRB/CHB;6080,0
HJXXIII;2024,0;10,0;Pronto Atendimento;6243,0
HJXXIII;2024,0;10,0;UDC - Unidade de Decisão Clínica;6243,0
HJXXIII;2024,0;10,0;Unidade de Decisão Clínica;6243,0
HJXXIII;2024,0;10,0;Unidade de Urgência - Maternidade;6243,0
HJXXIII;2024,0;10,0;Unidade Urgência Emergência Ginecológica-Obstetrícia;6243,0
HJXXIII;2024,0;10,0;Unidade Urgência/Emergência;6243,0
HJXXIII;2024,0;10,0;Unidade Urgência-Emergência;6243,0
HJXXIII;2024,0;10,0;UUE/HRB/CHB;6243,0
HJXXIII;2024,0;11,0;Pronto Atendimento;5993,0
HJXXIII;2024,0;11,0;UDC - Unidade de Decisão Clínica;5993,0
HJXXIII;2024,0;11,0;Unidade de Decisão Clínica;5993,0
HJXXIII;2024,0;11,0;Unidade de Urgência - Maternidade;5993,0
HJXXIII;2024,0;11,0;Unidade Urgência Emergência Ginecológica-Obstetrícia;5993,0
HJXXIII;2024,0;11,0;Unidade Urgência/Emergência;5993,0
HJXXIII;2024,0;11,0;Unidade Urgência-Emergência;5993,0
HJXXIII;2024,0;11,0;UUE/HRB/CHB;5993,0
HJXXIII;2024,0;12,0;Pronto Atendimento;6084,0
HJXXIII;2024,0;12,0;UDC - Unidade de Decisão Clínica;6084,0
HJXXIII;2024,0;12,0;Unidade de Decisão Clínica;6084,0
HJXXIII;2024,0;12,0;Unidade de Urgência - Maternidade;6084,0
HJXXIII;2024,0;12,0;Unidade Urgência Emergência Ginecológica-Obstetrícia;6084,0
HJXXIII;2024,0;12,0;Unidade Urgência/Emergência;6084,0
HJXXIII;2024,0;12,0;Unidade Urgência-Emergência;6084,0
HJXXIII;2024,0;12,0;UUE/HRB/CHB;6084,0
HJXXIII;2025,0;1,0;Pronto Atendimento;6299,0
HJXXIII;2025,0;1,0;UDC - Unidade de Decisão Clínica;6299,0
HJXXIII;2025,0;1,0;Unidade de Decisão Clínica;6299,0
HJXXIII;2025,0;1,0;Unidade de Urgência - Maternidade;6299,0
HJXXIII;2025,0;1,0;Unidade Urgência Emergência Ginecológica-Obstetrícia;6299,0
HJXXIII;2025,0;1,0;Unidade Urgência/Emergência;6299,0
HJXXIII;2025,0;1,0;Unidade Urgência-Emergência;6299,0
HJXXIII;2025,0;1,0;UUE/HRB/CHB;6299,0
HJXXIII;2025,0;2,0;Pronto Atendimento;5735,0
HJXXIII;2025,0;2,0;UDC - Unidade de Decisão Clínica;5735,0
HJXXIII;2025,0;2,0;Unidade de Decisão Clínica;5735,0
HJXXIII;2025,0;2,0;Unidade de Urgência - Maternidade;5735,0
HJXXIII;2025,0;2,0;Unidade Urgência Emergência Ginecológica-Obstetrícia;5735,0
HJXXIII;2025,0;2,0;Unidade Urgência/Emergência;5735,0
HJXXIII;2025,0;2,0;Unidade Urgência-Emergência;5735,0
HJXXIII;2025,0;2,0;UUE/HRB/CHB;5735,0
HJXXIII;2025,0;3,0;Pronto Atendimento;6063,0
HJXXIII;2025,0;3,0;UDC - Unidade de Decisão Clínica;6063,0
HJXXIII;2025,0;3,0;Unidade de Decisão Clínica;6063,0
HJXXIII;2025,0;3,0;Unidade de Urgência - Maternidade;6063,0
HJXXIII;2025,0;3,0;Unidade Urgência Emergência Ginecológica-Obstetrícia;6063,0
HJXXIII;2025,0;3,0;Unidade Urgência/Emergência;6063,0
HJXXIII;2025,0;3,0;Unidade Urgência-Emergência;6063,0
HJXXIII;2025,0;3,0;UUE/HRB/CHB;6063,0
HJXXIII;2025,0;4,0;Pronto Atendimento;6139,0
HJXXIII;2025,0;4,0;UDC - Unidade de Decisão Clínica;6139,0
HJXXIII;2025,0;4,0;Unidade de Decisão Clínica;6139,0
HJXXIII;2025,0;4,0;Unidade de Urgência - Maternidade;6139,0
HJXXIII;2025,0;4,0;Unidade Urgência Emergência Ginecológica-Obstetrícia;6139,0
HJXXIII;2025,0;4,0;Unidade Urgência/Emergência;6139,0
HJXXIII;2025,0;4,0;Unidade Urgência-Emergência;6139,0
HJXXIII;2025,0;4,0;UUE/HRB/CHB;6139,0
HJXXIII;2025,0;5,0;Pronto Atendimento;5869,0
HJXXIII;2025,0;5,0;UDC - Unidade de Decisão Clínica;5869,0
HJXXIII;2025,0;5,0;Unidade de Decisão Clínica;5869,0
HJXXIII;2025,0;5,0;Unidade de Urgência - Maternidade;5869,0
HJXXIII;2025,0;5,0;Unidade Urgência Emergência Ginecológica-Obstetrícia;5869,0
HJXXIII;2025,0;5,0;Unidade Urgência/Emergência;5869,0
HJXXIII;2025,0;5,0;Unidade Urgência-Emergência;5869,0
HJXXIII;2025,0;5,0;UUE/HRB/CHB;5869,0
HJXXIII;2025,0;6,0;Pronto Atendimento;5534,0
HJXXIII;2025,0;6,0;UDC - Unidade de Decisão Clínica;5534,0
HJXXIII;2025,0;6,0;Unidade de Decisão Clínica;5534,0
HJXXIII;2025,0;6,0;Unidade de Urgência - Maternidade;5534,0
HJXXIII;2025,0;6,0;Unidade Urgência Emergência Ginecológica-Obstetrícia;5534,0
HJXXIII;2025,0;6,0;Unidade Urgência/Emergência;5534,0
HJXXIII;2025,0;6,0;Unidade Urgência-Emergência;5534,0
HJXXIII;2025,0;6,0;UUE/HRB/CHB;5534,0
HJXXIII;2025,0;7,0;Pronto Atendimento;5712,0
HJXXIII;2025,0;7,0;UDC - Unidade de Decisão Clínica;5712,0
HJXXIII;2025,0;7,0;Unidade de Decisão Clínica;5712,0
HJXXIII;2025,0;7,0;Unidade de Urgência - Maternidade;5712,0
HJXXIII;2025,0;7,0;Unidade Urgência Emergência Ginecológica-Obstetrícia;5712,0
HJXXIII;2025,0;7,0;Unidade Urgência/Emergência;5712,0
HJXXIII;2025,0;7,0;Unidade Urgência-Emergência;5712,0
HJXXIII;2025,0;7,0;UUE/HRB/CHB;5712,0
HJXXIII;2025,0;8,0;Pronto Atendimento;6048,0
HJXXIII;2025,0;8,0;UDC - Unidade de Decisão Clínica;6048,0
HJXXIII;2025,0;8,0;Unidade de Decisão Clínica;6048,0
HJXXIII;2025,0;8,0;Unidade de Urgência - Maternidade;6048,0
HJXXIII;2025,0;8,0;Unidade Urgência Emergência Ginecológica-Obstetrícia;6048,0
HJXXIII;2025,0;8,0;Unidade Urgência/Emergência;6048,0
HJXXIII;2025,0;8,0;Unidade Urgência-Emergência;6048,0
HJXXIII;2025,0;8,0;UUE/HRB/CHB;6048,0
HJXXIII;2025,0;9,0;Pronto Atendimento;6189,0
HJXXIII;2025,0;9,0;UDC - Unidade de Decisão Clínica;6189,0
HJXXIII;2025,0;9,0;Unidade de Decisão Clínica;6189,0
HJXXIII;2025,0;9,0;Unidade de Urgência - Maternidade;6189,0
HJXXIII;2025,0;9,0;Unidade Urgência Emergência Ginecológica-Obstetrícia;6189,0
HJXXIII;2025,0;9,0;Unidade Urgência/Emergência;6189,0
HJXXIII;2025,0;9,0;Unidade Urgência-Emergência;6189,0
HJXXIII;2025,0;9,0;UUE/HRB/CHB;6189,0
HJXXIII;2025,0;10,0;Pronto Atendimento;6240,0
HJXXIII;2025,0;10,0;UDC - Unidade de Decisão Clínica;6240,0
HJXXIII;2025,0;10,0;Unidade de Decisão Clínica;6240,0
HJXXIII;2025,0;10,0;Unidade de Urgência - Maternidade;6240,0
HJXXIII;2025,0;10,0;Unidade Urgência Emergência Ginecológica-Obstetrícia;6240,0
HJXXIII;2025,0;10,0;Unidade Urgência/Emergência;6240,0
HJXXIII;2025,0;10,0;Unidade Urgência-Emergência;6240,0
HJXXIII;2025,0;10,0;UUE/HRB/CHB;6240,0
HJXXIII;2025,0;11,0;Pronto Atendimento;6157,0
HJXXIII;2025,0;11,0;UDC - Unidade de Decisão Clínica;6157,0
HJXXIII;2025,0;11,0;Unidade de Decisão Clínica;6157,0
HJXXIII;2025,0;11,0;Unidade de Urgência - Maternidade;6157,0
HJXXIII;2025,0;11,0;Unidade Urgência Emergência Ginecológica-Obstetrícia;6157,0
HJXXIII;2025,0;11,0;Unidade Urgência/Emergência;6157,0
HJXXIII;2025,0;11,0;Unidade Urgência-Emergência;6157,0
HJXXIII;2025,0;11,0;UUE/HRB/CHB;6157,0
HJXXIII;2025,0;12,0;Pronto Atendimento;6464,0
HJXXIII;2025,0;12,0;UDC - Unidade de Decisão Clínica;6464,0
HJXXIII;2025,0;12,0;Unidade de Decisão Clínica;6464,0
HJXXIII;2025,0;12,0;Unidade de Urgência - Maternidade;6464,0
HJXXIII;2025,0;12,0;Unidade Urgência Emergência Ginecológica-Obstetrícia;6464,0
HJXXIII;2025,0;12,0;Unidade Urgência/Emergência;6464,0
HJXXIII;2025,0;12,0;Unidade Urgência-Emergência;6464,0
HJXXIII;2025,0;12,0;UUE/HRB/CHB;6464,0
HJXXIII;2026,0;1,0;Pronto Atendimento;6182,0
HJXXIII;2026,0;1,0;UDC - Unidade de Decisão Clínica;6182,0
HJXXIII;2026,0;1,0;Unidade de Decisão Clínica;6182,0
HJXXIII;2026,0;1,0;Unidade de Urgência - Maternidade;6182,0
HJXXIII;2026,0;1,0;Unidade Urgência Emergência Ginecológica-Obstetrícia;6182,0
HJXXIII;2026,0;1,0;Unidade Urgência/Emergência;6182,0
HJXXIII;2026,0;1,0;Unidade Urgência-Emergência;6182,0
HJXXIII;2026,0;1,0;UUE/HRB/CHB;6182,0
HJXXIII;2026,0;2,0;Pronto Atendimento;5845,0
HJXXIII;2026,0;2,0;UDC - Unidade de Decisão Clínica;5845,0
HJXXIII;2026,0;2,0;Unidade de Decisão Clínica;5845,0
HJXXIII;2026,0;2,0;Unidade de Urgência - Maternidade;5845,0
HJXXIII;2026,0;2,0;Unidade Urgência Emergência Ginecológica-Obstetrícia;5845,0
HJXXIII;2026,0;2,0;Unidade Urgência/Emergência;5845,0
HJXXIII;2026,0;2,0;Unidade Urgência-Emergência;5845,0
HJXXIII;2026,0;2,0;UUE/HRB/CHB;5845,0
HMAL;2019,0;2,0;Pronto Atendimento;3,0
HMAL;2019,0;2,0;UDC - Unidade de Decisão Clínica;3,0
HMAL;2019,0;2,0;Unidade de Decisão Clínica;3,0
HMAL;2019,0;2,0;Unidade de Urgência - Maternidade;3,0
HMAL;2019,0;2,0;Unidade Urgência Emergência Ginecológica-Obstetrícia;3,0
HMAL;2019,0;2,0;Unidade Urgência/Emergência;3,0
HMAL;2019,0;2,0;Unidade Urgência-Emergência;3,0
HMAL;2019,0;2,0;UUE/HRB/CHB;3,0
HMAL;2019,0;3,0;Pronto Atendimento;1,0
HMAL;2019,0;3,0;UDC - Unidade de Decisão Clínica;1,0
HMAL;2019,0;3,0;Unidade de Decisão Clínica;1,0
HMAL;2019,0;3,0;Unidade de Urgência - Maternidade;1,0
HMAL;2019,0;3,0;Unidade Urgência Emergência Ginecológica-Obstetrícia;1,0
HMAL;2019,0;3,0;Unidade Urgência/Emergência;1,0
HMAL;2019,0;3,0;Unidade Urgência-Emergência;1,0
HMAL;2019,0;3,0;UUE/HRB/CHB;1,0
HMAL;2019,0;5,0;Pronto Atendimento;2,0
HMAL;2019,0;5,0;UDC - Unidade de Decisão Clínica;2,0
HMAL;2019,0;5,0;Unidade de Decisão Clínica;2,0
HMAL;2019,0;5,0;Unidade de Urgência - Maternidade;2,0
HMAL;2019,0;5,0;Unidade Urgência Emergência Ginecológica-Obstetrícia;2,0
HMAL;2019,0;5,0;Unidade Urgência/Emergência;2,0
HMAL;2019,0;5,0;Unidade Urgência-Emergência;2,0
HMAL;2019,0;5,0;UUE/HRB/CHB;2,0
HMAL;2019,0;6,0;Pronto Atendimento;3,0
HMAL;2019,0;6,0;UDC - Unidade de Decisão Clínica;3,0
HMAL;2019,0;6,0;Unidade de Decisão Clínica;3,0
HMAL;2019,0;6,0;Unidade de Urgência - Maternidade;3,0
HMAL;2019,0;6,0;Unidade Urgência Emergência Ginecológica-Obstetrícia;3,0
HMAL;2019,0;6,0;Unidade Urgência/Emergência;3,0
HMAL;2019,0;6,0;Unidade Urgência-Emergência;3,0
HMAL;2019,0;6,0;UUE/HRB/CHB;3,0
HMAL;2019,0;7,0;Pronto Atendimento;1,0
HMAL;2019,0;7,0;UDC - Unidade de Decisão Clínica;1,0
HMAL;2019,0;7,0;Unidade de Decisão Clínica;1,0
HMAL;2019,0;7,0;Unidade de Urgência - Maternidade;1,0
HMAL;2019,0;7,0;Unidade Urgência Emergência Ginecológica-Obstetrícia;1,0
HMAL;2019,0;7,0;Unidade Urgência/Emergência;1,0
HMAL;2019,0;7,0;Unidade Urgência-Emergência;1,0
HMAL;2019,0;7,0;UUE/HRB/CHB;1,0
HMAL;2019,0;8,0;Pronto Atendimento;1,0
HMAL;2019,0;8,0;UDC - Unidade de Decisão Clínica;1,0
HMAL;2019,0;8,0;Unidade de Decisão Clínica;1,0
HMAL;2019,0;8,0;Unidade de Urgência - Maternidade;1,0
HMAL;2019,0;8,0;Unidade Urgência Emergência Ginecológica-Obstetrícia;1,0
HMAL;2019,0;8,0;Unidade Urgência/Emergência;1,0
HMAL;2019,0;8,0;Unidade Urgência-Emergência;1,0
HMAL;2019,0;8,0;UUE/HRB/CHB;1,0
HMAL;2019,0;9,0;Pronto Atendimento;2,0
HMAL;2019,0;9,0;UDC - Unidade de Decisão Clínica;2,0
HMAL;2019,0;9,0;Unidade de Decisão Clínica;2,0
HMAL;2019,0;9,0;Unidade de Urgência - Maternidade;2,0
HMAL;2019,0;9,0;Unidade Urgência Emergência Ginecológica-Obstetrícia;2,0
HMAL;2019,0;9,0;Unidade Urgência/Emergência;2,0
HMAL;2019,0;9,0;Unidade Urgência-Emergência;2,0
HMAL;2019,0;9,0;UUE/HRB/CHB;2,0
HMAL;2019,0;10,0;Pronto Atendimento;1,0
HMAL;2019,0;10,0;UDC - Unidade de Decisão Clínica;1,0
HMAL;2019,0;10,0;Unidade de Decisão Clínica;1,0
HMAL;2019,0;10,0;Unidade de Urgência - Maternidade;1,0
HMAL;2019,0;10,0;Unidade Urgência Emergência Ginecológica-Obstetrícia;1,0
HMAL;2019,0;10,0;Unidade Urgência/Emergência;1,0
HMAL;2019,0;10,0;Unidade Urgência-Emergência;1,0
HMAL;2019,0;10,0;UUE/HRB/CHB;1,0
HMAL;2020,0;1,0;Pronto Atendimento;2,0
HMAL;2020,0;1,0;UDC - Unidade de Decisão Clínica;2,0
HMAL;2020,0;1,0;Unidade de Decisão Clínica;2,0
HMAL;2020,0;1,0;Unidade de Urgência - Maternidade;2,0
HMAL;2020,0;1,0;Unidade Urgência Emergência Ginecológica-Obstetrícia;2,0
HMAL;2020,0;1,0;Unidade Urgência/Emergência;2,0
HMAL;2020,0;1,0;Unidade Urgência-Emergência;2,0
HMAL;2020,0;1,0;UUE/HRB/CHB;2,0
HMAL;2020,0;3,0;Pronto Atendimento;2,0
HMAL;2020,0;3,0;UDC - Unidade de Decisão Clínica;2,0
HMAL;2020,0;3,0;Unidade de Decisão Clínica;2,0
HMAL;2020,0;3,0;Unidade de Urgência - Maternidade;2,0
HMAL;2020,0;3,0;Unidade Urgência Emergência Ginecológica-Obstetrícia;2,0
HMAL;2020,0;3,0;Unidade Urgência/Emergência;2,0
HMAL;2020,0;3,0;Unidade Urgência-Emergência;2,0
HMAL;2020,0;3,0;UUE/HRB/CHB;2,0
HMAL;2020,0;7,0;Pronto Atendimento;2,0
HMAL;2020,0;7,0;UDC - Unidade de Decisão Clínica;2,0
HMAL;2020,0;7,0;Unidade de Decisão Clínica;2,0
HMAL;2020,0;7,0;Unidade de Urgência - Maternidade;2,0
HMAL;2020,0;7,0;Unidade Urgência Emergência Ginecológica-Obstetrícia;2,0
HMAL;2020,0;7,0;Unidade Urgência/Emergência;2,0
HMAL;2020,0;7,0;Unidade Urgência-Emergência;2,0
HMAL;2020,0;7,0;UUE/HRB/CHB;2,0
HMAL;2020,0;9,0;Pronto Atendimento;1,0
HMAL;2020,0;9,0;UDC - Unidade de Decisão Clínica;1,0
HMAL;2020,0;9,0;Unidade de Decisão Clínica;1,0
HMAL;2020,0;9,0;Unidade de Urgência - Maternidade;1,0
HMAL;2020,0;9,0;Unidade Urgência Emergência Ginecológica-Obstetrícia;1,0
HMAL;2020,0;9,0;Unidade Urgência/Emergência;1,0
HMAL;2020,0;9,0;Unidade Urgência-Emergência;1,0
HMAL;2020,0;9,0;UUE/HRB/CHB;1,0
HMAL;2021,0;2,0;Pronto Atendimento;1,0
HMAL;2021,0;2,0;UDC - Unidade de Decisão Clínica;1,0
HMAL;2021,0;2,0;Unidade de Decisão Clínica;1,0
HMAL;2021,0;2,0;Unidade de Urgência - Maternidade;1,0
HMAL;2021,0;2,0;Unidade Urgência Emergência Ginecológica-Obstetrícia;1,0
HMAL;2021,0;2,0;Unidade Urgência/Emergência;1,0
HMAL;2021,0;2,0;Unidade Urgência-Emergência;1,0
HMAL;2021,0;2,0;UUE/HRB/CHB;1,0
HMAL;2021,0;3,0;Pronto Atendimento;20,0
HMAL;2021,0;3,0;UDC - Unidade de Decisão Clínica;20,0
HMAL;2021,0;3,0;Unidade de Decisão Clínica;20,0
HMAL;2021,0;3,0;Unidade de Urgência - Maternidade;20,0
HMAL;2021,0;3,0;Unidade Urgência Emergência Ginecológica-Obstetrícia;20,0
HMAL;2021,0;3,0;Unidade Urgência/Emergência;20,0
HMAL;2021,0;3,0;Unidade Urgência-Emergência;20,0
HMAL;2021,0;3,0;UUE/HRB/CHB;20,0
HMAL;2021,0;4,0;Pronto Atendimento;42,0
HMAL;2021,0;4,0;UDC - Unidade de Decisão Clínica;42,0
HMAL;2021,0;4,0;Unidade de Decisão Clínica;42,0
HMAL;2021,0;4,0;Unidade de Urgência - Maternidade;42,0
HMAL;2021,0;4,0;Unidade Urgência Emergência Ginecológica-Obstetrícia;42,0
HMAL;2021,0;4,0;Unidade Urgência/Emergência;42,0
HMAL;2021,0;4,0;Unidade Urgência-Emergência;42,0
HMAL;2021,0;4,0;UUE/HRB/CHB;42,0
HMAL;2021,0;5,0;Pronto Atendimento;62,0
HMAL;2021,0;5,0;UDC - Unidade de Decisão Clínica;62,0
HMAL;2021,0;5,0;Unidade de Decisão Clínica;62,0
HMAL;2021,0;5,0;Unidade de Urgência - Maternidade;62,0
HMAL;2021,0;5,0;Unidade Urgência Emergência Ginecológica-Obstetrícia;62,0
HMAL;2021,0;5,0;Unidade Urgência/Emergência;62,0
HMAL;2021,0;5,0;Unidade Urgência-Emergência;62,0
HMAL;2021,0;5,0;UUE/HRB/CHB;62,0
HMAL;2021,0;6,0;Pronto Atendimento;57,0
HMAL;2021,0;6,0;UDC - Unidade de Decisão Clínica;57,0
HMAL;2021,0;6,0;Unidade de Decisão Clínica;57,0
HMAL;2021,0;6,0;Unidade de Urgência - Maternidade;57,0
HMAL;2021,0;6,0;Unidade Urgência Emergência Ginecológica-Obstetrícia;57,0
HMAL;2021,0;6,0;Unidade Urgência/Emergência;57,0
HMAL;2021,0;6,0;Unidade Urgência-Emergência;57,0
HMAL;2021,0;6,0;UUE/HRB/CHB;57,0
HMAL;2021,0;7,0;Pronto Atendimento;62,0
HMAL;2021,0;7,0;UDC - Unidade de Decisão Clínica;62,0
HMAL;2021,0;7,0;Unidade de Decisão Clínica;62,0
HMAL;2021,0;7,0;Unidade de Urgência - Maternidade;62,0
HMAL;2021,0;7,0;Unidade Urgência Emergência Ginecológica-Obstetrícia;62,0
HMAL;2021,0;7,0;Unidade Urgência/Emergência;62,0
HMAL;2021,0;7,0;Unidade Urgência-Emergência;62,0
HMAL;2021,0;7,0;UUE/HRB/CHB;62,0
HMAL;2021,0;8,0;Pronto Atendimento;88,0
HMAL;2021,0;8,0;UDC - Unidade de Decisão Clínica;88,0
HMAL;2021,0;8,0;Unidade de Decisão Clínica;88,0
HMAL;2021,0;8,0;Unidade de Urgência - Maternidade;88,0
HMAL;2021,0;8,0;Unidade Urgência Emergência Ginecológica-Obstetrícia;88,0
HMAL;2021,0;8,0;Unidade Urgência/Emergência;88,0
HMAL;2021,0;8,0;Unidade Urgência-Emergência;88,0
HMAL;2021,0;8,0;UUE/HRB/CHB;88,0
HMAL;2021,0;9,0;Pronto Atendimento;99,0
HMAL;2021,0;9,0;UDC - Unidade de Decisão Clínica;99,0
HMAL;2021,0;9,0;Unidade de Decisão Clínica;99,0
HMAL;2021,0;9,0;Unidade de Urgência - Maternidade;99,0
HMAL;2021,0;9,0;Unidade Urgência Emergência Ginecológica-Obstetrícia;99,0
HMAL;2021,0;9,0;Unidade Urgência/Emergência;99,0
HMAL;2021,0;9,0;Unidade Urgência-Emergência;99,0
HMAL;2021,0;9,0;UUE/HRB/CHB;99,0
HMAL;2021,0;10,0;Pronto Atendimento;73,0
HMAL;2021,0;10,0;UDC - Unidade de Decisão Clínica;73,0
HMAL;2021,0;10,0;Unidade de Decisão Clínica;73,0
HMAL;2021,0;10,0;Unidade de Urgência - Maternidade;73,0
HMAL;2021,0;10,0;Unidade Urgência Emergência Ginecológica-Obstetrícia;73,0
HMAL;2021,0;10,0;Unidade Urgência/Emergência;73,0
HMAL;2021,0;10,0;Unidade Urgência-Emergência;73,0
HMAL;2021,0;10,0;UUE/HRB/CHB;73,0
HMAL;2021,0;11,0;Pronto Atendimento;92,0
HMAL;2021,0;11,0;UDC - Unidade de Decisão Clínica;92,0
HMAL;2021,0;11,0;Unidade de Decisão Clínica;92,0
HMAL;2021,0;11,0;Unidade de Urgência - Maternidade;92,0
HMAL;2021,0;11,0;Unidade Urgência Emergência Ginecológica-Obstetrícia;92,0
HMAL;2021,0;11,0;Unidade Urgência/Emergência;92,0
HMAL;2021,0;11,0;Unidade Urgência-Emergência;92,0
HMAL;2021,0;11,0;UUE/HRB/CHB;92,0
HMAL;2021,0;12,0;Pronto Atendimento;103,0
HMAL;2021,0;12,0;UDC - Unidade de Decisão Clínica;103,0
HMAL;2021,0;12,0;Unidade de Decisão Clínica;103,0
HMAL;2021,0;12,0;Unidade de Urgência - Maternidade;103,0
HMAL;2021,0;12,0;Unidade Urgência Emergência Ginecológica-Obstetrícia;103,0
HMAL;2021,0;12,0;Unidade Urgência/Emergência;103,0
HMAL;2021,0;12,0;Unidade Urgência-Emergência;103,0
HMAL;2021,0;12,0;UUE/HRB/CHB;103,0
HMAL;2022,0;1,0;Pronto Atendimento;110,0
HMAL;2022,0;1,0;UDC - Unidade de Decisão Clínica;110,0
HMAL;2022,0;1,0;Unidade de Decisão Clínica;110,0
HMAL;2022,0;1,0;Unidade de Urgência - Maternidade;110,0
HMAL;2022,0;1,0;Unidade Urgência Emergência Ginecológica-Obstetrícia;110,0
HMAL;2022,0;1,0;Unidade Urgência/Emergência;110,0
HMAL;2022,0;1,0;Unidade Urgência-Emergência;110,0
HMAL;2022,0;1,0;UUE/HRB/CHB;110,0
HMAL;2022,0;2,0;Pronto Atendimento;85,0
HMAL;2022,0;2,0;UDC - Unidade de Decisão Clínica;85,0
HMAL;2022,0;2,0;Unidade de Decisão Clínica;85,0
HMAL;2022,0;2,0;Unidade de Urgência - Maternidade;85,0
HMAL;2022,0;2,0;Unidade Urgência Emergência Ginecológica-Obstetrícia;85,0
HMAL;2022,0;2,0;Unidade Urgência/Emergência;85,0
HMAL;2022,0;2,0;Unidade Urgência-Emergência;85,0
HMAL;2022,0;2,0;UUE/HRB/CHB;85,0
HMAL;2022,0;3,0;Pronto Atendimento;148,0
HMAL;2022,0;3,0;UDC - Unidade de Decisão Clínica;148,0
HMAL;2022,0;3,0;Unidade de Decisão Clínica;148,0
HMAL;2022,0;3,0;Unidade de Urgência - Maternidade;148,0
HMAL;2022,0;3,0;Unidade Urgência Emergência Ginecológica-Obstetrícia;148,0
HMAL;2022,0;3,0;Unidade Urgência/Emergência;148,0
HMAL;2022,0;3,0;Unidade Urgência-Emergência;148,0
HMAL;2022,0;3,0;UUE/HRB/CHB;148,0
HMAL;2022,0;4,0;Pronto Atendimento;102,0
HMAL;2022,0;4,0;UDC - Unidade de Decisão Clínica;102,0
HMAL;2022,0;4,0;Unidade de Decisão Clínica;102,0
HMAL;2022,0;4,0;Unidade de Urgência - Maternidade;102,0
HMAL;2022,0;4,0;Unidade Urgência Emergência Ginecológica-Obstetrícia;102,0
HMAL;2022,0;4,0;Unidade Urgência/Emergência;102,0
HMAL;2022,0;4,0;Unidade Urgência-Emergência;102,0
HMAL;2022,0;4,0;UUE/HRB/CHB;102,0
HMAL;2022,0;5,0;Pronto Atendimento;119,0
HMAL;2022,0;5,0;UDC - Unidade de Decisão Clínica;119,0
HMAL;2022,0;5,0;Unidade de Decisão Clínica;119,0
HMAL;2022,0;5,0;Unidade de Urgência - Maternidade;119,0
HMAL;2022,0;5,0;Unidade Urgência Emergência Ginecológica-Obstetrícia;119,0
HMAL;2022,0;5,0;Unidade Urgência/Emergência;119,0
HMAL;2022,0;5,0;Unidade Urgência-Emergência;119,0
HMAL;2022,0;5,0;UUE/HRB/CHB;119,0
HMAL;2022,0;6,0;Pronto Atendimento;129,0
HMAL;2022,0;6,0;UDC - Unidade de Decisão Clínica;129,0
HMAL;2022,0;6,0;Unidade de Decisão Clínica;129,0
HMAL;2022,0;6,0;Unidade de Urgência - Maternidade;129,0
HMAL;2022,0;6,0;Unidade Urgência Emergência Ginecológica-Obstetrícia;129,0
HMAL;2022,0;6,0;Unidade Urgência/Emergência;129,0
HMAL;2022,0;6,0;Unidade Urgência-Emergência;129,0
HMAL;2022,0;6,0;UUE/HRB/CHB;129,0
HMAL;2022,0;7,0;Pronto Atendimento;96,0
HMAL;2022,0;7,0;UDC - Unidade de Decisão Clínica;96,0
HMAL;2022,0;7,0;Unidade de Decisão Clínica;96,0
HMAL;2022,0;7,0;Unidade de Urgência - Maternidade;96,0
HMAL;2022,0;7,0;Unidade Urgência Emergência Ginecológica-Obstetrícia;96,0
HMAL;2022,0;7,0;Unidade Urgência/Emergência;96,0
HMAL;2022,0;7,0;Unidade Urgência-Emergência;96,0
HMAL;2022,0;7,0;UUE/HRB/CHB;96,0
HMAL;2022,0;8,0;Pronto Atendimento;138,0
HMAL;2022,0;8,0;UDC - Unidade de Decisão Clínica;138,0
HMAL;2022,0;8,0;Unidade de Decisão Clínica;138,0
HMAL;2022,0;8,0;Unidade de Urgência - Maternidade;138,0
HMAL;2022,0;8,0;Unidade Urgência Emergência Ginecológica-Obstetrícia;138,0
HMAL;2022,0;8,0;Unidade Urgência/Emergência;138,0
HMAL;2022,0;8,0;Unidade Urgência-Emergência;138,0
HMAL;2022,0;8,0;UUE/HRB/CHB;138,0
HMAL;2022,0;9,0;Pronto Atendimento;74,0
HMAL;2022,0;9,0;UDC - Unidade de Decisão Clínica;74,0
HMAL;2022,0;9,0;Unidade de Decisão Clínica;74,0
HMAL;2022,0;9,0;Unidade de Urgência - Maternidade;74,0
HMAL;2022,0;9,0;Unidade Urgência Emergência Ginecológica-Obstetrícia;74,0
HMAL;2022,0;9,0;Unidade Urgência/Emergência;74,0
HMAL;2022,0;9,0;Unidade Urgência-Emergência;74,0
HMAL;2022,0;9,0;UUE/HRB/CHB;74,0
HMAL;2022,0;10,0;Pronto Atendimento;106,0
HMAL;2022,0;10,0;UDC - Unidade de Decisão Clínica;106,0
HMAL;2022,0;10,0;Unidade de Decisão Clínica;106,0
HMAL;2022,0;10,0;Unidade de Urgência - Maternidade;106,0
HMAL;2022,0;10,0;Unidade Urgência Emergência Ginecológica-Obstetrícia;106,0
HMAL;2022,0;10,0;Unidade Urgência/Emergência;106,0
HMAL;2022,0;10,0;Unidade Urgência-Emergência;106,0
HMAL;2022,0;10,0;UUE/HRB/CHB;106,0
HMAL;2022,0;11,0;Pronto Atendimento;106,0
HMAL;2022,0;11,0;UDC - Unidade de Decisão Clínica;106,0
HMAL;2022,0;11,0;Unidade de Decisão Clínica;106,0
HMAL;2022,0;11,0;Unidade de Urgência - Maternidade;106,0
HMAL;2022,0;11,0;Unidade Urgência Emergência Ginecológica-Obstetrícia;106,0
HMAL;2022,0;11,0;Unidade Urgência/Emergência;106,0
HMAL;2022,0;11,0;Unidade Urgência-Emergência;106,0
HMAL;2022,0;11,0;UUE/HRB/CHB;106,0
HMAL;2022,0;12,0;Pronto Atendimento;135,0
HMAL;2022,0;12,0;UDC - Unidade de Decisão Clínica;135,0
HMAL;2022,0;12,0;Unidade de Decisão Clínica;135,0
HMAL;2022,0;12,0;Unidade de Urgência - Maternidade;135,0
HMAL;2022,0;12,0;Unidade Urgência Emergência Ginecológica-Obstetrícia;135,0
HMAL;2022,0;12,0;Unidade Urgência/Emergência;135,0
HMAL;2022,0;12,0;Unidade Urgência-Emergência;135,0
HMAL;2022,0;12,0;UUE/HRB/CHB;135,0
HMAL;2023,0;1,0;Pronto Atendimento;112,0
HMAL;2023,0;1,0;UDC - Unidade de Decisão Clínica;112,0
HMAL;2023,0;1,0;Unidade de Decisão Clínica;112,0
HMAL;2023,0;1,0;Unidade de Urgência - Maternidade;112,0
HMAL;2023,0;1,0;Unidade Urgência Emergência Ginecológica-Obstetrícia;112,0
HMAL;2023,0;1,0;Unidade Urgência/Emergência;112,0
HMAL;2023,0;1,0;Unidade Urgência-Emergência;112,0
HMAL;2023,0;1,0;UUE/HRB/CHB;112,0
HMAL;2023,0;2,0;Pronto Atendimento;198,0
HMAL;2023,0;2,0;UDC - Unidade de Decisão Clínica;198,0
HMAL;2023,0;2,0;Unidade de Decisão Clínica;198,0
HMAL;2023,0;2,0;Unidade de Urgência - Maternidade;198,0
HMAL;2023,0;2,0;Unidade Urgência Emergência Ginecológica-Obstetrícia;198,0
HMAL;2023,0;2,0;Unidade Urgência/Emergência;198,0
HMAL;2023,0;2,0;Unidade Urgência-Emergência;198,0
HMAL;2023,0;2,0;UUE/HRB/CHB;198,0
HMAL;2023,0;3,0;Pronto Atendimento;315,0
HMAL;2023,0;3,0;UDC - Unidade de Decisão Clínica;315,0
HMAL;2023,0;3,0;Unidade de Decisão Clínica;315,0
HMAL;2023,0;3,0;Unidade de Urgência - Maternidade;315,0
HMAL;2023,0;3,0;Unidade Urgência Emergência Ginecológica-Obstetrícia;315,0
HMAL;2023,0;3,0;Unidade Urgência/Emergência;315,0
HMAL;2023,0;3,0;Unidade Urgência-Emergência;315,0
HMAL;2023,0;3,0;UUE/HRB/CHB;315,0
HMAL;2023,0;4,0;Pronto Atendimento;186,0
HMAL;2023,0;4,0;UDC - Unidade de Decisão Clínica;186,0
HMAL;2023,0;4,0;Unidade de Decisão Clínica;186,0
HMAL;2023,0;4,0;Unidade de Urgência - Maternidade;186,0
HMAL;2023,0;4,0;Unidade Urgência Emergência Ginecológica-Obstetrícia;186,0
HMAL;2023,0;4,0;Unidade Urgência/Emergência;186,0
HMAL;2023,0;4,0;Unidade Urgência-Emergência;186,0
HMAL;2023,0;4,0;UUE/HRB/CHB;186,0
HMAL;2023,0;5,0;Pronto Atendimento;233,0
HMAL;2023,0;5,0;UDC - Unidade de Decisão Clínica;233,0
HMAL;2023,0;5,0;Unidade de Decisão Clínica;233,0
HMAL;2023,0;5,0;Unidade de Urgência - Maternidade;233,0
HMAL;2023,0;5,0;Unidade Urgência Emergência Ginecológica-Obstetrícia;233,0
HMAL;2023,0;5,0;Unidade Urgência/Emergência;233,0
HMAL;2023,0;5,0;Unidade Urgência-Emergência;233,0
HMAL;2023,0;5,0;UUE/HRB/CHB;233,0
HMAL;2023,0;6,0;Pronto Atendimento;222,0
HMAL;2023,0;6,0;UDC - Unidade de Decisão Clínica;222,0
HMAL;2023,0;6,0;Unidade de Decisão Clínica;222,0
HMAL;2023,0;6,0;Unidade de Urgência - Maternidade;222,0
HMAL;2023,0;6,0;Unidade Urgência Emergência Ginecológica-Obstetrícia;222,0
HMAL;2023,0;6,0;Unidade Urgência/Emergência;222,0
HMAL;2023,0;6,0;Unidade Urgência-Emergência;222,0
HMAL;2023,0;6,0;UUE/HRB/CHB;222,0
HMAL;2023,0;7,0;Pronto Atendimento;190,0
HMAL;2023,0;7,0;UDC - Unidade de Decisão Clínica;190,0
HMAL;2023,0;7,0;Unidade de Decisão Clínica;190,0
HMAL;2023,0;7,0;Unidade de Urgência - Maternidade;190,0
HMAL;2023,0;7,0;Unidade Urgência Emergência Ginecológica-Obstetrícia;190,0
HMAL;2023,0;7,0;Unidade Urgência/Emergência;190,0
HMAL;2023,0;7,0;Unidade Urgência-Emergência;190,0
HMAL;2023,0;7,0;UUE/HRB/CHB;190,0
HMAL;2023,0;8,0;Pronto Atendimento;249,0
HMAL;2023,0;8,0;UDC - Unidade de Decisão Clínica;249,0
HMAL;2023,0;8,0;Unidade de Decisão Clínica;249,0
HMAL;2023,0;8,0;Unidade de Urgência - Maternidade;249,0
HMAL;2023,0;8,0;Unidade Urgência Emergência Ginecológica-Obstetrícia;249,0
HMAL;2023,0;8,0;Unidade Urgência/Emergência;249,0
HMAL;2023,0;8,0;Unidade Urgência-Emergência;249,0
HMAL;2023,0;8,0;UUE/HRB/CHB;249,0
HMAL;2023,0;9,0;Pronto Atendimento;221,0
HMAL;2023,0;9,0;UDC - Unidade de Decisão Clínica;221,0
HMAL;2023,0;9,0;Unidade de Decisão Clínica;221,0
HMAL;2023,0;9,0;Unidade de Urgência - Maternidade;221,0
HMAL;2023,0;9,0;Unidade Urgência Emergência Ginecológica-Obstetrícia;221,0
HMAL;2023,0;9,0;Unidade Urgência/Emergência;221,0
HMAL;2023,0;9,0;Unidade Urgência-Emergência;221,0
HMAL;2023,0;9,0;UUE/HRB/CHB;221,0
HMAL;2023,0;10,0;Pronto Atendimento;169,0
HMAL;2023,0;10,0;UDC - Unidade de Decisão Clínica;169,0
HMAL;2023,0;10,0;Unidade de Decisão Clínica;169,0
HMAL;2023,0;10,0;Unidade de Urgência - Maternidade;169,0
HMAL;2023,0;10,0;Unidade Urgência Emergência Ginecológica-Obstetrícia;169,0
HMAL;2023,0;10,0;Unidade Urgência/Emergência;169,0
HMAL;2023,0;10,0;Unidade Urgência-Emergência;169,0
HMAL;2023,0;10,0;UUE/HRB/CHB;169,0
HMAL;2023,0;11,0;Pronto Atendimento;185,0
HMAL;2023,0;11,0;UDC - Unidade de Decisão Clínica;185,0
HMAL;2023,0;11,0;Unidade de Decisão Clínica;185,0
HMAL;2023,0;11,0;Unidade de Urgência - Maternidade;185,0
HMAL;2023,0;11,0;Unidade Urgência Emergência Ginecológica-Obstetrícia;185,0
HMAL;2023,0;11,0;Unidade Urgência/Emergência;185,0
HMAL;2023,0;11,0;Unidade Urgência-Emergência;185,0
HMAL;2023,0;11,0;UUE/HRB/CHB;185,0
HMAL;2023,0;12,0;Pronto Atendimento;183,0
HMAL;2023,0;12,0;UDC - Unidade de Decisão Clínica;183,0
HMAL;2023,0;12,0;Unidade de Decisão Clínica;183,0
HMAL;2023,0;12,0;Unidade de Urgência - Maternidade;183,0
HMAL;2023,0;12,0;Unidade Urgência Emergência Ginecológica-Obstetrícia;183,0
HMAL;2023,0;12,0;Unidade Urgência/Emergência;183,0
HMAL;2023,0;12,0;Unidade Urgência-Emergência;183,0
HMAL;2023,0;12,0;UUE/HRB/CHB;183,0
HMAL;2024,0;1,0;Pronto Atendimento;157,0
HMAL;2024,0;1,0;UDC - Unidade de Decisão Clínica;157,0
HMAL;2024,0;1,0;Unidade de Decisão Clínica;157,0
HMAL;2024,0;1,0;Unidade de Urgência - Maternidade;157,0
HMAL;2024,0;1,0;Unidade Urgência Emergência Ginecológica-Obstetrícia;157,0
HMAL;2024,0;1,0;Unidade Urgência/Emergência;157,0
HMAL;2024,0;1,0;Unidade Urgência-Emergência;157,0
HMAL;2024,0;1,0;UUE/HRB/CHB;157,0
HMAL;2024,0;2,0;Pronto Atendimento;84,0
HMAL;2024,0;2,0;UDC - Unidade de Decisão Clínica;84,0
HMAL;2024,0;2,0;Unidade de Decisão Clínica;84,0
HMAL;2024,0;2,0;Unidade de Urgência - Maternidade;84,0
HMAL;2024,0;2,0;Unidade Urgência Emergência Ginecológica-Obstetrícia;84,0
HMAL;2024,0;2,0;Unidade Urgência/Emergência;84,0
HMAL;2024,0;2,0;Unidade Urgência-Emergência;84,0
HMAL;2024,0;2,0;UUE/HRB/CHB;84,0
HMAL;2024,0;3,0;Pronto Atendimento;114,0
HMAL;2024,0;3,0;UDC - Unidade de Decisão Clínica;114,0
HMAL;2024,0;3,0;Unidade de Decisão Clínica;114,0
HMAL;2024,0;3,0;Unidade de Urgência - Maternidade;114,0
HMAL;2024,0;3,0;Unidade Urgência Emergência Ginecológica-Obstetrícia;114,0
HMAL;2024,0;3,0;Unidade Urgência/Emergência;114,0
HMAL;2024,0;3,0;Unidade Urgência-Emergência;114,0
HMAL;2024,0;3,0;UUE/HRB/CHB;114,0
HMAL;2024,0;4,0;Pronto Atendimento;113,0
HMAL;2024,0;4,0;UDC - Unidade de Decisão Clínica;113,0
HMAL;2024,0;4,0;Unidade de Decisão Clínica;113,0
HMAL;2024,0;4,0;Unidade de Urgência - Maternidade;113,0
HMAL;2024,0;4,0;Unidade Urgência Emergência Ginecológica-Obstetrícia;113,0
HMAL;2024,0;4,0;Unidade Urgência/Emergência;113,0
HMAL;2024,0;4,0;Unidade Urgência-Emergência;113,0
HMAL;2024,0;4,0;UUE/HRB/CHB;113,0
HMAL;2024,0;5,0;Pronto Atendimento;83,0
HMAL;2024,0;5,0;UDC - Unidade de Decisão Clínica;83,0
HMAL;2024,0;5,0;Unidade de Decisão Clínica;83,0
HMAL;2024,0;5,0;Unidade de Urgência - Maternidade;83,0
HMAL;2024,0;5,0;Unidade Urgência Emergência Ginecológica-Obstetrícia;83,0
HMAL;2024,0;5,0;Unidade Urgência/Emergência;83,0
HMAL;2024,0;5,0;Unidade Urgência-Emergência;83,0
HMAL;2024,0;5,0;UUE/HRB/CHB;83,0
HMAL;2024,0;6,0;Pronto Atendimento;61,0
HMAL;2024,0;6,0;UDC - Unidade de Decisão Clínica;61,0
HMAL;2024,0;6,0;Unidade de Decisão Clínica;61,0
HMAL;2024,0;6,0;Unidade de Urgência - Maternidade;61,0
HMAL;2024,0;6,0;Unidade Urgência Emergência Ginecológica-Obstetrícia;61,0
HMAL;2024,0;6,0;Unidade Urgência/Emergência;61,0
HMAL;2024,0;6,0;Unidade Urgência-Emergência;61,0
HMAL;2024,0;6,0;UUE/HRB/CHB;61,0
HMAL;2024,0;7,0;Pronto Atendimento;71,0
HMAL;2024,0;7,0;UDC - Unidade de Decisão Clínica;71,0
HMAL;2024,0;7,0;Unidade de Decisão Clínica;71,0
HMAL;2024,0;7,0;Unidade de Urgência - Maternidade;71,0
HMAL;2024,0;7,0;Unidade Urgência Emergência Ginecológica-Obstetrícia;71,0
HMAL;2024,0;7,0;Unidade Urgência/Emergência;71,0
HMAL;2024,0;7,0;Unidade Urgência-Emergência;71,0
HMAL;2024,0;7,0;UUE/HRB/CHB;71,0
HMAL;2024,0;8,0;Pronto Atendimento;58,0
HMAL;2024,0;8,0;UDC - Unidade de Decisão Clínica;58,0
HMAL;2024,0;8,0;Unidade de Decisão Clínica;58,0
HMAL;2024,0;8,0;Unidade de Urgência - Maternidade;58,0
HMAL;2024,0;8,0;Unidade Urgência Emergência Ginecológica-Obstetrícia;58,0
HMAL;2024,0;8,0;Unidade Urgência/Emergência;58,0
HMAL;2024,0;8,0;Unidade Urgência-Emergência;58,0
HMAL;2024,0;8,0;UUE/HRB/CHB;58,0
HMAL;2024,0;9,0;Pronto Atendimento;62,0
HMAL;2024,0;9,0;UDC - Unidade de Decisão Clínica;62,0
HMAL;2024,0;9,0;Unidade de Decisão Clínica;62,0
HMAL;2024,0;9,0;Unidade de Urgência - Maternidade;62,0
HMAL;2024,0;9,0;Unidade Urgência Emergência Ginecológica-Obstetrícia;62,0
HMAL;2024,0;9,0;Unidade Urgência/Emergência;62,0
HMAL;2024,0;9,0;Unidade Urgência-Emergência;62,0
HMAL;2024,0;9,0;UUE/HRB/CHB;62,0
HMAL;2024,0;10,0;Pronto Atendimento;57,0
HMAL;2024,0;10,0;UDC - Unidade de Decisão Clínica;57,0
HMAL;2024,0;10,0;Unidade de Decisão Clínica;57,0
HMAL;2024,0;10,0;Unidade de Urgência - Maternidade;57,0
HMAL;2024,0;10,0;Unidade Urgência Emergência Ginecológica-Obstetrícia;57,0
HMAL;2024,0;10,0;Unidade Urgência/Emergência;57,0
HMAL;2024,0;10,0;Unidade Urgência-Emergência;57,0
HMAL;2024,0;10,0;UUE/HRB/CHB;57,0
HMAL;2024,0;11,0;Pronto Atendimento;63,0
HMAL;2024,0;11,0;UDC - Unidade de Decisão Clínica;63,0
HMAL;2024,0;11,0;Unidade de Decisão Clínica;63,0
HMAL;2024,0;11,0;Unidade de Urgência - Maternidade;63,0
HMAL;2024,0;11,0;Unidade Urgência Emergência Ginecológica-Obstetrícia;63,0
HMAL;2024,0;11,0;Unidade Urgência/Emergência;63,0
HMAL;2024,0;11,0;Unidade Urgência-Emergência;63,0
HMAL;2024,0;11,0;UUE/HRB/CHB;63,0
HMAL;2024,0;12,0;Pronto Atendimento;28,0
HMAL;2024,0;12,0;UDC - Unidade de Decisão Clínica;28,0
HMAL;2024,0;12,0;Unidade de Decisão Clínica;28,0
HMAL;2024,0;12,0;Unidade de Urgência - Maternidade;28,0
HMAL;2024,0;12,0;Unidade Urgência Emergência Ginecológica-Obstetrícia;28,0
HMAL;2024,0;12,0;Unidade Urgência/Emergência;28,0
HMAL;2024,0;12,0;Unidade Urgência-Emergência;28,0
HMAL;2024,0;12,0;UUE/HRB/CHB;28,0
HMAL;2025,0;1,0;Pronto Atendimento;14,0
HMAL;2025,0;1,0;UDC - Unidade de Decisão Clínica;14,0
HMAL;2025,0;1,0;Unidade de Decisão Clínica;14,0
HMAL;2025,0;1,0;Unidade de Urgência - Maternidade;14,0
HMAL;2025,0;1,0;Unidade Urgência Emergência Ginecológica-Obstetrícia;14,0
HMAL;2025,0;1,0;Unidade Urgência/Emergência;14,0
HMAL;2025,0;1,0;Unidade Urgência-Emergência;14,0
HMAL;2025,0;1,0;UUE/HRB/CHB;14,0
HMAL;2025,0;2,0;Pronto Atendimento;8,0
HMAL;2025,0;2,0;UDC - Unidade de Decisão Clínica;8,0
HMAL;2025,0;2,0;Unidade de Decisão Clínica;8,0
HMAL;2025,0;2,0;Unidade de Urgência - Maternidade;8,0
HMAL;2025,0;2,0;Unidade Urgência Emergência Ginecológica-Obstetrícia;8,0
HMAL;2025,0;2,0;Unidade Urgência/Emergência;8,0
HMAL;2025,0;2,0;Unidade Urgência-Emergência;8,0
HMAL;2025,0;2,0;UUE/HRB/CHB;8,0
HMAL;2025,0;3,0;Pronto Atendimento;22,0
HMAL;2025,0;3,0;UDC - Unidade de Decisão Clínica;22,0
HMAL;2025,0;3,0;Unidade de Decisão Clínica;22,0
HMAL;2025,0;3,0;Unidade de Urgência - Maternidade;22,0
HMAL;2025,0;3,0;Unidade Urgência Emergência Ginecológica-Obstetrícia;22,0
HMAL;2025,0;3,0;Unidade Urgência/Emergência;22,0
HMAL;2025,0;3,0;Unidade Urgência-Emergência;22,0
HMAL;2025,0;3,0;UUE/HRB/CHB;22,0
HMAL;2025,0;4,0;Pronto Atendimento;16,0
HMAL;2025,0;4,0;UDC - Unidade de Decisão Clínica;16,0
HMAL;2025,0;4,0;Unidade de Decisão Clínica;16,0
HMAL;2025,0;4,0;Unidade de Urgência - Maternidade;16,0
HMAL;2025,0;4,0;Unidade Urgência Emergência Ginecológica-Obstetrícia;16,0
HMAL;2025,0;4,0;Unidade Urgência/Emergência;16,0
HMAL;2025,0;4,0;Unidade Urgência-Emergência;16,0
HMAL;2025,0;4,0;UUE/HRB/CHB;16,0
HMAL;2025,0;5,0;Pronto Atendimento;16,0
HMAL;2025,0;5,0;UDC - Unidade de Decisão Clínica;16,0
HMAL;2025,0;5,0;Unidade de Decisão Clínica;16,0
HMAL;2025,0;5,0;Unidade de Urgência - Maternidade;16,0
HMAL;2025,0;5,0;Unidade Urgência Emergência Ginecológica-Obstetrícia;16,0
HMAL;2025,0;5,0;Unidade Urgência/Emergência;16,0
HMAL;2025,0;5,0;Unidade Urgência-Emergência;16,0
HMAL;2025,0;5,0;UUE/HRB/CHB;16,0
HMAL;2025,0;6,0;Pronto Atendimento;7,0
HMAL;2025,0;6,0;UDC - Unidade de Decisão Clínica;7,0
HMAL;2025,0;6,0;Unidade de Decisão Clínica;7,0
HMAL;2025,0;6,0;Unidade de Urgência - Maternidade;7,0
HMAL;2025,0;6,0;Unidade Urgência Emergência Ginecológica-Obstetrícia;7,0
HMAL;2025,0;6,0;Unidade Urgência/Emergência;7,0
HMAL;2025,0;6,0;Unidade Urgência-Emergência;7,0
HMAL;2025,0;6,0;UUE/HRB/CHB;7,0
HMAL;2025,0;7,0;Pronto Atendimento;8,0
HMAL;2025,0;7,0;UDC - Unidade de Decisão Clínica;8,0
HMAL;2025,0;7,0;Unidade de Decisão Clínica;8,0
HMAL;2025,0;7,0;Unidade de Urgência - Maternidade;8,0
HMAL;2025,0;7,0;Unidade Urgência Emergência Ginecológica-Obstetrícia;8,0
HMAL;2025,0;7,0;Unidade Urgência/Emergência;8,0
HMAL;2025,0;7,0;Unidade Urgência-Emergência;8,0
HMAL;2025,0;7,0;UUE/HRB/CHB;8,0
HMAL;2025,0;8,0;Pronto Atendimento;10,0
HMAL;2025,0;8,0;UDC - Unidade de Decisão Clínica;10,0
HMAL;2025,0;8,0;Unidade de Decisão Clínica;10,0
HMAL;2025,0;8,0;Unidade de Urgência - Maternidade;10,0
HMAL;2025,0;8,0;Unidade Urgência Emergência Ginecológica-Obstetrícia;10,0
HMAL;2025,0;8,0;Unidade Urgência/Emergência;10,0
HMAL;2025,0;8,0;Unidade Urgência-Emergência;10,0
HMAL;2025,0;8,0;UUE/HRB/CHB;10,0
HMAL;2025,0;9,0;Pronto Atendimento;18,0
HMAL;2025,0;9,0;UDC - Unidade de Decisão Clínica;18,0
HMAL;2025,0;9,0;Unidade de Decisão Clínica;18,0
HMAL;2025,0;9,0;Unidade de Urgência - Maternidade;18,0
HMAL;2025,0;9,0;Unidade Urgência Emergência Ginecológica-Obstetrícia;18,0
HMAL;2025,0;9,0;Unidade Urgência/Emergência;18,0
HMAL;2025,0;9,0;Unidade Urgência-Emergência;18,0
HMAL;2025,0;9,0;UUE/HRB/CHB;18,0
HMAL;2025,0;10,0;Pronto Atendimento;12,0
HMAL;2025,0;10,0;UDC - Unidade de Decisão Clínica;12,0
HMAL;2025,0;10,0;Unidade de Decisão Clínica;12,0
HMAL;2025,0;10,0;Unidade de Urgência - Maternidade;12,0
HMAL;2025,0;10,0;Unidade Urgência Emergência Ginecológica-Obstetrícia;12,0
HMAL;2025,0;10,0;Unidade Urgência/Emergência;12,0
HMAL;2025,0;10,0;Unidade Urgência-Emergência;12,0
HMAL;2025,0;10,0;UUE/HRB/CHB;12,0
HMAL;2025,0;11,0;Pronto Atendimento;30,0
HMAL;2025,0;11,0;UDC - Unidade de Decisão Clínica;30,0
HMAL;2025,0;11,0;Unidade de Decisão Clínica;30,0
HMAL;2025,0;11,0;Unidade de Urgência - Maternidade;30,0
HMAL;2025,0;11,0;Unidade Urgência Emergência Ginecológica-Obstetrícia;30,0
HMAL;2025,0;11,0;Unidade Urgência/Emergência;30,0
HMAL;2025,0;11,0;Unidade Urgência-Emergência;30,0
HMAL;2025,0;11,0;UUE/HRB/CHB;30,0
HMAL;2025,0;12,0;Pronto Atendimento;35,0
HMAL;2025,0;12,0;UDC - Unidade de Decisão Clínica;35,0
HMAL;2025,0;12,0;Unidade de Decisão Clínica;35,0
HMAL;2025,0;12,0;Unidade de Urgência - Maternidade;35,0
HMAL;2025,0;12,0;Unidade Urgência Emergência Ginecológica-Obstetrícia;35,0
HMAL;2025,0;12,0;Unidade Urgência/Emergência;35,0
HMAL;2025,0;12,0;Unidade Urgência-Emergência;35,0
HMAL;2025,0;12,0;UUE/HRB/CHB;35,0
HMAL;2026,0;1,0;Pronto Atendimento;47,0
HMAL;2026,0;1,0;UDC - Unidade de Decisão Clínica;47,0
HMAL;2026,0;1,0;Unidade de Decisão Clínica;47,0
HMAL;2026,0;1,0;Unidade de Urgência - Maternidade;47,0
HMAL;2026,0;1,0;Unidade Urgência Emergência Ginecológica-Obstetrícia;47,0
HMAL;2026,0;1,0;Unidade Urgência/Emergência;47,0
HMAL;2026,0;1,0;Unidade Urgência-Emergência;47,0
HMAL;2026,0;1,0;UUE/HRB/CHB;47,0
HMAL;2026,0;2,0;Pronto Atendimento;32,0
HMAL;2026,0;2,0;UDC - Unidade de Decisão Clínica;32,0
HMAL;2026,0;2,0;Unidade de Decisão Clínica;32,0
HMAL;2026,0;2,0;Unidade de Urgência - Maternidade;32,0
HMAL;2026,0;2,0;Unidade Urgência Emergência Ginecológica-Obstetrícia;32,0
HMAL;2026,0;2,0;Unidade Urgência/Emergência;32,0
HMAL;2026,0;2,0;Unidade Urgência-Emergência;32,0
HMAL;2026,0;2,0;UUE/HRB/CHB;32,0
HRAD;2019,0;1,0;Pronto Atendimento;1025,0
HRAD;2019,0;1,0;UDC - Unidade de Decisão Clínica;1025,0
HRAD;2019,0;1,0;Unidade de Decisão Clínica;1025,0
HRAD;2019,0;1,0;Unidade de Urgência - Maternidade;1025,0
HRAD;2019,0;1,0;Unidade Urgência Emergência Ginecológica-Obstetrícia;1025,0
HRAD;2019,0;1,0;Unidade Urgência/Emergência;1025,0
HRAD;2019,0;1,0;Unidade Urgência-Emergência;1025,0
HRAD;2019,0;1,0;UUE/HRB/CHB;1025,0
HRAD;2019,0;2,0;Pronto Atendimento;1000,0
HRAD;2019,0;2,0;UDC - Unidade de Decisão Clínica;1000,0
HRAD;2019,0;2,0;Unidade de Decisão Clínica;1000,0
HRAD;2019,0;2,0;Unidade de Urgência - Maternidade;1000,0
HRAD;2019,0;2,0;Unidade Urgência Emergência Ginecológica-Obstetrícia;1000,0
HRAD;2019,0;2,0;Unidade Urgência/Emergência;1000,0
HRAD;2019,0;2,0;Unidade Urgência-Emergência;1000,0
HRAD;2019,0;2,0;UUE/HRB/CHB;1000,0
HRAD;2019,0;3,0;Pronto Atendimento;1013,0
HRAD;2019,0;3,0;UDC - Unidade de Decisão Clínica;1013,0
HRAD;2019,0;3,0;Unidade de Decisão Clínica;1013,0
HRAD;2019,0;3,0;Unidade de Urgência - Maternidade;1013,0
HRAD;2019,0;3,0;Unidade Urgência Emergência Ginecológica-Obstetrícia;1013,0
HRAD;2019,0;3,0;Unidade Urgência/Emergência;1013,0
HRAD;2019,0;3,0;Unidade Urgência-Emergência;1013,0
HRAD;2019,0;3,0;UUE/HRB/CHB;1013,0
HRAD;2019,0;4,0;Pronto Atendimento;941,0
HRAD;2019,0;4,0;UDC - Unidade de Decisão Clínica;941,0
HRAD;2019,0;4,0;Unidade de Decisão Clínica;941,0
HRAD;2019,0;4,0;Unidade de Urgência - Maternidade;941,0
HRAD;2019,0;4,0;Unidade Urgência Emergência Ginecológica-Obstetrícia;941,0
HRAD;2019,0;4,0;Unidade Urgência/Emergência;941,0
HRAD;2019,0;4,0;Unidade Urgência-Emergência;941,0
HRAD;2019,0;4,0;UUE/HRB/CHB;941,0
HRAD;2019,0;5,0;Pronto Atendimento;994,0
HRAD;2019,0;5,0;UDC - Unidade de Decisão Clínica;994,0
HRAD;2019,0;5,0;Unidade de Decisão Clínica;994,0
HRAD;2019,0;5,0;Unidade de Urgência - Maternidade;994,0
HRAD;2019,0;5,0;Unidade Urgência Emergência Ginecológica-Obstetrícia;994,0
HRAD;2019,0;5,0;Unidade Urgência/Emergência;994,0
HRAD;2019,0;5,0;Unidade Urgência-Emergência;994,0
HRAD;2019,0;5,0;UUE/HRB/CHB;994,0
HRAD;2019,0;6,0;Pronto Atendimento;880,0
HRAD;2019,0;6,0;UDC - Unidade de Decisão Clínica;880,0
HRAD;2019,0;6,0;Unidade de Decisão Clínica;880,0
HRAD;2019,0;6,0;Unidade de Urgência - Maternidade;880,0
HRAD;2019,0;6,0;Unidade Urgência Emergência Ginecológica-Obstetrícia;880,0
HRAD;2019,0;6,0;Unidade Urgência/Emergência;880,0
HRAD;2019,0;6,0;Unidade Urgência-Emergência;880,0
HRAD;2019,0;6,0;UUE/HRB/CHB;880,0
HRAD;2019,0;7,0;Pronto Atendimento;915,0
HRAD;2019,0;7,0;UDC - Unidade de Decisão Clínica;915,0
HRAD;2019,0;7,0;Unidade de Decisão Clínica;915,0
HRAD;2019,0;7,0;Unidade de Urgência - Maternidade;915,0
HRAD;2019,0;7,0;Unidade Urgência Emergência Ginecológica-Obstetrícia;915,0
HRAD;2019,0;7,0;Unidade Urgência/Emergência;915,0
HRAD;2019,0;7,0;Unidade Urgência-Emergência;915,0
HRAD;2019,0;7,0;UUE/HRB/CHB;915,0
HRAD;2019,0;8,0;Pronto Atendimento;721,0
HRAD;2019,0;8,0;UDC - Unidade de Decisão Clínica;721,0
HRAD;2019,0;8,0;Unidade de Decisão Clínica;721,0
HRAD;2019,0;8,0;Unidade de Urgência - Maternidade;721,0
HRAD;2019,0;8,0;Unidade Urgência Emergência Ginecológica-Obstetrícia;721,0
HRAD;2019,0;8,0;Unidade Urgência/Emergência;721,0
HRAD;2019,0;8,0;Unidade Urgência-Emergência;721,0
HRAD;2019,0;8,0;UUE/HRB/CHB;721,0
HRAD;2019,0;9,0;Pronto Atendimento;709,0
HRAD;2019,0;9,0;UDC - Unidade de Decisão Clínica;709,0
HRAD;2019,0;9,0;Unidade de Decisão Clínica;709,0
HRAD;2019,0;9,0;Unidade de Urgência - Maternidade;709,0
HRAD;2019,0;9,0;Unidade Urgência Emergência Ginecológica-Obstetrícia;709,0
HRAD;2019,0;9,0;Unidade Urgência/Emergência;709,0
HRAD;2019,0;9,0;Unidade Urgência-Emergência;709,0
HRAD;2019,0;9,0;UUE/HRB/CHB;709,0
HRAD;2019,0;10,0;Pronto Atendimento;705,0
HRAD;2019,0;10,0;UDC - Unidade de Decisão Clínica;705,0
HRAD;2019,0;10,0;Unidade de Decisão Clínica;705,0
HRAD;2019,0;10,0;Unidade de Urgência - Maternidade;705,0
HRAD;2019,0;10,0;Unidade Urgência Emergência Ginecológica-Obstetrícia;705,0
HRAD;2019,0;10,0;Unidade Urgência/Emergência;705,0
HRAD;2019,0;10,0;Unidade Urgência-Emergência;705,0
HRAD;2019,0;10,0;UUE/HRB/CHB;705,0
HRAD;2019,0;11,0;Pronto Atendimento;780,0
HRAD;2019,0;11,0;UDC - Unidade de Decisão Clínica;780,0
HRAD;2019,0;11,0;Unidade de Decisão Clínica;780,0
HRAD;2019,0;11,0;Unidade de Urgência - Maternidade;780,0
HRAD;2019,0;11,0;Unidade Urgência Emergência Ginecológica-Obstetrícia;780,0
HRAD;2019,0;11,0;Unidade Urgência/Emergência;780,0
HRAD;2019,0;11,0;Unidade Urgência-Emergência;780,0
HRAD;2019,0;11,0;UUE/HRB/CHB;780,0
HRAD;2019,0;12,0;Pronto Atendimento;688,0
HRAD;2019,0;12,0;UDC - Unidade de Decisão Clínica;688,0
HRAD;2019,0;12,0;Unidade de Decisão Clínica;688,0
HRAD;2019,0;12,0;Unidade de Urgência - Maternidade;688,0
HRAD;2019,0;12,0;Unidade Urgência Emergência Ginecológica-Obstetrícia;688,0
HRAD;2019,0;12,0;Unidade Urgência/Emergência;688,0
HRAD;2019,0;12,0;Unidade Urgência-Emergência;688,0
HRAD;2019,0;12,0;UUE/HRB/CHB;688,0
HRAD;2020,0;1,0;Pronto Atendimento;700,0
HRAD;2020,0;1,0;UDC - Unidade de Decisão Clínica;700,0
HRAD;2020,0;1,0;Unidade de Decisão Clínica;700,0
HRAD;2020,0;1,0;Unidade de Urgência - Maternidade;700,0
HRAD;2020,0;1,0;Unidade Urgência Emergência Ginecológica-Obstetrícia;700,0
HRAD;2020,0;1,0;Unidade Urgência/Emergência;700,0
HRAD;2020,0;1,0;Unidade Urgência-Emergência;700,0
HRAD;2020,0;1,0;UUE/HRB/CHB;700,0
HRAD;2020,0;2,0;Pronto Atendimento;624,0
HRAD;2020,0;2,0;UDC - Unidade de Decisão Clínica;624,0
HRAD;2020,0;2,0;Unidade de Decisão Clínica;624,0
HRAD;2020,0;2,0;Unidade de Urgência - Maternidade;624,0
HRAD;2020,0;2,0;Unidade Urgência Emergência Ginecológica-Obstetrícia;624,0
HRAD;2020,0;2,0;Unidade Urgência/Emergência;624,0
HRAD;2020,0;2,0;Unidade Urgência-Emergência;624,0
HRAD;2020,0;2,0;UUE/HRB/CHB;624,0
HRAD;2020,0;3,0;Pronto Atendimento;747,0
HRAD;2020,0;3,0;UDC - Unidade de Decisão Clínica;747,0
HRAD;2020,0;3,0;Unidade de Decisão Clínica;747,0
HRAD;2020,0;3,0;Unidade de Urgência - Maternidade;747,0
HRAD;2020,0;3,0;Unidade Urgência Emergência Ginecológica-Obstetrícia;747,0
HRAD;2020,0;3,0;Unidade Urgência/Emergência;747,0
HRAD;2020,0;3,0;Unidade Urgência-Emergência;747,0
HRAD;2020,0;3,0;UUE/HRB/CHB;747,0
HRAD;2020,0;4,0;Pronto Atendimento;583,0
HRAD;2020,0;4,0;UDC - Unidade de Decisão Clínica;583,0
HRAD;2020,0;4,0;Unidade de Decisão Clínica;583,0
HRAD;2020,0;4,0;Unidade de Urgência - Maternidade;583,0
HRAD;2020,0;4,0;Unidade Urgência Emergência Ginecológica-Obstetrícia;583,0
HRAD;2020,0;4,0;Unidade Urgência/Emergência;583,0
HRAD;2020,0;4,0;Unidade Urgência-Emergência;583,0
HRAD;2020,0;4,0;UUE/HRB/CHB;583,0
HRAD;2020,0;5,0;Pronto Atendimento;657,0
HRAD;2020,0;5,0;UDC - Unidade de Decisão Clínica;657,0
HRAD;2020,0;5,0;Unidade de Decisão Clínica;657,0
HRAD;2020,0;5,0;Unidade de Urgência - Maternidade;657,0
HRAD;2020,0;5,0;Unidade Urgência Emergência Ginecológica-Obstetrícia;657,0
HRAD;2020,0;5,0;Unidade Urgência/Emergência;657,0
HRAD;2020,0;5,0;Unidade Urgência-Emergência;657,0
HRAD;2020,0;5,0;UUE/HRB/CHB;657,0
HRAD;2020,0;6,0;Pronto Atendimento;646,0
HRAD;2020,0;6,0;UDC - Unidade de Decisão Clínica;646,0
HRAD;2020,0;6,0;Unidade de Decisão Clínica;646,0
HRAD;2020,0;6,0;Unidade de Urgência - Maternidade;646,0
HRAD;2020,0;6,0;Unidade Urgência Emergência Ginecológica-Obstetrícia;646,0
HRAD;2020,0;6,0;Unidade Urgência/Emergência;646,0
HRAD;2020,0;6,0;Unidade Urgência-Emergência;646,0
HRAD;2020,0;6,0;UUE/HRB/CHB;646,0
HRAD;2020,0;7,0;Pronto Atendimento;701,0
HRAD;2020,0;7,0;UDC - Unidade de Decisão Clínica;701,0
HRAD;2020,0;7,0;Unidade de Decisão Clínica;701,0
HRAD;2020,0;7,0;Unidade de Urgência - Maternidade;701,0
HRAD;2020,0;7,0;Unidade Urgência Emergência Ginecológica-Obstetrícia;701,0
HRAD;2020,0;7,0;Unidade Urgência/Emergência;701,0
HRAD;2020,0;7,0;Unidade Urgência-Emergência;701,0
HRAD;2020,0;7,0;UUE/HRB/CHB;701,0
HRAD;2020,0;8,0;Pronto Atendimento;548,0
HRAD;2020,0;8,0;UDC - Unidade de Decisão Clínica;548,0
HRAD;2020,0;8,0;Unidade de Decisão Clínica;548,0
HRAD;2020,0;8,0;Unidade de Urgência - Maternidade;548,0
HRAD;2020,0;8,0;Unidade Urgência Emergência Ginecológica-Obstetrícia;548,0
HRAD;2020,0;8,0;Unidade Urgência/Emergência;548,0
HRAD;2020,0;8,0;Unidade Urgência-Emergência;548,0
HRAD;2020,0;8,0;UUE/HRB/CHB;548,0
HRAD;2020,0;9,0;Pronto Atendimento;685,0
HRAD;2020,0;9,0;UDC - Unidade de Decisão Clínica;685,0
HRAD;2020,0;9,0;Unidade de Decisão Clínica;685,0
HRAD;2020,0;9,0;Unidade de Urgência - Maternidade;685,0
HRAD;2020,0;9,0;Unidade Urgência Emergência Ginecológica-Obstetrícia;685,0
HRAD;2020,0;9,0;Unidade Urgência/Emergência;685,0
HRAD;2020,0;9,0;Unidade Urgência-Emergência;685,0
HRAD;2020,0;9,0;UUE/HRB/CHB;685,0
HRAD;2020,0;10,0;Pronto Atendimento;775,0
HRAD;2020,0;10,0;UDC - Unidade de Decisão Clínica;775,0
HRAD;2020,0;10,0;Unidade de Decisão Clínica;775,0
HRAD;2020,0;10,0;Unidade de Urgência - Maternidade;775,0
HRAD;2020,0;10,0;Unidade Urgência Emergência Ginecológica-Obstetrícia;775,0
HRAD;2020,0;10,0;Unidade Urgência/Emergência;775,0
HRAD;2020,0;10,0;Unidade Urgência-Emergência;775,0
HRAD;2020,0;10,0;UUE/HRB/CHB;775,0
HRAD;2020,0;11,0;Pronto Atendimento;702,0
HRAD;2020,0;11,0;UDC - Unidade de Decisão Clínica;702,0
HRAD;2020,0;11,0;Unidade de Decisão Clínica;702,0
HRAD;2020,0;11,0;Unidade de Urgência - Maternidade;702,0
HRAD;2020,0;11,0;Unidade Urgência Emergência Ginecológica-Obstetrícia;702,0
HRAD;2020,0;11,0;Unidade Urgência/Emergência;702,0
HRAD;2020,0;11,0;Unidade Urgência-Emergência;702,0
HRAD;2020,0;11,0;UUE/HRB/CHB;702,0
HRAD;2020,0;12,0;Pronto Atendimento;790,0
HRAD;2020,0;12,0;UDC - Unidade de Decisão Clínica;790,0
HRAD;2020,0;12,0;Unidade de Decisão Clínica;790,0
HRAD;2020,0;12,0;Unidade de Urgência - Maternidade;790,0
HRAD;2020,0;12,0;Unidade Urgência Emergência Ginecológica-Obstetrícia;790,0
HRAD;2020,0;12,0;Unidade Urgência/Emergência;790,0
HRAD;2020,0;12,0;Unidade Urgência-Emergência;790,0
HRAD;2020,0;12,0;UUE/HRB/CHB;790,0
HRAD;2021,0;1,0;Pronto Atendimento;707,0
HRAD;2021,0;1,0;UDC - Unidade de Decisão Clínica;707,0
HRAD;2021,0;1,0;Unidade de Decisão Clínica;707,0
HRAD;2021,0;1,0;Unidade de Urgência - Maternidade;707,0
HRAD;2021,0;1,0;Unidade Urgência Emergência Ginecológica-Obstetrícia;707,0
HRAD;2021,0;1,0;Unidade Urgência/Emergência;707,0
HRAD;2021,0;1,0;Unidade Urgência-Emergência;707,0
HRAD;2021,0;1,0;UUE/HRB/CHB;707,0
HRAD;2021,0;2,0;Pronto Atendimento;669,0
HRAD;2021,0;2,0;UDC - Unidade de Decisão Clínica;669,0
HRAD;2021,0;2,0;Unidade de Decisão Clínica;669,0
HRAD;2021,0;2,0;Unidade de Urgência - Maternidade;669,0
HRAD;2021,0;2,0;Unidade Urgência Emergência Ginecológica-Obstetrícia;669,0
HRAD;2021,0;2,0;Unidade Urgência/Emergência;669,0
HRAD;2021,0;2,0;Unidade Urgência-Emergência;669,0
HRAD;2021,0;2,0;UUE/HRB/CHB;669,0
HRAD;2021,0;3,0;Pronto Atendimento;645,0
HRAD;2021,0;3,0;UDC - Unidade de Decisão Clínica;645,0
HRAD;2021,0;3,0;Unidade de Decisão Clínica;645,0
HRAD;2021,0;3,0;Unidade de Urgência - Maternidade;645,0
HRAD;2021,0;3,0;Unidade Urgência Emergência Ginecológica-Obstetrícia;645,0
HRAD;2021,0;3,0;Unidade Urgência/Emergência;645,0
HRAD;2021,0;3,0;Unidade Urgência-Emergência;645,0
HRAD;2021,0;3,0;UUE/HRB/CHB;645,0
HRAD;2021,0;4,0;Pronto Atendimento;700,0
HRAD;2021,0;4,0;UDC - Unidade de Decisão Clínica;700,0
HRAD;2021,0;4,0;Unidade de Decisão Clínica;700,0
HRAD;2021,0;4,0;Unidade de Urgência - Maternidade;700,0
HRAD;2021,0;4,0;Unidade Urgência Emergência Ginecológica-Obstetrícia;700,0
HRAD;2021,0;4,0;Unidade Urgência/Emergência;700,0
HRAD;2021,0;4,0;Unidade Urgência-Emergência;700,0
HRAD;2021,0;4,0;UUE/HRB/CHB;700,0
HRAD;2021,0;5,0;Pronto Atendimento;780,0
HRAD;2021,0;5,0;UDC - Unidade de Decisão Clínica;780,0
HRAD;2021,0;5,0;Unidade de Decisão Clínica;780,0
HRAD;2021,0;5,0;Unidade de Urgência - Maternidade;780,0
HRAD;2021,0;5,0;Unidade Urgência Emergência Ginecológica-Obstetrícia;780,0
HRAD;2021,0;5,0;Unidade Urgência/Emergência;780,0
HRAD;2021,0;5,0;Unidade Urgência-Emergência;780,0
HRAD;2021,0;5,0;UUE/HRB/CHB;780,0
HRAD;2021,0;6,0;Pronto Atendimento;657,0
HRAD;2021,0;6,0;UDC - Unidade de Decisão Clínica;657,0
HRAD;2021,0;6,0;Unidade de Decisão Clínica;657,0
HRAD;2021,0;6,0;Unidade de Urgência - Maternidade;657,0
HRAD;2021,0;6,0;Unidade Urgência Emergência Ginecológica-Obstetrícia;657,0
HRAD;2021,0;6,0;Unidade Urgência/Emergência;657,0
HRAD;2021,0;6,0;Unidade Urgência-Emergência;657,0
HRAD;2021,0;6,0;UUE/HRB/CHB;657,0
HRAD;2021,0;7,0;Pronto Atendimento;764,0
HRAD;2021,0;7,0;UDC - Unidade de Decisão Clínica;764,0
HRAD;2021,0;7,0;Unidade de Decisão Clínica;764,0
HRAD;2021,0;7,0;Unidade de Urgência - Maternidade;764,0
HRAD;2021,0;7,0;Unidade Urgência Emergência Ginecológica-Obstetrícia;764,0
HRAD;2021,0;7,0;Unidade Urgência/Emergência;764,0
HRAD;2021,0;7,0;Unidade Urgência-Emergência;764,0
HRAD;2021,0;7,0;UUE/HRB/CHB;764,0
HRAD;2021,0;8,0;Pronto Atendimento;730,0
HRAD;2021,0;8,0;UDC - Unidade de Decisão Clínica;730,0
HRAD;2021,0;8,0;Unidade de Decisão Clínica;730,0
HRAD;2021,0;8,0;Unidade de Urgência - Maternidade;730,0
HRAD;2021,0;8,0;Unidade Urgência Emergência Ginecológica-Obstetrícia;730,0
HRAD;2021,0;8,0;Unidade Urgência/Emergência;730,0
HRAD;2021,0;8,0;Unidade Urgência-Emergência;730,0
HRAD;2021,0;8,0;UUE/HRB/CHB;730,0
HRAD;2021,0;9,0;Pronto Atendimento;719,0
HRAD;2021,0;9,0;UDC - Unidade de Decisão Clínica;719,0
HRAD;2021,0;9,0;Unidade de Decisão Clínica;719,0
HRAD;2021,0;9,0;Unidade de Urgência - Maternidade;719,0
HRAD;2021,0;9,0;Unidade Urgência Emergência Ginecológica-Obstetrícia;719,0
HRAD;2021,0;9,0;Unidade Urgência/Emergência;719,0
HRAD;2021,0;9,0;Unidade Urgência-Emergência;719,0
HRAD;2021,0;9,0;UUE/HRB/CHB;719,0
HRAD;2021,0;10,0;Pronto Atendimento;683,0
HRAD;2021,0;10,0;UDC - Unidade de Decisão Clínica;683,0
HRAD;2021,0;10,0;Unidade de Decisão Clínica;683,0
HRAD;2021,0;10,0;Unidade de Urgência - Maternidade;683,0
HRAD;2021,0;10,0;Unidade Urgência Emergência Ginecológica-Obstetrícia;683,0
HRAD;2021,0;10,0;Unidade Urgência/Emergência;683,0
HRAD;2021,0;10,0;Unidade Urgência-Emergência;683,0
HRAD;2021,0;10,0;UUE/HRB/CHB;683,0
HRAD;2021,0;11,0;Pronto Atendimento;699,0
HRAD;2021,0;11,0;UDC - Unidade de Decisão Clínica;699,0
HRAD;2021,0;11,0;Unidade de Decisão Clínica;699,0
HRAD;2021,0;11,0;Unidade de Urgência - Maternidade;699,0
HRAD;2021,0;11,0;Unidade Urgência Emergência Ginecológica-Obstetrícia;699,0
HRAD;2021,0;11,0;Unidade Urgência/Emergência;699,0
HRAD;2021,0;11,0;Unidade Urgência-Emergência;699,0
HRAD;2021,0;11,0;UUE/HRB/CHB;699,0
HRAD;2021,0;12,0;Pronto Atendimento;605,0
HRAD;2021,0;12,0;UDC - Unidade de Decisão Clínica;605,0
HRAD;2021,0;12,0;Unidade de Decisão Clínica;605,0
HRAD;2021,0;12,0;Unidade de Urgência - Maternidade;605,0
HRAD;2021,0;12,0;Unidade Urgência Emergência Ginecológica-Obstetrícia;605,0
HRAD;2021,0;12,0;Unidade Urgência/Emergência;605,0
HRAD;2021,0;12,0;Unidade Urgência-Emergência;605,0
HRAD;2021,0;12,0;UUE/HRB/CHB;605,0
HRAD;2022,0;1,0;Pronto Atendimento;794,0
HRAD;2022,0;1,0;UDC - Unidade de Decisão Clínica;794,0
HRAD;2022,0;1,0;Unidade de Decisão Clínica;794,0
HRAD;2022,0;1,0;Unidade de Urgência - Maternidade;794,0
HRAD;2022,0;1,0;Unidade Urgência Emergência Ginecológica-Obstetrícia;794,0
HRAD;2022,0;1,0;Unidade Urgência/Emergência;794,0
HRAD;2022,0;1,0;Unidade Urgência-Emergência;794,0
HRAD;2022,0;1,0;UUE/HRB/CHB;794,0
HRAD;2022,0;2,0;Pronto Atendimento;716,0
HRAD;2022,0;2,0;UDC - Unidade de Decisão Clínica;716,0
HRAD;2022,0;2,0;Unidade de Decisão Clínica;716,0
HRAD;2022,0;2,0;Unidade de Urgência - Maternidade;716,0
HRAD;2022,0;2,0;Unidade Urgência Emergência Ginecológica-Obstetrícia;716,0
HRAD;2022,0;2,0;Unidade Urgência/Emergência;716,0
HRAD;2022,0;2,0;Unidade Urgência-Emergência;716,0
HRAD;2022,0;2,0;UUE/HRB/CHB;716,0
HRAD;2022,0;3,0;Pronto Atendimento;721,0
HRAD;2022,0;3,0;UDC - Unidade de Decisão Clínica;721,0
HRAD;2022,0;3,0;Unidade de Decisão Clínica;721,0
HRAD;2022,0;3,0;Unidade de Urgência - Maternidade;721,0
HRAD;2022,0;3,0;Unidade Urgência Emergência Ginecológica-Obstetrícia;721,0
HRAD;2022,0;3,0;Unidade Urgência/Emergência;721,0
HRAD;2022,0;3,0;Unidade Urgência-Emergência;721,0
HRAD;2022,0;3,0;UUE/HRB/CHB;721,0
HRAD;2022,0;4,0;Pronto Atendimento;663,0
HRAD;2022,0;4,0;UDC - Unidade de Decisão Clínica;663,0
HRAD;2022,0;4,0;Unidade de Decisão Clínica;663,0
HRAD;2022,0;4,0;Unidade de Urgência - Maternidade;663,0
HRAD;2022,0;4,0;Unidade Urgência Emergência Ginecológica-Obstetrícia;663,0
HRAD;2022,0;4,0;Unidade Urgência/Emergência;663,0
HRAD;2022,0;4,0;Unidade Urgência-Emergência;663,0
HRAD;2022,0;4,0;UUE/HRB/CHB;663,0
HRAD;2022,0;5,0;Pronto Atendimento;739,0
HRAD;2022,0;5,0;UDC - Unidade de Decisão Clínica;739,0
HRAD;2022,0;5,0;Unidade de Decisão Clínica;739,0
HRAD;2022,0;5,0;Unidade de Urgência - Maternidade;739,0
HRAD;2022,0;5,0;Unidade Urgência Emergência Ginecológica-Obstetrícia;739,0
HRAD;2022,0;5,0;Unidade Urgência/Emergência;739,0
HRAD;2022,0;5,0;Unidade Urgência-Emergência;739,0
HRAD;2022,0;5,0;UUE/HRB/CHB;739,0
HRAD;2022,0;6,0;Pronto Atendimento;864,0
HRAD;2022,0;6,0;UDC - Unidade de Decisão Clínica;864,0
HRAD;2022,0;6,0;Unidade de Decisão Clínica;864,0
HRAD;2022,0;6,0;Unidade de Urgência - Maternidade;864,0
HRAD;2022,0;6,0;Unidade Urgência Emergência Ginecológica-Obstetrícia;864,0
HRAD;2022,0;6,0;Unidade Urgência/Emergência;864,0
HRAD;2022,0;6,0;Unidade Urgência-Emergência;864,0
HRAD;2022,0;6,0;UUE/HRB/CHB;864,0
HRAD;2022,0;7,0;Pronto Atendimento;651,0
HRAD;2022,0;7,0;UDC - Unidade de Decisão Clínica;651,0
HRAD;2022,0;7,0;Unidade de Decisão Clínica;651,0
HRAD;2022,0;7,0;Unidade de Urgência - Maternidade;651,0
HRAD;2022,0;7,0;Unidade Urgência Emergência Ginecológica-Obstetrícia;651,0
HRAD;2022,0;7,0;Unidade Urgência/Emergência;651,0
HRAD;2022,0;7,0;Unidade Urgência-Emergência;651,0
HRAD;2022,0;7,0;UUE/HRB/CHB;651,0
HRAD;2022,0;8,0;Pronto Atendimento;704,0
HRAD;2022,0;8,0;UDC - Unidade de Decisão Clínica;704,0
HRAD;2022,0;8,0;Unidade de Decisão Clínica;704,0
HRAD;2022,0;8,0;Unidade de Urgência - Maternidade;704,0
HRAD;2022,0;8,0;Unidade Urgência Emergência Ginecológica-Obstetrícia;704,0
HRAD;2022,0;8,0;Unidade Urgência/Emergência;704,0
HRAD;2022,0;8,0;Unidade Urgência-Emergência;704,0
HRAD;2022,0;8,0;UUE/HRB/CHB;704,0
HRAD;2022,0;9,0;Pronto Atendimento;593,0
HRAD;2022,0;9,0;UDC - Unidade de Decisão Clínica;593,0
HRAD;2022,0;9,0;Unidade de Decisão Clínica;593,0
HRAD;2022,0;9,0;Unidade de Urgência - Maternidade;593,0
HRAD;2022,0;9,0;Unidade Urgência Emergência Ginecológica-Obstetrícia;593,0
HRAD;2022,0;9,0;Unidade Urgência/Emergência;593,0
HRAD;2022,0;9,0;Unidade Urgência-Emergência;593,0
HRAD;2022,0;9,0;UUE/HRB/CHB;593,0
HRAD;2022,0;10,0;Pronto Atendimento;646,0
HRAD;2022,0;10,0;UDC - Unidade de Decisão Clínica;646,0
HRAD;2022,0;10,0;Unidade de Decisão Clínica;646,0
HRAD;2022,0;10,0;Unidade de Urgência - Maternidade;646,0
HRAD;2022,0;10,0;Unidade Urgência Emergência Ginecológica-Obstetrícia;646,0
HRAD;2022,0;10,0;Unidade Urgência/Emergência;646,0
HRAD;2022,0;10,0;Unidade Urgência-Emergência;646,0
HRAD;2022,0;10,0;UUE/HRB/CHB;646,0
HRAD;2022,0;11,0;Pronto Atendimento;663,0
HRAD;2022,0;11,0;UDC - Unidade de Decisão Clínica;663,0
HRAD;2022,0;11,0;Unidade de Decisão Clínica;663,0
HRAD;2022,0;11,0;Unidade de Urgência - Maternidade;663,0
HRAD;2022,0;11,0;Unidade Urgência Emergência Ginecológica-Obstetrícia;663,0
HRAD;2022,0;11,0;Unidade Urgência/Emergência;663,0
HRAD;2022,0;11,0;Unidade Urgência-Emergência;663,0
HRAD;2022,0;11,0;UUE/HRB/CHB;663,0
HRAD;2022,0;12,0;Pronto Atendimento;731,0
HRAD;2022,0;12,0;UDC - Unidade de Decisão Clínica;731,0
HRAD;2022,0;12,0;Unidade de Decisão Clínica;731,0
HRAD;2022,0;12,0;Unidade de Urgência - Maternidade;731,0
HRAD;2022,0;12,0;Unidade Urgência Emergência Ginecológica-Obstetrícia;731,0
HRAD;2022,0;12,0;Unidade Urgência/Emergência;731,0
HRAD;2022,0;12,0;Unidade Urgência-Emergência;731,0
HRAD;2022,0;12,0;UUE/HRB/CHB;731,0
HRAD;2023,0;1,0;Pronto Atendimento;704,0
HRAD;2023,0;1,0;UDC - Unidade de Decisão Clínica;704,0
HRAD;2023,0;1,0;Unidade de Decisão Clínica;704,0
HRAD;2023,0;1,0;Unidade de Urgência - Maternidade;704,0
HRAD;2023,0;1,0;Unidade Urgência Emergência Ginecológica-Obstetrícia;704,0
HRAD;2023,0;1,0;Unidade Urgência/Emergência;704,0
HRAD;2023,0;1,0;Unidade Urgência-Emergência;704,0
HRAD;2023,0;1,0;UUE/HRB/CHB;704,0
HRAD;2023,0;2,0;Pronto Atendimento;751,0
HRAD;2023,0;2,0;UDC - Unidade de Decisão Clínica;751,0
HRAD;2023,0;2,0;Unidade de Decisão Clínica;751,0
HRAD;2023,0;2,0;Unidade de Urgência - Maternidade;751,0
HRAD;2023,0;2,0;Unidade Urgência Emergência Ginecológica-Obstetrícia;751,0
HRAD;2023,0;2,0;Unidade Urgência/Emergência;751,0
HRAD;2023,0;2,0;Unidade Urgência-Emergência;751,0
HRAD;2023,0;2,0;UUE/HRB/CHB;751,0
HRAD;2023,0;3,0;Pronto Atendimento;835,0
HRAD;2023,0;3,0;UDC - Unidade de Decisão Clínica;835,0
HRAD;2023,0;3,0;Unidade de Decisão Clínica;835,0
HRAD;2023,0;3,0;Unidade de Urgência - Maternidade;835,0
HRAD;2023,0;3,0;Unidade Urgência Emergência Ginecológica-Obstetrícia;835,0
HRAD;2023,0;3,0;Unidade Urgência/Emergência;835,0
HRAD;2023,0;3,0;Unidade Urgência-Emergência;835,0
HRAD;2023,0;3,0;UUE/HRB/CHB;835,0
HRAD;2023,0;4,0;Pronto Atendimento;858,0
HRAD;2023,0;4,0;UDC - Unidade de Decisão Clínica;858,0
HRAD;2023,0;4,0;Unidade de Decisão Clínica;858,0
HRAD;2023,0;4,0;Unidade de Urgência - Maternidade;858,0
HRAD;2023,0;4,0;Unidade Urgência Emergência Ginecológica-Obstetrícia;858,0
HRAD;2023,0;4,0;Unidade Urgência/Emergência;858,0
HRAD;2023,0;4,0;Unidade Urgência-Emergência;858,0
HRAD;2023,0;4,0;UUE/HRB/CHB;858,0
HRAD;2023,0;5,0;Pronto Atendimento;762,0
HRAD;2023,0;5,0;UDC - Unidade de Decisão Clínica;762,0
HRAD;2023,0;5,0;Unidade de Decisão Clínica;762,0
HRAD;2023,0;5,0;Unidade de Urgência - Maternidade;762,0
HRAD;2023,0;5,0;Unidade Urgência Emergência Ginecológica-Obstetrícia;762,0
HRAD;2023,0;5,0;Unidade Urgência/Emergência;762,0
HRAD;2023,0;5,0;Unidade Urgência-Emergência;762,0
HRAD;2023,0;5,0;UUE/HRB/CHB;762,0
HRAD;2023,0;6,0;Pronto Atendimento;710,0
HRAD;2023,0;6,0;UDC - Unidade de Decisão Clínica;710,0
HRAD;2023,0;6,0;Unidade de Decisão Clínica;710,0
HRAD;2023,0;6,0;Unidade de Urgência - Maternidade;710,0
HRAD;2023,0;6,0;Unidade Urgência Emergência Ginecológica-Obstetrícia;710,0
HRAD;2023,0;6,0;Unidade Urgência/Emergência;710,0
HRAD;2023,0;6,0;Unidade Urgência-Emergência;710,0
HRAD;2023,0;6,0;UUE/HRB/CHB;710,0
HRAD;2023,0;7,0;Pronto Atendimento;765,0
HRAD;2023,0;7,0;UDC - Unidade de Decisão Clínica;765,0
HRAD;2023,0;7,0;Unidade de Decisão Clínica;765,0
HRAD;2023,0;7,0;Unidade de Urgência - Maternidade;765,0
HRAD;2023,0;7,0;Unidade Urgência Emergência Ginecológica-Obstetrícia;765,0
HRAD;2023,0;7,0;Unidade Urgência/Emergência;765,0
HRAD;2023,0;7,0;Unidade Urgência-Emergência;765,0
HRAD;2023,0;7,0;UUE/HRB/CHB;765,0
HRAD;2023,0;8,0;Pronto Atendimento;986,0
HRAD;2023,0;8,0;UDC - Unidade de Decisão Clínica;986,0
HRAD;2023,0;8,0;Unidade de Decisão Clínica;986,0
HRAD;2023,0;8,0;Unidade de Urgência - Maternidade;986,0
HRAD;2023,0;8,0;Unidade Urgência Emergência Ginecológica-Obstetrícia;986,0
HRAD;2023,0;8,0;Unidade Urgência/Emergência;986,0
HRAD;2023,0;8,0;Unidade Urgência-Emergência;986,0
HRAD;2023,0;8,0;UUE/HRB/CHB;986,0
HRAD;2023,0;9,0;Pronto Atendimento;928,0
HRAD;2023,0;9,0;UDC - Unidade de Decisão Clínica;928,0
HRAD;2023,0;9,0;Unidade de Decisão Clínica;928,0
HRAD;2023,0;9,0;Unidade de Urgência - Maternidade;928,0
HRAD;2023,0;9,0;Unidade Urgência Emergência Ginecológica-Obstetrícia;928,0
HRAD;2023,0;9,0;Unidade Urgência/Emergência;928,0
HRAD;2023,0;9,0;Unidade Urgência-Emergência;928,0
HRAD;2023,0;9,0;UUE/HRB/CHB;928,0
HRAD;2023,0;10,0;Pronto Atendimento;971,0
HRAD;2023,0;10,0;UDC - Unidade de Decisão Clínica;971,0
HRAD;2023,0;10,0;Unidade de Decisão Clínica;971,0
HRAD;2023,0;10,0;Unidade de Urgência - Maternidade;971,0
HRAD;2023,0;10,0;Unidade Urgência Emergência Ginecológica-Obstetrícia;971,0
HRAD;2023,0;10,0;Unidade Urgência/Emergência;971,0
HRAD;2023,0;10,0;Unidade Urgência-Emergência;971,0
HRAD;2023,0;10,0;UUE/HRB/CHB;971,0
HRAD;2023,0;11,0;Pronto Atendimento;764,0
HRAD;2023,0;11,0;UDC - Unidade de Decisão Clínica;764,0
HRAD;2023,0;11,0;Unidade de Decisão Clínica;764,0
HRAD;2023,0;11,0;Unidade de Urgência - Maternidade;764,0
HRAD;2023,0;11,0;Unidade Urgência Emergência Ginecológica-Obstetrícia;764,0
HRAD;2023,0;11,0;Unidade Urgência/Emergência;764,0
HRAD;2023,0;11,0;Unidade Urgência-Emergência;764,0
HRAD;2023,0;11,0;UUE/HRB/CHB;764,0
HRAD;2023,0;12,0;Pronto Atendimento;798,0
HRAD;2023,0;12,0;UDC - Unidade de Decisão Clínica;798,0
HRAD;2023,0;12,0;Unidade de Decisão Clínica;798,0
HRAD;2023,0;12,0;Unidade de Urgência - Maternidade;798,0
HRAD;2023,0;12,0;Unidade Urgência Emergência Ginecológica-Obstetrícia;798,0
HRAD;2023,0;12,0;Unidade Urgência/Emergência;798,0
HRAD;2023,0;12,0;Unidade Urgência-Emergência;798,0
HRAD;2023,0;12,0;UUE/HRB/CHB;798,0
HRAD;2024,0;1,0;Pronto Atendimento;813,0
HRAD;2024,0;1,0;UDC - Unidade de Decisão Clínica;813,0
HRAD;2024,0;1,0;Unidade de Decisão Clínica;813,0
HRAD;2024,0;1,0;Unidade de Urgência - Maternidade;813,0
HRAD;2024,0;1,0;Unidade Urgência Emergência Ginecológica-Obstetrícia;813,0
HRAD;2024,0;1,0;Unidade Urgência/Emergência;813,0
HRAD;2024,0;1,0;Unidade Urgência-Emergência;813,0
HRAD;2024,0;1,0;UUE/HRB/CHB;813,0
HRAD;2024,0;2,0;Pronto Atendimento;688,0
HRAD;2024,0;2,0;UDC - Unidade de Decisão Clínica;688,0
HRAD;2024,0;2,0;Unidade de Decisão Clínica;688,0
HRAD;2024,0;2,0;Unidade de Urgência - Maternidade;688,0
HRAD;2024,0;2,0;Unidade Urgência Emergência Ginecológica-Obstetrícia;688,0
HRAD;2024,0;2,0;Unidade Urgência/Emergência;688,0
HRAD;2024,0;2,0;Unidade Urgência-Emergência;688,0
HRAD;2024,0;2,0;UUE/HRB/CHB;688,0
HRAD;2024,0;3,0;Pronto Atendimento;873,0
HRAD;2024,0;3,0;UDC - Unidade de Decisão Clínica;873,0
HRAD;2024,0;3,0;Unidade de Decisão Clínica;873,0
HRAD;2024,0;3,0;Unidade de Urgência - Maternidade;873,0
HRAD;2024,0;3,0;Unidade Urgência Emergência Ginecológica-Obstetrícia;873,0
HRAD;2024,0;3,0;Unidade Urgência/Emergência;873,0
HRAD;2024,0;3,0;Unidade Urgência-Emergência;873,0
HRAD;2024,0;3,0;UUE/HRB/CHB;873,0
HRAD;2024,0;4,0;Pronto Atendimento;756,0
HRAD;2024,0;4,0;UDC - Unidade de Decisão Clínica;756,0
HRAD;2024,0;4,0;Unidade de Decisão Clínica;756,0
HRAD;2024,0;4,0;Unidade de Urgência - Maternidade;756,0
HRAD;2024,0;4,0;Unidade Urgência Emergência Ginecológica-Obstetrícia;756,0
HRAD;2024,0;4,0;Unidade Urgência/Emergência;756,0
HRAD;2024,0;4,0;Unidade Urgência-Emergência;756,0
HRAD;2024,0;4,0;UUE/HRB/CHB;756,0
HRAD;2024,0;5,0;Pronto Atendimento;772,0
HRAD;2024,0;5,0;UDC - Unidade de Decisão Clínica;772,0
HRAD;2024,0;5,0;Unidade de Decisão Clínica;772,0
HRAD;2024,0;5,0;Unidade de Urgência - Maternidade;772,0
HRAD;2024,0;5,0;Unidade Urgência Emergência Ginecológica-Obstetrícia;772,0
HRAD;2024,0;5,0;Unidade Urgência/Emergência;772,0
HRAD;2024,0;5,0;Unidade Urgência-Emergência;772,0
HRAD;2024,0;5,0;UUE/HRB/CHB;772,0
HRAD;2024,0;6,0;Pronto Atendimento;755,0
HRAD;2024,0;6,0;UDC - Unidade de Decisão Clínica;755,0
HRAD;2024,0;6,0;Unidade de Decisão Clínica;755,0
HRAD;2024,0;6,0;Unidade de Urgência - Maternidade;755,0
HRAD;2024,0;6,0;Unidade Urgência Emergência Ginecológica-Obstetrícia;755,0
HRAD;2024,0;6,0;Unidade Urgência/Emergência;755,0
HRAD;2024,0;6,0;Unidade Urgência-Emergência;755,0
HRAD;2024,0;6,0;UUE/HRB/CHB;755,0
HRAD;2024,0;7,0;Pronto Atendimento;605,0
HRAD;2024,0;7,0;UDC - Unidade de Decisão Clínica;605,0
HRAD;2024,0;7,0;Unidade de Decisão Clínica;605,0
HRAD;2024,0;7,0;Unidade de Urgência - Maternidade;605,0
HRAD;2024,0;7,0;Unidade Urgência Emergência Ginecológica-Obstetrícia;605,0
HRAD;2024,0;7,0;Unidade Urgência/Emergência;605,0
HRAD;2024,0;7,0;Unidade Urgência-Emergência;605,0
HRAD;2024,0;7,0;UUE/HRB/CHB;605,0
HRAD;2024,0;8,0;Pronto Atendimento;805,0
HRAD;2024,0;8,0;UDC - Unidade de Decisão Clínica;805,0
HRAD;2024,0;8,0;Unidade de Decisão Clínica;805,0
HRAD;2024,0;8,0;Unidade de Urgência - Maternidade;805,0
HRAD;2024,0;8,0;Unidade Urgência Emergência Ginecológica-Obstetrícia;805,0
HRAD;2024,0;8,0;Unidade Urgência/Emergência;805,0
HRAD;2024,0;8,0;Unidade Urgência-Emergência;805,0
HRAD;2024,0;8,0;UUE/HRB/CHB;805,0
HRAD;2024,0;9,0;Pronto Atendimento;554,0
HRAD;2024,0;9,0;UDC - Unidade de Decisão Clínica;554,0
HRAD;2024,0;9,0;Unidade de Decisão Clínica;554,0
HRAD;2024,0;9,0;Unidade de Urgência - Maternidade;554,0
HRAD;2024,0;9,0;Unidade Urgência Emergência Ginecológica-Obstetrícia;554,0
HRAD;2024,0;9,0;Unidade Urgência/Emergência;554,0
HRAD;2024,0;9,0;Unidade Urgência-Emergência;554,0
HRAD;2024,0;9,0;UUE/HRB/CHB;554,0
HRAD;2024,0;10,0;Pronto Atendimento;399,0
HRAD;2024,0;10,0;UDC - Unidade de Decisão Clínica;399,0
HRAD;2024,0;10,0;Unidade de Decisão Clínica;399,0
HRAD;2024,0;10,0;Unidade de Urgência - Maternidade;399,0
HRAD;2024,0;10,0;Unidade Urgência Emergência Ginecológica-Obstetrícia;399,0
HRAD;2024,0;10,0;Unidade Urgência/Emergência;399,0
HRAD;2024,0;10,0;Unidade Urgência-Emergência;399,0
HRAD;2024,0;10,0;UUE/HRB/CHB;399,0
HRAD;2024,0;11,0;Pronto Atendimento;406,0
HRAD;2024,0;11,0;UDC - Unidade de Decisão Clínica;406,0
HRAD;2024,0;11,0;Unidade de Decisão Clínica;406,0
HRAD;2024,0;11,0;Unidade de Urgência - Maternidade;406,0
HRAD;2024,0;11,0;Unidade Urgência Emergência Ginecológica-Obstetrícia;406,0
HRAD;2024,0;11,0;Unidade Urgência/Emergência;406,0
HRAD;2024,0;11,0;Unidade Urgência-Emergência;406,0
HRAD;2024,0;11,0;UUE/HRB/CHB;406,0
HRAD;2024,0;12,0;Pronto Atendimento;404,0
HRAD;2024,0;12,0;UDC - Unidade de Decisão Clínica;404,0
HRAD;2024,0;12,0;Unidade de Decisão Clínica;404,0
HRAD;2024,0;12,0;Unidade de Urgência - Maternidade;404,0
HRAD;2024,0;12,0;Unidade Urgência Emergência Ginecológica-Obstetrícia;404,0
HRAD;2024,0;12,0;Unidade Urgência/Emergência;404,0
HRAD;2024,0;12,0;Unidade Urgência-Emergência;404,0
HRAD;2024,0;12,0;UUE/HRB/CHB;404,0
HRAD;2025,0;1,0;Pronto Atendimento;487,0
HRAD;2025,0;1,0;UDC - Unidade de Decisão Clínica;487,0
HRAD;2025,0;1,0;Unidade de Decisão Clínica;487,0
HRAD;2025,0;1,0;Unidade de Urgência - Maternidade;487,0
HRAD;2025,0;1,0;Unidade Urgência Emergência Ginecológica-Obstetrícia;487,0
HRAD;2025,0;1,0;Unidade Urgência/Emergência;487,0
HRAD;2025,0;1,0;Unidade Urgência-Emergência;487,0
HRAD;2025,0;1,0;UUE/HRB/CHB;487,0
HRAD;2025,0;2,0;Pronto Atendimento;724,0
HRAD;2025,0;2,0;UDC - Unidade de Decisão Clínica;724,0
HRAD;2025,0;2,0;Unidade de Decisão Clínica;724,0
HRAD;2025,0;2,0;Unidade de Urgência - Maternidade;724,0
HRAD;2025,0;2,0;Unidade Urgência Emergência Ginecológica-Obstetrícia;724,0
HRAD;2025,0;2,0;Unidade Urgência/Emergência;724,0
HRAD;2025,0;2,0;Unidade Urgência-Emergência;724,0
HRAD;2025,0;2,0;UUE/HRB/CHB;724,0
HRAD;2025,0;3,0;Pronto Atendimento;894,0
HRAD;2025,0;3,0;UDC - Unidade de Decisão Clínica;894,0
HRAD;2025,0;3,0;Unidade de Decisão Clínica;894,0
HRAD;2025,0;3,0;Unidade de Urgência - Maternidade;894,0
HRAD;2025,0;3,0;Unidade Urgência Emergência Ginecológica-Obstetrícia;894,0
HRAD;2025,0;3,0;Unidade Urgência/Emergência;894,0
HRAD;2025,0;3,0;Unidade Urgência-Emergência;894,0
HRAD;2025,0;3,0;UUE/HRB/CHB;894,0
HRAD;2025,0;4,0;Pronto Atendimento;967,0
HRAD;2025,0;4,0;UDC - Unidade de Decisão Clínica;967,0
HRAD;2025,0;4,0;Unidade de Decisão Clínica;967,0
HRAD;2025,0;4,0;Unidade de Urgência - Maternidade;967,0
HRAD;2025,0;4,0;Unidade Urgência Emergência Ginecológica-Obstetrícia;967,0
HRAD;2025,0;4,0;Unidade Urgência/Emergência;967,0
HRAD;2025,0;4,0;Unidade Urgência-Emergência;967,0
HRAD;2025,0;4,0;UUE/HRB/CHB;967,0
HRAD;2025,0;5,0;Pronto Atendimento;744,0
HRAD;2025,0;5,0;UDC - Unidade de Decisão Clínica;744,0
HRAD;2025,0;5,0;Unidade de Decisão Clínica;744,0
HRAD;2025,0;5,0;Unidade de Urgência - Maternidade;744,0
HRAD;2025,0;5,0;Unidade Urgência Emergência Ginecológica-Obstetrícia;744,0
HRAD;2025,0;5,0;Unidade Urgência/Emergência;744,0
HRAD;2025,0;5,0;Unidade Urgência-Emergência;744,0
HRAD;2025,0;5,0;UUE/HRB/CHB;744,0
HRAD;2025,0;6,0;Pronto Atendimento;785,0
HRAD;2025,0;6,0;UDC - Unidade de Decisão Clínica;785,0
HRAD;2025,0;6,0;Unidade de Decisão Clínica;785,0
HRAD;2025,0;6,0;Unidade de Urgência - Maternidade;785,0
HRAD;2025,0;6,0;Unidade Urgência Emergência Ginecológica-Obstetrícia;785,0
HRAD;2025,0;6,0;Unidade Urgência/Emergência;785,0
HRAD;2025,0;6,0;Unidade Urgência-Emergência;785,0
HRAD;2025,0;6,0;UUE/HRB/CHB;785,0
HRAD;2025,0;7,0;Pronto Atendimento;743,0
HRAD;2025,0;7,0;UDC - Unidade de Decisão Clínica;743,0
HRAD;2025,0;7,0;Unidade de Decisão Clínica;743,0
HRAD;2025,0;7,0;Unidade de Urgência - Maternidade;743,0
HRAD;2025,0;7,0;Unidade Urgência Emergência Ginecológica-Obstetrícia;743,0
HRAD;2025,0;7,0;Unidade Urgência/Emergência;743,0
HRAD;2025,0;7,0;Unidade Urgência-Emergência;743,0
HRAD;2025,0;7,0;UUE/HRB/CHB;743,0
HRAD;2025,0;8,0;Pronto Atendimento;671,0
HRAD;2025,0;8,0;UDC - Unidade de Decisão Clínica;671,0
HRAD;2025,0;8,0;Unidade de Decisão Clínica;671,0
HRAD;2025,0;8,0;Unidade de Urgência - Maternidade;671,0
HRAD;2025,0;8,0;Unidade Urgência Emergência Ginecológica-Obstetrícia;671,0
HRAD;2025,0;8,0;Unidade Urgência/Emergência;671,0
HRAD;2025,0;8,0;Unidade Urgência-Emergência;671,0
HRAD;2025,0;8,0;UUE/HRB/CHB;671,0
HRAD;2025,0;9,0;Pronto Atendimento;853,0
HRAD;2025,0;9,0;UDC - Unidade de Decisão Clínica;853,0
HRAD;2025,0;9,0;Unidade de Decisão Clínica;853,0
HRAD;2025,0;9,0;Unidade de Urgência - Maternidade;853,0
HRAD;2025,0;9,0;Unidade Urgência Emergência Ginecológica-Obstetrícia;853,0
HRAD;2025,0;9,0;Unidade Urgência/Emergência;853,0
HRAD;2025,0;9,0;Unidade Urgência-Emergência;853,0
HRAD;2025,0;9,0;UUE/HRB/CHB;853,0
HRAD;2025,0;10,0;Pronto Atendimento;793,0
HRAD;2025,0;10,0;UDC - Unidade de Decisão Clínica;793,0
HRAD;2025,0;10,0;Unidade de Decisão Clínica;793,0
HRAD;2025,0;10,0;Unidade de Urgência - Maternidade;793,0
HRAD;2025,0;10,0;Unidade Urgência Emergência Ginecológica-Obstetrícia;793,0
HRAD;2025,0;10,0;Unidade Urgência/Emergência;793,0
HRAD;2025,0;10,0;Unidade Urgência-Emergência;793,0
HRAD;2025,0;10,0;UUE/HRB/CHB;793,0
HRAD;2025,0;11,0;Pronto Atendimento;799,0
HRAD;2025,0;11,0;UDC - Unidade de Decisão Clínica;799,0
HRAD;2025,0;11,0;Unidade de Decisão Clínica;799,0
HRAD;2025,0;11,0;Unidade de Urgência - Maternidade;799,0
HRAD;2025,0;11,0;Unidade Urgência Emergência Ginecológica-Obstetrícia;799,0
HRAD;2025,0;11,0;Unidade Urgência/Emergência;799,0
HRAD;2025,0;11,0;Unidade Urgência-Emergência;799,0
HRAD;2025,0;11,0;UUE/HRB/CHB;799,0
HRAD;2025,0;12,0;Pronto Atendimento;855,0
HRAD;2025,0;12,0;UDC - Unidade de Decisão Clínica;855,0
HRAD;2025,0;12,0;Unidade de Decisão Clínica;855,0
HRAD;2025,0;12,0;Unidade de Urgência - Maternidade;855,0
HRAD;2025,0;12,0;Unidade Urgência Emergência Ginecológica-Obstetrícia;855,0
HRAD;2025,0;12,0;Unidade Urgência/Emergência;855,0
HRAD;2025,0;12,0;Unidade Urgência-Emergência;855,0
HRAD;2025,0;12,0;UUE/HRB/CHB;855,0
HRAD;2026,0;1,0;Pronto Atendimento;754,0
HRAD;2026,0;1,0;UDC - Unidade de Decisão Clínica;754,0
HRAD;2026,0;1,0;Unidade de Decisão Clínica;754,0
HRAD;2026,0;1,0;Unidade de Urgência - Maternidade;754,0
HRAD;2026,0;1,0;Unidade Urgência Emergência Ginecológica-Obstetrícia;754,0
HRAD;2026,0;1,0;Unidade Urgência/Emergência;754,0
HRAD;2026,0;1,0;Unidade Urgência-Emergência;754,0
HRAD;2026,0;1,0;UUE/HRB/CHB;754,0
HRAD;2026,0;2,0;Pronto Atendimento;718,0
HRAD;2026,0;2,0;UDC - Unidade de Decisão Clínica;718,0
HRAD;2026,0;2,0;Unidade de Decisão Clínica;718,0
HRAD;2026,0;2,0;Unidade de Urgência - Maternidade;718,0
HRAD;2026,0;2,0;Unidade Urgência Emergência Ginecológica-Obstetrícia;718,0
HRAD;2026,0;2,0;Unidade Urgência/Emergência;718,0
HRAD;2026,0;2,0;Unidade Urgência-Emergência;718,0
HRAD;2026,0;2,0;UUE/HRB/CHB;718,0
HRBJA;2019,0;1,0;Pronto Atendimento;49,0
HRBJA;2019,0;1,0;UDC - Unidade de Decisão Clínica;49,0
HRBJA;2019,0;1,0;Unidade de Decisão Clínica;49,0
HRBJA;2019,0;1,0;Unidade de Urgência - Maternidade;49,0
HRBJA;2019,0;1,0;Unidade Urgência Emergência Ginecológica-Obstetrícia;49,0
HRBJA;2019,0;1,0;Unidade Urgência/Emergência;49,0
HRBJA;2019,0;1,0;Unidade Urgência-Emergência;49,0
HRBJA;2019,0;1,0;UUE/HRB/CHB;49,0
HRBJA;2019,0;2,0;Pronto Atendimento;35,0
HRBJA;2019,0;2,0;UDC - Unidade de Decisão Clínica;35,0
HRBJA;2019,0;2,0;Unidade de Decisão Clínica;35,0
HRBJA;2019,0;2,0;Unidade de Urgência - Maternidade;35,0
HRBJA;2019,0;2,0;Unidade Urgência Emergência Ginecológica-Obstetrícia;35,0
HRBJA;2019,0;2,0;Unidade Urgência/Emergência;35,0
HRBJA;2019,0;2,0;Unidade Urgência-Emergência;35,0
HRBJA;2019,0;2,0;UUE/HRB/CHB;35,0
HRBJA;2019,0;3,0;Pronto Atendimento;53,0
HRBJA;2019,0;3,0;UDC - Unidade de Decisão Clínica;53,0
HRBJA;2019,0;3,0;Unidade de Decisão Clínica;53,0
HRBJA;2019,0;3,0;Unidade de Urgência - Maternidade;53,0
HRBJA;2019,0;3,0;Unidade Urgência Emergência Ginecológica-Obstetrícia;53,0
HRBJA;2019,0;3,0;Unidade Urgência/Emergência;53,0
HRBJA;2019,0;3,0;Unidade Urgência-Emergência;53,0
HRBJA;2019,0;3,0;UUE/HRB/CHB;53,0
HRBJA;2019,0;4,0;Pronto Atendimento;41,0
HRBJA;2019,0;4,0;UDC - Unidade de Decisão Clínica;41,0
HRBJA;2019,0;4,0;Unidade de Decisão Clínica;41,0
HRBJA;2019,0;4,0;Unidade de Urgência - Maternidade;41,0
HRBJA;2019,0;4,0;Unidade Urgência Emergência Ginecológica-Obstetrícia;41,0
HRBJA;2019,0;4,0;Unidade Urgência/Emergência;41,0
HRBJA;2019,0;4,0;Unidade Urgência-Emergência;41,0
HRBJA;2019,0;4,0;UUE/HRB/CHB;41,0
HRBJA;2019,0;5,0;Pronto Atendimento;34,0
HRBJA;2019,0;5,0;UDC - Unidade de Decisão Clínica;34,0
HRBJA;2019,0;5,0;Unidade de Decisão Clínica;34,0
HRBJA;2019,0;5,0;Unidade de Urgência - Maternidade;34,0
HRBJA;2019,0;5,0;Unidade Urgência Emergência Ginecológica-Obstetrícia;34,0
HRBJA;2019,0;5,0;Unidade Urgência/Emergência;34,0
HRBJA;2019,0;5,0;Unidade Urgência-Emergência;34,0
HRBJA;2019,0;5,0;UUE/HRB/CHB;34,0
HRBJA;2019,0;6,0;Pronto Atendimento;55,0
HRBJA;2019,0;6,0;UDC - Unidade de Decisão Clínica;55,0
HRBJA;2019,0;6,0;Unidade de Decisão Clínica;55,0
HRBJA;2019,0;6,0;Unidade de Urgência - Maternidade;55,0
HRBJA;2019,0;6,0;Unidade Urgência Emergência Ginecológica-Obstetrícia;55,0
HRBJA;2019,0;6,0;Unidade Urgência/Emergência;55,0
HRBJA;2019,0;6,0;Unidade Urgência-Emergência;55,0
HRBJA;2019,0;6,0;UUE/HRB/CHB;55,0
HRBJA;2019,0;7,0;Pronto Atendimento;40,0
HRBJA;2019,0;7,0;UDC - Unidade de Decisão Clínica;40,0
HRBJA;2019,0;7,0;Unidade de Decisão Clínica;40,0
HRBJA;2019,0;7,0;Unidade de Urgência - Maternidade;40,0
HRBJA;2019,0;7,0;Unidade Urgência Emergência Ginecológica-Obstetrícia;40,0
HRBJA;2019,0;7,0;Unidade Urgência/Emergência;40,0
HRBJA;2019,0;7,0;Unidade Urgência-Emergência;40,0
HRBJA;2019,0;7,0;UUE/HRB/CHB;40,0
HRBJA;2019,0;8,0;Pronto Atendimento;39,0
HRBJA;2019,0;8,0;UDC - Unidade de Decisão Clínica;39,0
HRBJA;2019,0;8,0;Unidade de Decisão Clínica;39,0
HRBJA;2019,0;8,0;Unidade de Urgência - Maternidade;39,0
HRBJA;2019,0;8,0;Unidade Urgência Emergência Ginecológica-Obstetrícia;39,0
HRBJA;2019,0;8,0;Unidade Urgência/Emergência;39,0
HRBJA;2019,0;8,0;Unidade Urgência-Emergência;39,0
HRBJA;2019,0;8,0;UUE/HRB/CHB;39,0
HRBJA;2019,0;9,0;Pronto Atendimento;46,0
HRBJA;2019,0;9,0;UDC - Unidade de Decisão Clínica;46,0
HRBJA;2019,0;9,0;Unidade de Decisão Clínica;46,0
HRBJA;2019,0;9,0;Unidade de Urgência - Maternidade;46,0
HRBJA;2019,0;9,0;Unidade Urgência Emergência Ginecológica-Obstetrícia;46,0
HRBJA;2019,0;9,0;Unidade Urgência/Emergência;46,0
HRBJA;2019,0;9,0;Unidade Urgência-Emergência;46,0
HRBJA;2019,0;9,0;UUE/HRB/CHB;46,0
HRBJA;2019,0;10,0;Pronto Atendimento;38,0
HRBJA;2019,0;10,0;UDC - Unidade de Decisão Clínica;38,0
HRBJA;2019,0;10,0;Unidade de Decisão Clínica;38,0
HRBJA;2019,0;10,0;Unidade de Urgência - Maternidade;38,0
HRBJA;2019,0;10,0;Unidade Urgência Emergência Ginecológica-Obstetrícia;38,0
HRBJA;2019,0;10,0;Unidade Urgência/Emergência;38,0
HRBJA;2019,0;10,0;Unidade Urgência-Emergência;38,0
HRBJA;2019,0;10,0;UUE/HRB/CHB;38,0
HRBJA;2019,0;11,0;Pronto Atendimento;31,0
HRBJA;2019,0;11,0;UDC - Unidade de Decisão Clínica;31,0
HRBJA;2019,0;11,0;Unidade de Decisão Clínica;31,0
HRBJA;2019,0;11,0;Unidade de Urgência - Maternidade;31,0
HRBJA;2019,0;11,0;Unidade Urgência Emergência Ginecológica-Obstetrícia;31,0
HRBJA;2019,0;11,0;Unidade Urgência/Emergência;31,0
HRBJA;2019,0;11,0;Unidade Urgência-Emergência;31,0
HRBJA;2019,0;11,0;UUE/HRB/CHB;31,0
HRBJA;2019,0;12,0;Pronto Atendimento;45,0
HRBJA;2019,0;12,0;UDC - Unidade de Decisão Clínica;45,0
HRBJA;2019,0;12,0;Unidade de Decisão Clínica;45,0
HRBJA;2019,0;12,0;Unidade de Urgência - Maternidade;45,0
HRBJA;2019,0;12,0;Unidade Urgência Emergência Ginecológica-Obstetrícia;45,0
HRBJA;2019,0;12,0;Unidade Urgência/Emergência;45,0
HRBJA;2019,0;12,0;Unidade Urgência-Emergência;45,0
HRBJA;2019,0;12,0;UUE/HRB/CHB;45,0
HRBJA;2020,0;1,0;Pronto Atendimento;25,0
HRBJA;2020,0;1,0;UDC - Unidade de Decisão Clínica;25,0
HRBJA;2020,0;1,0;Unidade de Decisão Clínica;25,0
HRBJA;2020,0;1,0;Unidade de Urgência - Maternidade;25,0
HRBJA;2020,0;1,0;Unidade Urgência Emergência Ginecológica-Obstetrícia;25,0
HRBJA;2020,0;1,0;Unidade Urgência/Emergência;25,0
HRBJA;2020,0;1,0;Unidade Urgência-Emergência;25,0
HRBJA;2020,0;1,0;UUE/HRB/CHB;25,0
HRBJA;2020,0;2,0;Pronto Atendimento;21,0
HRBJA;2020,0;2,0;UDC - Unidade de Decisão Clínica;21,0
HRBJA;2020,0;2,0;Unidade de Decisão Clínica;21,0
HRBJA;2020,0;2,0;Unidade de Urgência - Maternidade;21,0
HRBJA;2020,0;2,0;Unidade Urgência Emergência Ginecológica-Obstetrícia;21,0
HRBJA;2020,0;2,0;Unidade Urgência/Emergência;21,0
HRBJA;2020,0;2,0;Unidade Urgência-Emergência;21,0
HRBJA;2020,0;2,0;UUE/HRB/CHB;21,0
HRBJA;2020,0;3,0;Pronto Atendimento;17,0
HRBJA;2020,0;3,0;UDC - Unidade de Decisão Clínica;17,0
HRBJA;2020,0;3,0;Unidade de Decisão Clínica;17,0
HRBJA;2020,0;3,0;Unidade de Urgência - Maternidade;17,0
HRBJA;2020,0;3,0;Unidade Urgência Emergência Ginecológica-Obstetrícia;17,0
HRBJA;2020,0;3,0;Unidade Urgência/Emergência;17,0
HRBJA;2020,0;3,0;Unidade Urgência-Emergência;17,0
HRBJA;2020,0;3,0;UUE/HRB/CHB;17,0
HRBJA;2020,0;4,0;Pronto Atendimento;7,0
HRBJA;2020,0;4,0;UDC - Unidade de Decisão Clínica;7,0
HRBJA;2020,0;4,0;Unidade de Decisão Clínica;7,0
HRBJA;2020,0;4,0;Unidade de Urgência - Maternidade;7,0
HRBJA;2020,0;4,0;Unidade Urgência Emergência Ginecológica-Obstetrícia;7,0
HRBJA;2020,0;4,0;Unidade Urgência/Emergência;7,0
HRBJA;2020,0;4,0;Unidade Urgência-Emergência;7,0
HRBJA;2020,0;4,0;UUE/HRB/CHB;7,0
HRBJA;2020,0;5,0;Pronto Atendimento;29,0
HRBJA;2020,0;5,0;UDC - Unidade de Decisão Clínica;29,0
HRBJA;2020,0;5,0;Unidade de Decisão Clínica;29,0
HRBJA;2020,0;5,0;Unidade de Urgência - Maternidade;29,0
HRBJA;2020,0;5,0;Unidade Urgência Emergência Ginecológica-Obstetrícia;29,0
HRBJA;2020,0;5,0;Unidade Urgência/Emergência;29,0
HRBJA;2020,0;5,0;Unidade Urgência-Emergência;29,0
HRBJA;2020,0;5,0;UUE/HRB/CHB;29,0
HRBJA;2020,0;6,0;Pronto Atendimento;450,0
HRBJA;2020,0;6,0;UDC - Unidade de Decisão Clínica;450,0
HRBJA;2020,0;6,0;Unidade de Decisão Clínica;450,0
HRBJA;2020,0;6,0;Unidade de Urgência - Maternidade;450,0
HRBJA;2020,0;6,0;Unidade Urgência Emergência Ginecológica-Obstetrícia;450,0
HRBJA;2020,0;6,0;Unidade Urgência/Emergência;450,0
HRBJA;2020,0;6,0;Unidade Urgência-Emergência;450,0
HRBJA;2020,0;6,0;UUE/HRB/CHB;450,0
HRBJA;2020,0;7,0;Pronto Atendimento;1534,0
HRBJA;2020,0;7,0;UDC - Unidade de Decisão Clínica;1534,0
HRBJA;2020,0;7,0;Unidade de Decisão Clínica;1534,0
HRBJA;2020,0;7,0;Unidade de Urgência - Maternidade;1534,0
HRBJA;2020,0;7,0;Unidade Urgência Emergência Ginecológica-Obstetrícia;1534,0
HRBJA;2020,0;7,0;Unidade Urgência/Emergência;1534,0
HRBJA;2020,0;7,0;Unidade Urgência-Emergência;1534,0
HRBJA;2020,0;7,0;UUE/HRB/CHB;1534,0
HRBJA;2020,0;8,0;Pronto Atendimento;1635,0
HRBJA;2020,0;8,0;UDC - Unidade de Decisão Clínica;1635,0
HRBJA;2020,0;8,0;Unidade de Decisão Clínica;1635,0
HRBJA;2020,0;8,0;Unidade de Urgência - Maternidade;1635,0
HRBJA;2020,0;8,0;Unidade Urgência Emergência Ginecológica-Obstetrícia;1635,0
HRBJA;2020,0;8,0;Unidade Urgência/Emergência;1635,0
HRBJA;2020,0;8,0;Unidade Urgência-Emergência;1635,0
HRBJA;2020,0;8,0;UUE/HRB/CHB;1635,0
HRBJA;2020,0;9,0;Pronto Atendimento;1733,0
HRBJA;2020,0;9,0;UDC - Unidade de Decisão Clínica;1733,0
HRBJA;2020,0;9,0;Unidade de Decisão Clínica;1733,0
HRBJA;2020,0;9,0;Unidade de Urgência - Maternidade;1733,0
HRBJA;2020,0;9,0;Unidade Urgência Emergência Ginecológica-Obstetrícia;1733,0
HRBJA;2020,0;9,0;Unidade Urgência/Emergência;1733,0
HRBJA;2020,0;9,0;Unidade Urgência-Emergência;1733,0
HRBJA;2020,0;9,0;UUE/HRB/CHB;1733,0
HRBJA;2020,0;10,0;Pronto Atendimento;1854,0
HRBJA;2020,0;10,0;UDC - Unidade de Decisão Clínica;1854,0
HRBJA;2020,0;10,0;Unidade de Decisão Clínica;1854,0
HRBJA;2020,0;10,0;Unidade de Urgência - Maternidade;1854,0
HRBJA;2020,0;10,0;Unidade Urgência Emergência Ginecológica-Obstetrícia;1854,0
HRBJA;2020,0;10,0;Unidade Urgência/Emergência;1854,0
HRBJA;2020,0;10,0;Unidade Urgência-Emergência;1854,0
HRBJA;2020,0;10,0;UUE/HRB/CHB;1854,0
HRBJA;2020,0;11,0;Pronto Atendimento;1817,0
HRBJA;2020,0;11,0;UDC - Unidade de Decisão Clínica;1817,0
HRBJA;2020,0;11,0;Unidade de Decisão Clínica;1817,0
HRBJA;2020,0;11,0;Unidade de Urgência - Maternidade;1817,0
HRBJA;2020,0;11,0;Unidade Urgência Emergência Ginecológica-Obstetrícia;1817,0
HRBJA;2020,0;11,0;Unidade Urgência/Emergência;1817,0
HRBJA;2020,0;11,0;Unidade Urgência-Emergência;1817,0
HRBJA;2020,0;11,0;UUE/HRB/CHB;1817,0
HRBJA;2020,0;12,0;Pronto Atendimento;1671,0
HRBJA;2020,0;12,0;UDC - Unidade de Decisão Clínica;1671,0
HRBJA;2020,0;12,0;Unidade de Decisão Clínica;1671,0
HRBJA;2020,0;12,0;Unidade de Urgência - Maternidade;1671,0
HRBJA;2020,0;12,0;Unidade Urgência Emergência Ginecológica-Obstetrícia;1671,0
HRBJA;2020,0;12,0;Unidade Urgência/Emergência;1671,0
HRBJA;2020,0;12,0;Unidade Urgência-Emergência;1671,0
HRBJA;2020,0;12,0;UUE/HRB/CHB;1671,0
HRBJA;2021,0;1,0;Pronto Atendimento;1867,0
HRBJA;2021,0;1,0;UDC - Unidade de Decisão Clínica;1867,0
HRBJA;2021,0;1,0;Unidade de Decisão Clínica;1867,0
HRBJA;2021,0;1,0;Unidade de Urgência - Maternidade;1867,0
HRBJA;2021,0;1,0;Unidade Urgência Emergência Ginecológica-Obstetrícia;1867,0
HRBJA;2021,0;1,0;Unidade Urgência/Emergência;1867,0
HRBJA;2021,0;1,0;Unidade Urgência-Emergência;1867,0
HRBJA;2021,0;1,0;UUE/HRB/CHB;1867,0
HRBJA;2021,0;2,0;Pronto Atendimento;1792,0
HRBJA;2021,0;2,0;UDC - Unidade de Decisão Clínica;1792,0
HRBJA;2021,0;2,0;Unidade de Decisão Clínica;1792,0
HRBJA;2021,0;2,0;Unidade de Urgência - Maternidade;1792,0
HRBJA;2021,0;2,0;Unidade Urgência Emergência Ginecológica-Obstetrícia;1792,0
HRBJA;2021,0;2,0;Unidade Urgência/Emergência;1792,0
HRBJA;2021,0;2,0;Unidade Urgência-Emergência;1792,0
HRBJA;2021,0;2,0;UUE/HRB/CHB;1792,0
HRBJA;2021,0;3,0;Pronto Atendimento;1848,0
HRBJA;2021,0;3,0;UDC - Unidade de Decisão Clínica;1848,0
HRBJA;2021,0;3,0;Unidade de Decisão Clínica;1848,0
HRBJA;2021,0;3,0;Unidade de Urgência - Maternidade;1848,0
HRBJA;2021,0;3,0;Unidade Urgência Emergência Ginecológica-Obstetrícia;1848,0
HRBJA;2021,0;3,0;Unidade Urgência/Emergência;1848,0
HRBJA;2021,0;3,0;Unidade Urgência-Emergência;1848,0
HRBJA;2021,0;3,0;UUE/HRB/CHB;1848,0
HRBJA;2021,0;4,0;Pronto Atendimento;1632,0
HRBJA;2021,0;4,0;UDC - Unidade de Decisão Clínica;1632,0
HRBJA;2021,0;4,0;Unidade de Decisão Clínica;1632,0
HRBJA;2021,0;4,0;Unidade de Urgência - Maternidade;1632,0
HRBJA;2021,0;4,0;Unidade Urgência Emergência Ginecológica-Obstetrícia;1632,0
HRBJA;2021,0;4,0;Unidade Urgência/Emergência;1632,0
HRBJA;2021,0;4,0;Unidade Urgência-Emergência;1632,0
HRBJA;2021,0;4,0;UUE/HRB/CHB;1632,0
HRBJA;2021,0;5,0;Pronto Atendimento;1738,0
HRBJA;2021,0;5,0;UDC - Unidade de Decisão Clínica;1738,0
HRBJA;2021,0;5,0;Unidade de Decisão Clínica;1738,0
HRBJA;2021,0;5,0;Unidade de Urgência - Maternidade;1738,0
HRBJA;2021,0;5,0;Unidade Urgência Emergência Ginecológica-Obstetrícia;1738,0
HRBJA;2021,0;5,0;Unidade Urgência/Emergência;1738,0
HRBJA;2021,0;5,0;Unidade Urgência-Emergência;1738,0
HRBJA;2021,0;5,0;UUE/HRB/CHB;1738,0
HRBJA;2021,0;6,0;Pronto Atendimento;1705,0
HRBJA;2021,0;6,0;UDC - Unidade de Decisão Clínica;1705,0
HRBJA;2021,0;6,0;Unidade de Decisão Clínica;1705,0
HRBJA;2021,0;6,0;Unidade de Urgência - Maternidade;1705,0
HRBJA;2021,0;6,0;Unidade Urgência Emergência Ginecológica-Obstetrícia;1705,0
HRBJA;2021,0;6,0;Unidade Urgência/Emergência;1705,0
HRBJA;2021,0;6,0;Unidade Urgência-Emergência;1705,0
HRBJA;2021,0;6,0;UUE/HRB/CHB;1705,0
HRBJA;2021,0;7,0;Pronto Atendimento;1938,0
HRBJA;2021,0;7,0;UDC - Unidade de Decisão Clínica;1938,0
HRBJA;2021,0;7,0;Unidade de Decisão Clínica;1938,0
HRBJA;2021,0;7,0;Unidade de Urgência - Maternidade;1938,0
HRBJA;2021,0;7,0;Unidade Urgência Emergência Ginecológica-Obstetrícia;1938,0
HRBJA;2021,0;7,0;Unidade Urgência/Emergência;1938,0
HRBJA;2021,0;7,0;Unidade Urgência-Emergência;1938,0
HRBJA;2021,0;7,0;UUE/HRB/CHB;1938,0
HRBJA;2021,0;8,0;Pronto Atendimento;2035,0
HRBJA;2021,0;8,0;UDC - Unidade de Decisão Clínica;2035,0
HRBJA;2021,0;8,0;Unidade de Decisão Clínica;2035,0
HRBJA;2021,0;8,0;Unidade de Urgência - Maternidade;2035,0
HRBJA;2021,0;8,0;Unidade Urgência Emergência Ginecológica-Obstetrícia;2035,0
HRBJA;2021,0;8,0;Unidade Urgência/Emergência;2035,0
HRBJA;2021,0;8,0;Unidade Urgência-Emergência;2035,0
HRBJA;2021,0;8,0;UUE/HRB/CHB;2035,0
HRBJA;2021,0;9,0;Pronto Atendimento;2199,0
HRBJA;2021,0;9,0;UDC - Unidade de Decisão Clínica;2199,0
HRBJA;2021,0;9,0;Unidade de Decisão Clínica;2199,0
HRBJA;2021,0;9,0;Unidade de Urgência - Maternidade;2199,0
HRBJA;2021,0;9,0;Unidade Urgência Emergência Ginecológica-Obstetrícia;2199,0
HRBJA;2021,0;9,0;Unidade Urgência/Emergência;2199,0
HRBJA;2021,0;9,0;Unidade Urgência-Emergência;2199,0
HRBJA;2021,0;9,0;UUE/HRB/CHB;2199,0
HRBJA;2021,0;10,0;Pronto Atendimento;2316,0
HRBJA;2021,0;10,0;UDC - Unidade de Decisão Clínica;2316,0
HRBJA;2021,0;10,0;Unidade de Decisão Clínica;2316,0
HRBJA;2021,0;10,0;Unidade de Urgência - Maternidade;2316,0
HRBJA;2021,0;10,0;Unidade Urgência Emergência Ginecológica-Obstetrícia;2316,0
HRBJA;2021,0;10,0;Unidade Urgência/Emergência;2316,0
HRBJA;2021,0;10,0;Unidade Urgência-Emergência;2316,0
HRBJA;2021,0;10,0;UUE/HRB/CHB;2316,0
HRBJA;2021,0;11,0;Pronto Atendimento;2263,0
HRBJA;2021,0;11,0;UDC - Unidade de Decisão Clínica;2263,0
HRBJA;2021,0;11,0;Unidade de Decisão Clínica;2263,0
HRBJA;2021,0;11,0;Unidade de Urgência - Maternidade;2263,0
HRBJA;2021,0;11,0;Unidade Urgência Emergência Ginecológica-Obstetrícia;2263,0
HRBJA;2021,0;11,0;Unidade Urgência/Emergência;2263,0
HRBJA;2021,0;11,0;Unidade Urgência-Emergência;2263,0
HRBJA;2021,0;11,0;UUE/HRB/CHB;2263,0
HRBJA;2021,0;12,0;Pronto Atendimento;2485,0
HRBJA;2021,0;12,0;UDC - Unidade de Decisão Clínica;2485,0
HRBJA;2021,0;12,0;Unidade de Decisão Clínica;2485,0
HRBJA;2021,0;12,0;Unidade de Urgência - Maternidade;2485,0
HRBJA;2021,0;12,0;Unidade Urgência Emergência Ginecológica-Obstetrícia;2485,0
HRBJA;2021,0;12,0;Unidade Urgência/Emergência;2485,0
HRBJA;2021,0;12,0;Unidade Urgência-Emergência;2485,0
HRBJA;2021,0;12,0;UUE/HRB/CHB;2485,0
HRBJA;2022,0;1,0;Pronto Atendimento;2515,0
HRBJA;2022,0;1,0;UDC - Unidade de Decisão Clínica;2515,0
HRBJA;2022,0;1,0;Unidade de Decisão Clínica;2515,0
HRBJA;2022,0;1,0;Unidade de Urgência - Maternidade;2515,0
HRBJA;2022,0;1,0;Unidade Urgência Emergência Ginecológica-Obstetrícia;2515,0
HRBJA;2022,0;1,0;Unidade Urgência/Emergência;2515,0
HRBJA;2022,0;1,0;Unidade Urgência-Emergência;2515,0
HRBJA;2022,0;1,0;UUE/HRB/CHB;2515,0
HRBJA;2022,0;2,0;Pronto Atendimento;1811,0
HRBJA;2022,0;2,0;UDC - Unidade de Decisão Clínica;1811,0
HRBJA;2022,0;2,0;Unidade de Decisão Clínica;1811,0
HRBJA;2022,0;2,0;Unidade de Urgência - Maternidade;1811,0
HRBJA;2022,0;2,0;Unidade Urgência Emergência Ginecológica-Obstetrícia;1811,0
HRBJA;2022,0;2,0;Unidade Urgência/Emergência;1811,0
HRBJA;2022,0;2,0;Unidade Urgência-Emergência;1811,0
HRBJA;2022,0;2,0;UUE/HRB/CHB;1811,0
HRBJA;2022,0;3,0;Pronto Atendimento;2319,0
HRBJA;2022,0;3,0;UDC - Unidade de Decisão Clínica;2319,0
HRBJA;2022,0;3,0;Unidade de Decisão Clínica;2319,0
HRBJA;2022,0;3,0;Unidade de Urgência - Maternidade;2319,0
HRBJA;2022,0;3,0;Unidade Urgência Emergência Ginecológica-Obstetrícia;2319,0
HRBJA;2022,0;3,0;Unidade Urgência/Emergência;2319,0
HRBJA;2022,0;3,0;Unidade Urgência-Emergência;2319,0
HRBJA;2022,0;3,0;UUE/HRB/CHB;2319,0
HRBJA;2022,0;4,0;Pronto Atendimento;2379,0
HRBJA;2022,0;4,0;UDC - Unidade de Decisão Clínica;2379,0
HRBJA;2022,0;4,0;Unidade de Decisão Clínica;2379,0
HRBJA;2022,0;4,0;Unidade de Urgência - Maternidade;2379,0
HRBJA;2022,0;4,0;Unidade Urgência Emergência Ginecológica-Obstetrícia;2379,0
HRBJA;2022,0;4,0;Unidade Urgência/Emergência;2379,0
HRBJA;2022,0;4,0;Unidade Urgência-Emergência;2379,0
HRBJA;2022,0;4,0;UUE/HRB/CHB;2379,0
HRBJA;2022,0;5,0;Pronto Atendimento;2502,0
HRBJA;2022,0;5,0;UDC - Unidade de Decisão Clínica;2502,0
HRBJA;2022,0;5,0;Unidade de Decisão Clínica;2502,0
HRBJA;2022,0;5,0;Unidade de Urgência - Maternidade;2502,0
HRBJA;2022,0;5,0;Unidade Urgência Emergência Ginecológica-Obstetrícia;2502,0
HRBJA;2022,0;5,0;Unidade Urgência/Emergência;2502,0
HRBJA;2022,0;5,0;Unidade Urgência-Emergência;2502,0
HRBJA;2022,0;5,0;UUE/HRB/CHB;2502,0
HRBJA;2022,0;6,0;Pronto Atendimento;2357,0
HRBJA;2022,0;6,0;UDC - Unidade de Decisão Clínica;2357,0
HRBJA;2022,0;6,0;Unidade de Decisão Clínica;2357,0
HRBJA;2022,0;6,0;Unidade de Urgência - Maternidade;2357,0
HRBJA;2022,0;6,0;Unidade Urgência Emergência Ginecológica-Obstetrícia;2357,0
HRBJA;2022,0;6,0;Unidade Urgência/Emergência;2357,0
HRBJA;2022,0;6,0;Unidade Urgência-Emergência;2357,0
HRBJA;2022,0;6,0;UUE/HRB/CHB;2357,0
HRBJA;2022,0;7,0;Pronto Atendimento;2410,0
HRBJA;2022,0;7,0;UDC - Unidade de Decisão Clínica;2410,0
HRBJA;2022,0;7,0;Unidade de Decisão Clínica;2410,0
HRBJA;2022,0;7,0;Unidade de Urgência - Maternidade;2410,0
HRBJA;2022,0;7,0;Unidade Urgência Emergência Ginecológica-Obstetrícia;2410,0
HRBJA;2022,0;7,0;Unidade Urgência/Emergência;2410,0
HRBJA;2022,0;7,0;Unidade Urgência-Emergência;2410,0
HRBJA;2022,0;7,0;UUE/HRB/CHB;2410,0
HRBJA;2022,0;8,0;Pronto Atendimento;2354,0
HRBJA;2022,0;8,0;UDC - Unidade de Decisão Clínica;2354,0
HRBJA;2022,0;8,0;Unidade de Decisão Clínica;2354,0
HRBJA;2022,0;8,0;Unidade de Urgência - Maternidade;2354,0
HRBJA;2022,0;8,0;Unidade Urgência Emergência Ginecológica-Obstetrícia;2354,0
HRBJA;2022,0;8,0;Unidade Urgência/Emergência;2354,0
HRBJA;2022,0;8,0;Unidade Urgência-Emergência;2354,0
HRBJA;2022,0;8,0;UUE/HRB/CHB;2354,0
HRBJA;2022,0;9,0;Pronto Atendimento;2430,0
HRBJA;2022,0;9,0;UDC - Unidade de Decisão Clínica;2430,0
HRBJA;2022,0;9,0;Unidade de Decisão Clínica;2430,0
HRBJA;2022,0;9,0;Unidade de Urgência - Maternidade;2430,0
HRBJA;2022,0;9,0;Unidade Urgência Emergência Ginecológica-Obstetrícia;2430,0
HRBJA;2022,0;9,0;Unidade Urgência/Emergência;2430,0
HRBJA;2022,0;9,0;Unidade Urgência-Emergência;2430,0
HRBJA;2022,0;9,0;UUE/HRB/CHB;2430,0
HRBJA;2022,0;10,0;Pronto Atendimento;2816,0
HRBJA;2022,0;10,0;UDC - Unidade de Decisão Clínica;2816,0
HRBJA;2022,0;10,0;Unidade de Decisão Clínica;2816,0
HRBJA;2022,0;10,0;Unidade de Urgência - Maternidade;2816,0
HRBJA;2022,0;10,0;Unidade Urgência Emergência Ginecológica-Obstetrícia;2816,0
HRBJA;2022,0;10,0;Unidade Urgência/Emergência;2816,0
HRBJA;2022,0;10,0;Unidade Urgência-Emergência;2816,0
HRBJA;2022,0;10,0;UUE/HRB/CHB;2816,0
HRBJA;2022,0;11,0;Pronto Atendimento;2563,0
HRBJA;2022,0;11,0;UDC - Unidade de Decisão Clínica;2563,0
HRBJA;2022,0;11,0;Unidade de Decisão Clínica;2563,0
HRBJA;2022,0;11,0;Unidade de Urgência - Maternidade;2563,0
HRBJA;2022,0;11,0;Unidade Urgência Emergência Ginecológica-Obstetrícia;2563,0
HRBJA;2022,0;11,0;Unidade Urgência/Emergência;2563,0
HRBJA;2022,0;11,0;Unidade Urgência-Emergência;2563,0
HRBJA;2022,0;11,0;UUE/HRB/CHB;2563,0
HRBJA;2022,0;12,0;Pronto Atendimento;2602,0
HRBJA;2022,0;12,0;UDC - Unidade de Decisão Clínica;2602,0
HRBJA;2022,0;12,0;Unidade de Decisão Clínica;2602,0
HRBJA;2022,0;12,0;Unidade de Urgência - Maternidade;2602,0
HRBJA;2022,0;12,0;Unidade Urgência Emergência Ginecológica-Obstetrícia;2602,0
HRBJA;2022,0;12,0;Unidade Urgência/Emergência;2602,0
HRBJA;2022,0;12,0;Unidade Urgência-Emergência;2602,0
HRBJA;2022,0;12,0;UUE/HRB/CHB;2602,0
HRBJA;2023,0;1,0;Pronto Atendimento;2506,0
HRBJA;2023,0;1,0;UDC - Unidade de Decisão Clínica;2506,0
HRBJA;2023,0;1,0;Unidade de Decisão Clínica;2506,0
HRBJA;2023,0;1,0;Unidade de Urgência - Maternidade;2506,0
HRBJA;2023,0;1,0;Unidade Urgência Emergência Ginecológica-Obstetrícia;2506,0
HRBJA;2023,0;1,0;Unidade Urgência/Emergência;2506,0
HRBJA;2023,0;1,0;Unidade Urgência-Emergência;2506,0
HRBJA;2023,0;1,0;UUE/HRB/CHB;2506,0
HRBJA;2023,0;2,0;Pronto Atendimento;2471,0
HRBJA;2023,0;2,0;UDC - Unidade de Decisão Clínica;2471,0
HRBJA;2023,0;2,0;Unidade de Decisão Clínica;2471,0
HRBJA;2023,0;2,0;Unidade de Urgência - Maternidade;2471,0
HRBJA;2023,0;2,0;Unidade Urgência Emergência Ginecológica-Obstetrícia;2471,0
HRBJA;2023,0;2,0;Unidade Urgência/Emergência;2471,0
HRBJA;2023,0;2,0;Unidade Urgência-Emergência;2471,0
HRBJA;2023,0;2,0;UUE/HRB/CHB;2471,0
HRBJA;2023,0;3,0;Pronto Atendimento;2843,0
HRBJA;2023,0;3,0;UDC - Unidade de Decisão Clínica;2843,0
HRBJA;2023,0;3,0;Unidade de Decisão Clínica;2843,0
HRBJA;2023,0;3,0;Unidade de Urgência - Maternidade;2843,0
HRBJA;2023,0;3,0;Unidade Urgência Emergência Ginecológica-Obstetrícia;2843,0
HRBJA;2023,0;3,0;Unidade Urgência/Emergência;2843,0
HRBJA;2023,0;3,0;Unidade Urgência-Emergência;2843,0
HRBJA;2023,0;3,0;UUE/HRB/CHB;2843,0
HRBJA;2023,0;4,0;Pronto Atendimento;2676,0
HRBJA;2023,0;4,0;UDC - Unidade de Decisão Clínica;2676,0
HRBJA;2023,0;4,0;Unidade de Decisão Clínica;2676,0
HRBJA;2023,0;4,0;Unidade de Urgência - Maternidade;2676,0
HRBJA;2023,0;4,0;Unidade Urgência Emergência Ginecológica-Obstetrícia;2676,0
HRBJA;2023,0;4,0;Unidade Urgência/Emergência;2676,0
HRBJA;2023,0;4,0;Unidade Urgência-Emergência;2676,0
HRBJA;2023,0;4,0;UUE/HRB/CHB;2676,0
HRBJA;2023,0;5,0;Pronto Atendimento;2895,0
HRBJA;2023,0;5,0;UDC - Unidade de Decisão Clínica;2895,0
HRBJA;2023,0;5,0;Unidade de Decisão Clínica;2895,0
HRBJA;2023,0;5,0;Unidade de Urgência - Maternidade;2895,0
HRBJA;2023,0;5,0;Unidade Urgência Emergência Ginecológica-Obstetrícia;2895,0
HRBJA;2023,0;5,0;Unidade Urgência/Emergência;2895,0
HRBJA;2023,0;5,0;Unidade Urgência-Emergência;2895,0
HRBJA;2023,0;5,0;UUE/HRB/CHB;2895,0
HRBJA;2023,0;6,0;Pronto Atendimento;2605,0
HRBJA;2023,0;6,0;UDC - Unidade de Decisão Clínica;2605,0
HRBJA;2023,0;6,0;Unidade de Decisão Clínica;2605,0
HRBJA;2023,0;6,0;Unidade de Urgência - Maternidade;2605,0
HRBJA;2023,0;6,0;Unidade Urgência Emergência Ginecológica-Obstetrícia;2605,0
HRBJA;2023,0;6,0;Unidade Urgência/Emergência;2605,0
HRBJA;2023,0;6,0;Unidade Urgência-Emergência;2605,0
HRBJA;2023,0;6,0;UUE/HRB/CHB;2605,0
HRBJA;2023,0;7,0;Pronto Atendimento;2631,0
HRBJA;2023,0;7,0;UDC - Unidade de Decisão Clínica;2631,0
HRBJA;2023,0;7,0;Unidade de Decisão Clínica;2631,0
HRBJA;2023,0;7,0;Unidade de Urgência - Maternidade;2631,0
HRBJA;2023,0;7,0;Unidade Urgência Emergência Ginecológica-Obstetrícia;2631,0
HRBJA;2023,0;7,0;Unidade Urgência/Emergência;2631,0
HRBJA;2023,0;7,0;Unidade Urgência-Emergência;2631,0
HRBJA;2023,0;7,0;UUE/HRB/CHB;2631,0
HRBJA;2023,0;8,0;Pronto Atendimento;2707,0
HRBJA;2023,0;8,0;UDC - Unidade de Decisão Clínica;2707,0
HRBJA;2023,0;8,0;Unidade de Decisão Clínica;2707,0
HRBJA;2023,0;8,0;Unidade de Urgência - Maternidade;2707,0
HRBJA;2023,0;8,0;Unidade Urgência Emergência Ginecológica-Obstetrícia;2707,0
HRBJA;2023,0;8,0;Unidade Urgência/Emergência;2707,0
HRBJA;2023,0;8,0;Unidade Urgência-Emergência;2707,0
HRBJA;2023,0;8,0;UUE/HRB/CHB;2707,0
HRBJA;2023,0;9,0;Pronto Atendimento;2684,0
HRBJA;2023,0;9,0;UDC - Unidade de Decisão Clínica;2684,0
HRBJA;2023,0;9,0;Unidade de Decisão Clínica;2684,0
HRBJA;2023,0;9,0;Unidade de Urgência - Maternidade;2684,0
HRBJA;2023,0;9,0;Unidade Urgência Emergência Ginecológica-Obstetrícia;2684,0
HRBJA;2023,0;9,0;Unidade Urgência/Emergência;2684,0
HRBJA;2023,0;9,0;Unidade Urgência-Emergência;2684,0
HRBJA;2023,0;9,0;UUE/HRB/CHB;2684,0
HRBJA;2023,0;10,0;Pronto Atendimento;2948,0
HRBJA;2023,0;10,0;UDC - Unidade de Decisão Clínica;2948,0
HRBJA;2023,0;10,0;Unidade de Decisão Clínica;2948,0
HRBJA;2023,0;10,0;Unidade de Urgência - Maternidade;2948,0
HRBJA;2023,0;10,0;Unidade Urgência Emergência Ginecológica-Obstetrícia;2948,0
HRBJA;2023,0;10,0;Unidade Urgência/Emergência;2948,0
HRBJA;2023,0;10,0;Unidade Urgência-Emergência;2948,0
HRBJA;2023,0;10,0;UUE/HRB/CHB;2948,0
HRBJA;2023,0;11,0;Pronto Atendimento;2931,0
HRBJA;2023,0;11,0;UDC - Unidade de Decisão Clínica;2931,0
HRBJA;2023,0;11,0;Unidade de Decisão Clínica;2931,0
HRBJA;2023,0;11,0;Unidade de Urgência - Maternidade;2931,0
HRBJA;2023,0;11,0;Unidade Urgência Emergência Ginecológica-Obstetrícia;2931,0
HRBJA;2023,0;11,0;Unidade Urgência/Emergência;2931,0
HRBJA;2023,0;11,0;Unidade Urgência-Emergência;2931,0
HRBJA;2023,0;11,0;UUE/HRB/CHB;2931,0
HRBJA;2023,0;12,0;Pronto Atendimento;3112,0
HRBJA;2023,0;12,0;UDC - Unidade de Decisão Clínica;3112,0
HRBJA;2023,0;12,0;Unidade de Decisão Clínica;3112,0
HRBJA;2023,0;12,0;Unidade de Urgência - Maternidade;3112,0
HRBJA;2023,0;12,0;Unidade Urgência Emergência Ginecológica-Obstetrícia;3112,0
HRBJA;2023,0;12,0;Unidade Urgência/Emergência;3112,0
HRBJA;2023,0;12,0;Unidade Urgência-Emergência;3112,0
HRBJA;2023,0;12,0;UUE/HRB/CHB;3112,0
HRBJA;2024,0;1,0;Pronto Atendimento;3462,0
HRBJA;2024,0;1,0;UDC - Unidade de Decisão Clínica;3462,0
HRBJA;2024,0;1,0;Unidade de Decisão Clínica;3462,0
HRBJA;2024,0;1,0;Unidade de Urgência - Maternidade;3462,0
HRBJA;2024,0;1,0;Unidade Urgência Emergência Ginecológica-Obstetrícia;3462,0
HRBJA;2024,0;1,0;Unidade Urgência/Emergência;3462,0
HRBJA;2024,0;1,0;Unidade Urgência-Emergência;3462,0
HRBJA;2024,0;1,0;UUE/HRB/CHB;3462,0
HRBJA;2024,0;2,0;Pronto Atendimento;2986,0
HRBJA;2024,0;2,0;UDC - Unidade de Decisão Clínica;2986,0
HRBJA;2024,0;2,0;Unidade de Decisão Clínica;2986,0
HRBJA;2024,0;2,0;Unidade de Urgência - Maternidade;2986,0
HRBJA;2024,0;2,0;Unidade Urgência Emergência Ginecológica-Obstetrícia;2986,0
HRBJA;2024,0;2,0;Unidade Urgência/Emergência;2986,0
HRBJA;2024,0;2,0;Unidade Urgência-Emergência;2986,0
HRBJA;2024,0;2,0;UUE/HRB/CHB;2986,0
HRBJA;2024,0;3,0;Pronto Atendimento;3043,0
HRBJA;2024,0;3,0;UDC - Unidade de Decisão Clínica;3043,0
HRBJA;2024,0;3,0;Unidade de Decisão Clínica;3043,0
HRBJA;2024,0;3,0;Unidade de Urgência - Maternidade;3043,0
HRBJA;2024,0;3,0;Unidade Urgência Emergência Ginecológica-Obstetrícia;3043,0
HRBJA;2024,0;3,0;Unidade Urgência/Emergência;3043,0
HRBJA;2024,0;3,0;Unidade Urgência-Emergência;3043,0
HRBJA;2024,0;3,0;UUE/HRB/CHB;3043,0
HRBJA;2024,0;4,0;Pronto Atendimento;2948,0
HRBJA;2024,0;4,0;UDC - Unidade de Decisão Clínica;2948,0
HRBJA;2024,0;4,0;Unidade de Decisão Clínica;2948,0
HRBJA;2024,0;4,0;Unidade de Urgência - Maternidade;2948,0
HRBJA;2024,0;4,0;Unidade Urgência Emergência Ginecológica-Obstetrícia;2948,0
HRBJA;2024,0;4,0;Unidade Urgência/Emergência;2948,0
HRBJA;2024,0;4,0;Unidade Urgência-Emergência;2948,0
HRBJA;2024,0;4,0;UUE/HRB/CHB;2948,0
HRBJA;2024,0;5,0;Pronto Atendimento;2840,0
HRBJA;2024,0;5,0;UDC - Unidade de Decisão Clínica;2840,0
HRBJA;2024,0;5,0;Unidade de Decisão Clínica;2840,0
HRBJA;2024,0;5,0;Unidade de Urgência - Maternidade;2840,0
HRBJA;2024,0;5,0;Unidade Urgência Emergência Ginecológica-Obstetrícia;2840,0
HRBJA;2024,0;5,0;Unidade Urgência/Emergência;2840,0
HRBJA;2024,0;5,0;Unidade Urgência-Emergência;2840,0
HRBJA;2024,0;5,0;UUE/HRB/CHB;2840,0
HRBJA;2024,0;6,0;Pronto Atendimento;1993,0
HRBJA;2024,0;6,0;UDC - Unidade de Decisão Clínica;1993,0
HRBJA;2024,0;6,0;Unidade de Decisão Clínica;1993,0
HRBJA;2024,0;6,0;Unidade de Urgência - Maternidade;1993,0
HRBJA;2024,0;6,0;Unidade Urgência Emergência Ginecológica-Obstetrícia;1993,0
HRBJA;2024,0;6,0;Unidade Urgência/Emergência;1993,0
HRBJA;2024,0;6,0;Unidade Urgência-Emergência;1993,0
HRBJA;2024,0;6,0;UUE/HRB/CHB;2436,0
HRBJA;2024,0;7,0;UUE/HRB/CHB;2490,0
HRBJA;2024,0;8,0;UUE/HRB/CHB;2376,0
HRBJA;2024,0;9,0;UUE/HRB/CHB;2509,0
HRBJA;2024,0;10,0;UUE/HRB/CHB;2562,0
HRBJA;2024,0;11,0;UUE/HRB/CHB;2477,0
HRBJA;2024,0;12,0;UUE/HRB/CHB;2600,0
HRBJA;2025,0;1,0;UUE/HRB/CHB;2553,0
HRBJA;2025,0;2,0;UUE/HRB/CHB;2372,0
HRBJA;2025,0;3,0;UUE/HRB/CHB;2754,0
HRBJA;2025,0;4,0;UUE/HRB/CHB;2677,0
HRBJA;2025,0;5,0;UUE/HRB/CHB;3071,0
HRBJA;2025,0;6,0;UUE/HRB/CHB;3019,0
HRBJA;2025,0;7,0;UUE/HRB/CHB;3081,0
HRBJA;2025,0;8,0;UUE/HRB/CHB;3114,0
HRBJA;2025,0;9,0;UUE/HRB/CHB;3149,0
HRBJA;2025,0;10,0;UUE/HRB/CHB;3133,0
HRBJA;2025,0;11,0;UUE/HRB/CHB;2968,0
HRBJA;2025,0;12,0;UUE/HRB/CHB;3151,0
HRBJA;2026,0;1,0;UUE/HRB/CHB;3230,0
HRBJA;2026,0;2,0;UUE/HRB/CHB;3087,0
HRJP;2019,0;1,0;Pronto Atendimento;652,0
HRJP;2019,0;1,0;UDC - Unidade de Decisão Clínica;652,0
HRJP;2019,0;1,0;Unidade de Decisão Clínica;652,0
HRJP;2019,0;1,0;Unidade de Urgência - Maternidade;652,0
HRJP;2019,0;1,0;Unidade Urgência Emergência Ginecológica-Obstetrícia;652,0
HRJP;2019,0;1,0;Unidade Urgência/Emergência;652,0
HRJP;2019,0;1,0;Unidade Urgência-Emergência;652,0
HRJP;2019,0;1,0;UUE/HRB/CHB;652,0
HRJP;2019,0;2,0;Pronto Atendimento;733,0
HRJP;2019,0;2,0;UDC - Unidade de Decisão Clínica;733,0
HRJP;2019,0;2,0;Unidade de Decisão Clínica;733,0
HRJP;2019,0;2,0;Unidade de Urgência - Maternidade;733,0
HRJP;2019,0;2,0;Unidade Urgência Emergência Ginecológica-Obstetrícia;733,0
HRJP;2019,0;2,0;Unidade Urgência/Emergência;733,0
HRJP;2019,0;2,0;Unidade Urgência-Emergência;733,0
HRJP;2019,0;2,0;UUE/HRB/CHB;733,0
HRJP;2019,0;3,0;Pronto Atendimento;684,0
HRJP;2019,0;3,0;UDC - Unidade de Decisão Clínica;684,0
HRJP;2019,0;3,0;Unidade de Decisão Clínica;684,0
HRJP;2019,0;3,0;Unidade de Urgência - Maternidade;684,0
HRJP;2019,0;3,0;Unidade Urgência Emergência Ginecológica-Obstetrícia;684,0
HRJP;2019,0;3,0;Unidade Urgência/Emergência;684,0
HRJP;2019,0;3,0;Unidade Urgência-Emergência;684,0
HRJP;2019,0;3,0;UUE/HRB/CHB;684,0
HRJP;2019,0;4,0;Pronto Atendimento;734,0
HRJP;2019,0;4,0;UDC - Unidade de Decisão Clínica;734,0
HRJP;2019,0;4,0;Unidade de Decisão Clínica;734,0
HRJP;2019,0;4,0;Unidade de Urgência - Maternidade;734,0
HRJP;2019,0;4,0;Unidade Urgência Emergência Ginecológica-Obstetrícia;734,0
HRJP;2019,0;4,0;Unidade Urgência/Emergência;734,0
HRJP;2019,0;4,0;Unidade Urgência-Emergência;734,0
HRJP;2019,0;4,0;UUE/HRB/CHB;734,0
HRJP;2019,0;5,0;Pronto Atendimento;769,0
HRJP;2019,0;5,0;UDC - Unidade de Decisão Clínica;769,0
HRJP;2019,0;5,0;Unidade de Decisão Clínica;769,0
HRJP;2019,0;5,0;Unidade de Urgência - Maternidade;769,0
HRJP;2019,0;5,0;Unidade Urgência Emergência Ginecológica-Obstetrícia;769,0
HRJP;2019,0;5,0;Unidade Urgência/Emergência;769,0
HRJP;2019,0;5,0;Unidade Urgência-Emergência;769,0
HRJP;2019,0;5,0;UUE/HRB/CHB;769,0
HRJP;2019,0;6,0;Pronto Atendimento;694,0
HRJP;2019,0;6,0;UDC - Unidade de Decisão Clínica;694,0
HRJP;2019,0;6,0;Unidade de Decisão Clínica;694,0
HRJP;2019,0;6,0;Unidade de Urgência - Maternidade;694,0
HRJP;2019,0;6,0;Unidade Urgência Emergência Ginecológica-Obstetrícia;694,0
HRJP;2019,0;6,0;Unidade Urgência/Emergência;694,0
HRJP;2019,0;6,0;Unidade Urgência-Emergência;694,0
HRJP;2019,0;6,0;UUE/HRB/CHB;694,0
HRJP;2019,0;7,0;Pronto Atendimento;668,0
HRJP;2019,0;7,0;UDC - Unidade de Decisão Clínica;668,0
HRJP;2019,0;7,0;Unidade de Decisão Clínica;668,0
HRJP;2019,0;7,0;Unidade de Urgência - Maternidade;668,0
HRJP;2019,0;7,0;Unidade Urgência Emergência Ginecológica-Obstetrícia;668,0
HRJP;2019,0;7,0;Unidade Urgência/Emergência;668,0
HRJP;2019,0;7,0;Unidade Urgência-Emergência;668,0
HRJP;2019,0;7,0;UUE/HRB/CHB;668,0
HRJP;2019,0;8,0;Pronto Atendimento;792,0
HRJP;2019,0;8,0;UDC - Unidade de Decisão Clínica;792,0
HRJP;2019,0;8,0;Unidade de Decisão Clínica;792,0
HRJP;2019,0;8,0;Unidade de Urgência - Maternidade;792,0
HRJP;2019,0;8,0;Unidade Urgência Emergência Ginecológica-Obstetrícia;792,0
HRJP;2019,0;8,0;Unidade Urgência/Emergência;792,0
HRJP;2019,0;8,0;Unidade Urgência-Emergência;792,0
HRJP;2019,0;8,0;UUE/HRB/CHB;792,0
HRJP;2019,0;9,0;Pronto Atendimento;750,0
HRJP;2019,0;9,0;UDC - Unidade de Decisão Clínica;750,0
HRJP;2019,0;9,0;Unidade de Decisão Clínica;750,0
HRJP;2019,0;9,0;Unidade de Urgência - Maternidade;750,0
HRJP;2019,0;9,0;Unidade Urgência Emergência Ginecológica-Obstetrícia;750,0
HRJP;2019,0;9,0;Unidade Urgência/Emergência;750,0
HRJP;2019,0;9,0;Unidade Urgência-Emergência;750,0
HRJP;2019,0;9,0;UUE/HRB/CHB;750,0
HRJP;2019,0;10,0;Pronto Atendimento;840,0
HRJP;2019,0;10,0;UDC - Unidade de Decisão Clínica;840,0
HRJP;2019,0;10,0;Unidade de Decisão Clínica;840,0
HRJP;2019,0;10,0;Unidade de Urgência - Maternidade;840,0
HRJP;2019,0;10,0;Unidade Urgência Emergência Ginecológica-Obstetrícia;840,0
HRJP;2019,0;10,0;Unidade Urgência/Emergência;840,0
HRJP;2019,0;10,0;Unidade Urgência-Emergência;840,0
HRJP;2019,0;10,0;UUE/HRB/CHB;840,0
HRJP;2019,0;11,0;Pronto Atendimento;608,0
HRJP;2019,0;11,0;UDC - Unidade de Decisão Clínica;608,0
HRJP;2019,0;11,0;Unidade de Decisão Clínica;608,0
HRJP;2019,0;11,0;Unidade de Urgência - Maternidade;608,0
HRJP;2019,0;11,0;Unidade Urgência Emergência Ginecológica-Obstetrícia;608,0
HRJP;2019,0;11,0;Unidade Urgência/Emergência;608,0
HRJP;2019,0;11,0;Unidade Urgência-Emergência;608,0
HRJP;2019,0;11,0;UUE/HRB/CHB;608,0
HRJP;2019,0;12,0;Pronto Atendimento;686,0
HRJP;2019,0;12,0;UDC - Unidade de Decisão Clínica;686,0
HRJP;2019,0;12,0;Unidade de Decisão Clínica;686,0
HRJP;2019,0;12,0;Unidade de Urgência - Maternidade;686,0
HRJP;2019,0;12,0;Unidade Urgência Emergência Ginecológica-Obstetrícia;686,0
HRJP;2019,0;12,0;Unidade Urgência/Emergência;686,0
HRJP;2019,0;12,0;Unidade Urgência-Emergência;686,0
HRJP;2019,0;12,0;UUE/HRB/CHB;686,0
HRJP;2020,0;1,0;Pronto Atendimento;735,0
HRJP;2020,0;1,0;UDC - Unidade de Decisão Clínica;735,0
HRJP;2020,0;1,0;Unidade de Decisão Clínica;735,0
HRJP;2020,0;1,0;Unidade de Urgência - Maternidade;735,0
HRJP;2020,0;1,0;Unidade Urgência Emergência Ginecológica-Obstetrícia;735,0
HRJP;2020,0;1,0;Unidade Urgência/Emergência;735,0
HRJP;2020,0;1,0;Unidade Urgência-Emergência;735,0
HRJP;2020,0;1,0;UUE/HRB/CHB;735,0
HRJP;2020,0;2,0;Pronto Atendimento;622,0
HRJP;2020,0;2,0;UDC - Unidade de Decisão Clínica;622,0
HRJP;2020,0;2,0;Unidade de Decisão Clínica;622,0
HRJP;2020,0;2,0;Unidade de Urgência - Maternidade;622,0
HRJP;2020,0;2,0;Unidade Urgência Emergência Ginecológica-Obstetrícia;622,0
HRJP;2020,0;2,0;Unidade Urgência/Emergência;622,0
HRJP;2020,0;2,0;Unidade Urgência-Emergência;622,0
HRJP;2020,0;2,0;UUE/HRB/CHB;622,0
HRJP;2020,0;3,0;Pronto Atendimento;460,0
HRJP;2020,0;3,0;UDC - Unidade de Decisão Clínica;460,0
HRJP;2020,0;3,0;Unidade de Decisão Clínica;460,0
HRJP;2020,0;3,0;Unidade de Urgência - Maternidade;460,0
HRJP;2020,0;3,0;Unidade Urgência Emergência Ginecológica-Obstetrícia;460,0
HRJP;2020,0;3,0;Unidade Urgência/Emergência;460,0
HRJP;2020,0;3,0;Unidade Urgência-Emergência;460,0
HRJP;2020,0;3,0;UUE/HRB/CHB;460,0
HRJP;2020,0;4,0;Pronto Atendimento;318,0
HRJP;2020,0;4,0;UDC - Unidade de Decisão Clínica;318,0
HRJP;2020,0;4,0;Unidade de Decisão Clínica;318,0
HRJP;2020,0;4,0;Unidade de Urgência - Maternidade;318,0
HRJP;2020,0;4,0;Unidade Urgência Emergência Ginecológica-Obstetrícia;318,0
HRJP;2020,0;4,0;Unidade Urgência/Emergência;318,0
HRJP;2020,0;4,0;Unidade Urgência-Emergência;318,0
HRJP;2020,0;4,0;UUE/HRB/CHB;318,0
HRJP;2020,0;5,0;Pronto Atendimento;352,0
HRJP;2020,0;5,0;UDC - Unidade de Decisão Clínica;352,0
HRJP;2020,0;5,0;Unidade de Decisão Clínica;352,0
HRJP;2020,0;5,0;Unidade de Urgência - Maternidade;352,0
HRJP;2020,0;5,0;Unidade Urgência Emergência Ginecológica-Obstetrícia;352,0
HRJP;2020,0;5,0;Unidade Urgência/Emergência;352,0
HRJP;2020,0;5,0;Unidade Urgência-Emergência;352,0
HRJP;2020,0;5,0;UUE/HRB/CHB;352,0
HRJP;2020,0;6,0;Pronto Atendimento;358,0
HRJP;2020,0;6,0;UDC - Unidade de Decisão Clínica;358,0
HRJP;2020,0;6,0;Unidade de Decisão Clínica;358,0
HRJP;2020,0;6,0;Unidade de Urgência - Maternidade;358,0
HRJP;2020,0;6,0;Unidade Urgência Emergência Ginecológica-Obstetrícia;358,0
HRJP;2020,0;6,0;Unidade Urgência/Emergência;358,0
HRJP;2020,0;6,0;Unidade Urgência-Emergência;358,0
HRJP;2020,0;6,0;UUE/HRB/CHB;358,0
HRJP;2020,0;7,0;Pronto Atendimento;399,0
HRJP;2020,0;7,0;UDC - Unidade de Decisão Clínica;399,0
HRJP;2020,0;7,0;Unidade de Decisão Clínica;399,0
HRJP;2020,0;7,0;Unidade de Urgência - Maternidade;399,0
HRJP;2020,0;7,0;Unidade Urgência Emergência Ginecológica-Obstetrícia;399,0
HRJP;2020,0;7,0;Unidade Urgência/Emergência;399,0
HRJP;2020,0;7,0;Unidade Urgência-Emergência;399,0
HRJP;2020,0;7,0;UUE/HRB/CHB;399,0
HRJP;2020,0;8,0;Pronto Atendimento;461,0
HRJP;2020,0;8,0;UDC - Unidade de Decisão Clínica;461,0
HRJP;2020,0;8,0;Unidade de Decisão Clínica;461,0
HRJP;2020,0;8,0;Unidade de Urgência - Maternidade;461,0
HRJP;2020,0;8,0;Unidade Urgência Emergência Ginecológica-Obstetrícia;461,0
HRJP;2020,0;8,0;Unidade Urgência/Emergência;461,0
HRJP;2020,0;8,0;Unidade Urgência-Emergência;461,0
HRJP;2020,0;8,0;UUE/HRB/CHB;461,0
HRJP;2020,0;9,0;Pronto Atendimento;489,0
HRJP;2020,0;9,0;UDC - Unidade de Decisão Clínica;489,0
HRJP;2020,0;9,0;Unidade de Decisão Clínica;489,0
HRJP;2020,0;9,0;Unidade de Urgência - Maternidade;489,0
HRJP;2020,0;9,0;Unidade Urgência Emergência Ginecológica-Obstetrícia;489,0
HRJP;2020,0;9,0;Unidade Urgência/Emergência;489,0
HRJP;2020,0;9,0;Unidade Urgência-Emergência;489,0
HRJP;2020,0;9,0;UUE/HRB/CHB;489,0
HRJP;2020,0;10,0;Pronto Atendimento;483,0
HRJP;2020,0;10,0;UDC - Unidade de Decisão Clínica;483,0
HRJP;2020,0;10,0;Unidade de Decisão Clínica;483,0
HRJP;2020,0;10,0;Unidade de Urgência - Maternidade;483,0
HRJP;2020,0;10,0;Unidade Urgência Emergência Ginecológica-Obstetrícia;483,0
HRJP;2020,0;10,0;Unidade Urgência/Emergência;483,0
HRJP;2020,0;10,0;Unidade Urgência-Emergência;483,0
HRJP;2020,0;10,0;UUE/HRB/CHB;483,0
HRJP;2020,0;11,0;Pronto Atendimento;458,0
HRJP;2020,0;11,0;UDC - Unidade de Decisão Clínica;458,0
HRJP;2020,0;11,0;Unidade de Decisão Clínica;458,0
HRJP;2020,0;11,0;Unidade de Urgência - Maternidade;458,0
HRJP;2020,0;11,0;Unidade Urgência Emergência Ginecológica-Obstetrícia;458,0
HRJP;2020,0;11,0;Unidade Urgência/Emergência;458,0
HRJP;2020,0;11,0;Unidade Urgência-Emergência;458,0
HRJP;2020,0;11,0;UUE/HRB/CHB;458,0
HRJP;2020,0;12,0;Pronto Atendimento;486,0
HRJP;2020,0;12,0;UDC - Unidade de Decisão Clínica;486,0
HRJP;2020,0;12,0;Unidade de Decisão Clínica;486,0
HRJP;2020,0;12,0;Unidade de Urgência - Maternidade;486,0
HRJP;2020,0;12,0;Unidade Urgência Emergência Ginecológica-Obstetrícia;486,0
HRJP;2020,0;12,0;Unidade Urgência/Emergência;486,0
HRJP;2020,0;12,0;Unidade Urgência-Emergência;486,0
HRJP;2020,0;12,0;UUE/HRB/CHB;486,0
HRJP;2021,0;1,0;Pronto Atendimento;471,0
HRJP;2021,0;1,0;UDC - Unidade de Decisão Clínica;471,0
HRJP;2021,0;1,0;Unidade de Decisão Clínica;471,0
HRJP;2021,0;1,0;Unidade de Urgência - Maternidade;471,0
HRJP;2021,0;1,0;Unidade Urgência Emergência Ginecológica-Obstetrícia;471,0
HRJP;2021,0;1,0;Unidade Urgência/Emergência;471,0
HRJP;2021,0;1,0;Unidade Urgência-Emergência;471,0
HRJP;2021,0;1,0;UUE/HRB/CHB;471,0
HRJP;2021,0;2,0;Pronto Atendimento;475,0
HRJP;2021,0;2,0;UDC - Unidade de Decisão Clínica;475,0
HRJP;2021,0;2,0;Unidade de Decisão Clínica;475,0
HRJP;2021,0;2,0;Unidade de Urgência - Maternidade;475,0
HRJP;2021,0;2,0;Unidade Urgência Emergência Ginecológica-Obstetrícia;475,0
HRJP;2021,0;2,0;Unidade Urgência/Emergência;475,0
HRJP;2021,0;2,0;Unidade Urgência-Emergência;475,0
HRJP;2021,0;2,0;UUE/HRB/CHB;475,0
HRJP;2021,0;3,0;Pronto Atendimento;524,0
HRJP;2021,0;3,0;UDC - Unidade de Decisão Clínica;524,0
HRJP;2021,0;3,0;Unidade de Decisão Clínica;524,0
HRJP;2021,0;3,0;Unidade de Urgência - Maternidade;524,0
HRJP;2021,0;3,0;Unidade Urgência Emergência Ginecológica-Obstetrícia;524,0
HRJP;2021,0;3,0;Unidade Urgência/Emergência;524,0
HRJP;2021,0;3,0;Unidade Urgência-Emergência;524,0
HRJP;2021,0;3,0;UUE/HRB/CHB;524,0
HRJP;2021,0;4,0;Pronto Atendimento;484,0
HRJP;2021,0;4,0;UDC - Unidade de Decisão Clínica;484,0
HRJP;2021,0;4,0;Unidade de Decisão Clínica;484,0
HRJP;2021,0;4,0;Unidade de Urgência - Maternidade;484,0
HRJP;2021,0;4,0;Unidade Urgência Emergência Ginecológica-Obstetrícia;484,0
HRJP;2021,0;4,0;Unidade Urgência/Emergência;484,0
HRJP;2021,0;4,0;Unidade Urgência-Emergência;484,0
HRJP;2021,0;4,0;UUE/HRB/CHB;484,0
HRJP;2021,0;5,0;Pronto Atendimento;457,0
HRJP;2021,0;5,0;UDC - Unidade de Decisão Clínica;457,0
HRJP;2021,0;5,0;Unidade de Decisão Clínica;457,0
HRJP;2021,0;5,0;Unidade de Urgência - Maternidade;457,0
HRJP;2021,0;5,0;Unidade Urgência Emergência Ginecológica-Obstetrícia;457,0
HRJP;2021,0;5,0;Unidade Urgência/Emergência;457,0
HRJP;2021,0;5,0;Unidade Urgência-Emergência;457,0
HRJP;2021,0;5,0;UUE/HRB/CHB;457,0
HRJP;2021,0;6,0;Pronto Atendimento;427,0
HRJP;2021,0;6,0;UDC - Unidade de Decisão Clínica;427,0
HRJP;2021,0;6,0;Unidade de Decisão Clínica;427,0
HRJP;2021,0;6,0;Unidade de Urgência - Maternidade;427,0
HRJP;2021,0;6,0;Unidade Urgência Emergência Ginecológica-Obstetrícia;427,0
HRJP;2021,0;6,0;Unidade Urgência/Emergência;427,0
HRJP;2021,0;6,0;Unidade Urgência-Emergência;427,0
HRJP;2021,0;6,0;UUE/HRB/CHB;427,0
HRJP;2021,0;7,0;Pronto Atendimento;444,0
HRJP;2021,0;7,0;UDC - Unidade de Decisão Clínica;444,0
HRJP;2021,0;7,0;Unidade de Decisão Clínica;444,0
HRJP;2021,0;7,0;Unidade de Urgência - Maternidade;444,0
HRJP;2021,0;7,0;Unidade Urgência Emergência Ginecológica-Obstetrícia;444,0
HRJP;2021,0;7,0;Unidade Urgência/Emergência;444,0
HRJP;2021,0;7,0;Unidade Urgência-Emergência;444,0
HRJP;2021,0;7,0;UUE/HRB/CHB;444,0
HRJP;2021,0;8,0;Pronto Atendimento;450,0
HRJP;2021,0;8,0;UDC - Unidade de Decisão Clínica;450,0
HRJP;2021,0;8,0;Unidade de Decisão Clínica;450,0
HRJP;2021,0;8,0;Unidade de Urgência - Maternidade;450,0
HRJP;2021,0;8,0;Unidade Urgência Emergência Ginecológica-Obstetrícia;450,0
HRJP;2021,0;8,0;Unidade Urgência/Emergência;450,0
HRJP;2021,0;8,0;Unidade Urgência-Emergência;450,0
HRJP;2021,0;8,0;UUE/HRB/CHB;450,0
HRJP;2021,0;9,0;Pronto Atendimento;490,0
HRJP;2021,0;9,0;UDC - Unidade de Decisão Clínica;490,0
HRJP;2021,0;9,0;Unidade de Decisão Clínica;490,0
HRJP;2021,0;9,0;Unidade de Urgência - Maternidade;490,0
HRJP;2021,0;9,0;Unidade Urgência Emergência Ginecológica-Obstetrícia;490,0
HRJP;2021,0;9,0;Unidade Urgência/Emergência;490,0
HRJP;2021,0;9,0;Unidade Urgência-Emergência;490,0
HRJP;2021,0;9,0;UUE/HRB/CHB;490,0
HRJP;2021,0;10,0;Pronto Atendimento;448,0
HRJP;2021,0;10,0;UDC - Unidade de Decisão Clínica;448,0
HRJP;2021,0;10,0;Unidade de Decisão Clínica;448,0
HRJP;2021,0;10,0;Unidade de Urgência - Maternidade;448,0
HRJP;2021,0;10,0;Unidade Urgência Emergência Ginecológica-Obstetrícia;448,0
HRJP;2021,0;10,0;Unidade Urgência/Emergência;448,0
HRJP;2021,0;10,0;Unidade Urgência-Emergência;448,0
HRJP;2021,0;10,0;UUE/HRB/CHB;448,0
HRJP;2021,0;11,0;Pronto Atendimento;416,0
HRJP;2021,0;11,0;UDC - Unidade de Decisão Clínica;416,0
HRJP;2021,0;11,0;Unidade de Decisão Clínica;416,0
HRJP;2021,0;11,0;Unidade de Urgência - Maternidade;416,0
HRJP;2021,0;11,0;Unidade Urgência Emergência Ginecológica-Obstetrícia;416,0
HRJP;2021,0;11,0;Unidade Urgência/Emergência;416,0
HRJP;2021,0;11,0;Unidade Urgência-Emergência;416,0
HRJP;2021,0;11,0;UUE/HRB/CHB;416,0
HRJP;2021,0;12,0;Pronto Atendimento;429,0
HRJP;2021,0;12,0;UDC - Unidade de Decisão Clínica;429,0
HRJP;2021,0;12,0;Unidade de Decisão Clínica;429,0
HRJP;2021,0;12,0;Unidade de Urgência - Maternidade;429,0
HRJP;2021,0;12,0;Unidade Urgência Emergência Ginecológica-Obstetrícia;429,0
HRJP;2021,0;12,0;Unidade Urgência/Emergência;429,0
HRJP;2021,0;12,0;Unidade Urgência-Emergência;429,0
HRJP;2021,0;12,0;UUE/HRB/CHB;429,0
HRJP;2022,0;1,0;Pronto Atendimento;516,0
HRJP;2022,0;1,0;UDC - Unidade de Decisão Clínica;516,0
HRJP;2022,0;1,0;Unidade de Decisão Clínica;516,0
HRJP;2022,0;1,0;Unidade de Urgência - Maternidade;516,0
HRJP;2022,0;1,0;Unidade Urgência Emergência Ginecológica-Obstetrícia;516,0
HRJP;2022,0;1,0;Unidade Urgência/Emergência;516,0
HRJP;2022,0;1,0;Unidade Urgência-Emergência;516,0
HRJP;2022,0;1,0;UUE/HRB/CHB;516,0
HRJP;2022,0;2,0;Pronto Atendimento;407,0
HRJP;2022,0;2,0;UDC - Unidade de Decisão Clínica;407,0
HRJP;2022,0;2,0;Unidade de Decisão Clínica;407,0
HRJP;2022,0;2,0;Unidade de Urgência - Maternidade;407,0
HRJP;2022,0;2,0;Unidade Urgência Emergência Ginecológica-Obstetrícia;407,0
HRJP;2022,0;2,0;Unidade Urgência/Emergência;407,0
HRJP;2022,0;2,0;Unidade Urgência-Emergência;407,0
HRJP;2022,0;2,0;UUE/HRB/CHB;407,0
HRJP;2022,0;3,0;Pronto Atendimento;473,0
HRJP;2022,0;3,0;UDC - Unidade de Decisão Clínica;473,0
HRJP;2022,0;3,0;Unidade de Decisão Clínica;473,0
HRJP;2022,0;3,0;Unidade de Urgência - Maternidade;473,0
HRJP;2022,0;3,0;Unidade Urgência Emergência Ginecológica-Obstetrícia;473,0
HRJP;2022,0;3,0;Unidade Urgência/Emergência;473,0
HRJP;2022,0;3,0;Unidade Urgência-Emergência;473,0
HRJP;2022,0;3,0;UUE/HRB/CHB;473,0
HRJP;2022,0;4,0;Pronto Atendimento;465,0
HRJP;2022,0;4,0;UDC - Unidade de Decisão Clínica;465,0
HRJP;2022,0;4,0;Unidade de Decisão Clínica;465,0
HRJP;2022,0;4,0;Unidade de Urgência - Maternidade;465,0
HRJP;2022,0;4,0;Unidade Urgência Emergência Ginecológica-Obstetrícia;465,0
HRJP;2022,0;4,0;Unidade Urgência/Emergência;465,0
HRJP;2022,0;4,0;Unidade Urgência-Emergência;465,0
HRJP;2022,0;4,0;UUE/HRB/CHB;465,0
HRJP;2022,0;5,0;Pronto Atendimento;457,0
HRJP;2022,0;5,0;UDC - Unidade de Decisão Clínica;457,0
HRJP;2022,0;5,0;Unidade de Decisão Clínica;457,0
HRJP;2022,0;5,0;Unidade de Urgência - Maternidade;457,0
HRJP;2022,0;5,0;Unidade Urgência Emergência Ginecológica-Obstetrícia;457,0
HRJP;2022,0;5,0;Unidade Urgência/Emergência;457,0
HRJP;2022,0;5,0;Unidade Urgência-Emergência;457,0
HRJP;2022,0;5,0;UUE/HRB/CHB;457,0
HRJP;2022,0;6,0;Pronto Atendimento;373,0
HRJP;2022,0;6,0;UDC - Unidade de Decisão Clínica;373,0
HRJP;2022,0;6,0;Unidade de Decisão Clínica;373,0
HRJP;2022,0;6,0;Unidade de Urgência - Maternidade;373,0
HRJP;2022,0;6,0;Unidade Urgência Emergência Ginecológica-Obstetrícia;373,0
HRJP;2022,0;6,0;Unidade Urgência/Emergência;373,0
HRJP;2022,0;6,0;Unidade Urgência-Emergência;373,0
HRJP;2022,0;6,0;UUE/HRB/CHB;373,0
HRJP;2022,0;7,0;Pronto Atendimento;389,0
HRJP;2022,0;7,0;UDC - Unidade de Decisão Clínica;389,0
HRJP;2022,0;7,0;Unidade de Decisão Clínica;389,0
HRJP;2022,0;7,0;Unidade de Urgência - Maternidade;389,0
HRJP;2022,0;7,0;Unidade Urgência Emergência Ginecológica-Obstetrícia;389,0
HRJP;2022,0;7,0;Unidade Urgência/Emergência;389,0
HRJP;2022,0;7,0;Unidade Urgência-Emergência;389,0
HRJP;2022,0;7,0;UUE/HRB/CHB;389,0
HRJP;2022,0;8,0;Pronto Atendimento;361,0
HRJP;2022,0;8,0;UDC - Unidade de Decisão Clínica;361,0
HRJP;2022,0;8,0;Unidade de Decisão Clínica;361,0
HRJP;2022,0;8,0;Unidade de Urgência - Maternidade;361,0
HRJP;2022,0;8,0;Unidade Urgência Emergência Ginecológica-Obstetrícia;361,0
HRJP;2022,0;8,0;Unidade Urgência/Emergência;361,0
HRJP;2022,0;8,0;Unidade Urgência-Emergência;361,0
HRJP;2022,0;8,0;UUE/HRB/CHB;361,0
HRJP;2022,0;9,0;Pronto Atendimento;348,0
HRJP;2022,0;9,0;UDC - Unidade de Decisão Clínica;348,0
HRJP;2022,0;9,0;Unidade de Decisão Clínica;348,0
HRJP;2022,0;9,0;Unidade de Urgência - Maternidade;348,0
HRJP;2022,0;9,0;Unidade Urgência Emergência Ginecológica-Obstetrícia;348,0
HRJP;2022,0;9,0;Unidade Urgência/Emergência;348,0
HRJP;2022,0;9,0;Unidade Urgência-Emergência;348,0
HRJP;2022,0;9,0;UUE/HRB/CHB;348,0
HRJP;2022,0;10,0;Pronto Atendimento;336,0
HRJP;2022,0;10,0;UDC - Unidade de Decisão Clínica;336,0
HRJP;2022,0;10,0;Unidade de Decisão Clínica;336,0
HRJP;2022,0;10,0;Unidade de Urgência - Maternidade;336,0
HRJP;2022,0;10,0;Unidade Urgência Emergência Ginecológica-Obstetrícia;336,0
HRJP;2022,0;10,0;Unidade Urgência/Emergência;336,0
HRJP;2022,0;10,0;Unidade Urgência-Emergência;336,0
HRJP;2022,0;10,0;UUE/HRB/CHB;336,0
HRJP;2022,0;11,0;Pronto Atendimento;329,0
HRJP;2022,0;11,0;UDC - Unidade de Decisão Clínica;329,0
HRJP;2022,0;11,0;Unidade de Decisão Clínica;329,0
HRJP;2022,0;11,0;Unidade de Urgência - Maternidade;329,0
HRJP;2022,0;11,0;Unidade Urgência Emergência Ginecológica-Obstetrícia;329,0
HRJP;2022,0;11,0;Unidade Urgência/Emergência;329,0
HRJP;2022,0;11,0;Unidade Urgência-Emergência;329,0
HRJP;2022,0;11,0;UUE/HRB/CHB;329,0
HRJP;2022,0;12,0;Pronto Atendimento;343,0
HRJP;2022,0;12,0;UDC - Unidade de Decisão Clínica;343,0
HRJP;2022,0;12,0;Unidade de Decisão Clínica;343,0
HRJP;2022,0;12,0;Unidade de Urgência - Maternidade;343,0
HRJP;2022,0;12,0;Unidade Urgência Emergência Ginecológica-Obstetrícia;343,0
HRJP;2022,0;12,0;Unidade Urgência/Emergência;343,0
HRJP;2022,0;12,0;Unidade Urgência-Emergência;343,0
HRJP;2022,0;12,0;UUE/HRB/CHB;343,0
HRJP;2023,0;1,0;Pronto Atendimento;396,0
HRJP;2023,0;1,0;UDC - Unidade de Decisão Clínica;396,0
HRJP;2023,0;1,0;Unidade de Decisão Clínica;396,0
HRJP;2023,0;1,0;Unidade de Urgência - Maternidade;396,0
HRJP;2023,0;1,0;Unidade Urgência Emergência Ginecológica-Obstetrícia;396,0
HRJP;2023,0;1,0;Unidade Urgência/Emergência;396,0
HRJP;2023,0;1,0;Unidade Urgência-Emergência;396,0
HRJP;2023,0;1,0;UUE/HRB/CHB;396,0
HRJP;2023,0;2,0;Pronto Atendimento;326,0
HRJP;2023,0;2,0;UDC - Unidade de Decisão Clínica;326,0
HRJP;2023,0;2,0;Unidade de Decisão Clínica;326,0
HRJP;2023,0;2,0;Unidade de Urgência - Maternidade;326,0
HRJP;2023,0;2,0;Unidade Urgência Emergência Ginecológica-Obstetrícia;326,0
HRJP;2023,0;2,0;Unidade Urgência/Emergência;326,0
HRJP;2023,0;2,0;Unidade Urgência-Emergência;326,0
HRJP;2023,0;2,0;UUE/HRB/CHB;326,0
HRJP;2023,0;3,0;Pronto Atendimento;363,0
HRJP;2023,0;3,0;UDC - Unidade de Decisão Clínica;363,0
HRJP;2023,0;3,0;Unidade de Decisão Clínica;363,0
HRJP;2023,0;3,0;Unidade de Urgência - Maternidade;363,0
HRJP;2023,0;3,0;Unidade Urgência Emergência Ginecológica-Obstetrícia;363,0
HRJP;2023,0;3,0;Unidade Urgência/Emergência;363,0
HRJP;2023,0;3,0;Unidade Urgência-Emergência;363,0
HRJP;2023,0;3,0;UUE/HRB/CHB;363,0
HRJP;2023,0;4,0;Pronto Atendimento;417,0
HRJP;2023,0;4,0;UDC - Unidade de Decisão Clínica;417,0
HRJP;2023,0;4,0;Unidade de Decisão Clínica;417,0
HRJP;2023,0;4,0;Unidade de Urgência - Maternidade;417,0
HRJP;2023,0;4,0;Unidade Urgência Emergência Ginecológica-Obstetrícia;417,0
HRJP;2023,0;4,0;Unidade Urgência/Emergência;417,0
HRJP;2023,0;4,0;Unidade Urgência-Emergência;417,0
HRJP;2023,0;4,0;UUE/HRB/CHB;417,0
HRJP;2023,0;5,0;Pronto Atendimento;371,0
HRJP;2023,0;5,0;UDC - Unidade de Decisão Clínica;371,0
HRJP;2023,0;5,0;Unidade de Decisão Clínica;371,0
HRJP;2023,0;5,0;Unidade de Urgência - Maternidade;371,0
HRJP;2023,0;5,0;Unidade Urgência Emergência Ginecológica-Obstetrícia;371,0
HRJP;2023,0;5,0;Unidade Urgência/Emergência;371,0
HRJP;2023,0;5,0;Unidade Urgência-Emergência;371,0
HRJP;2023,0;5,0;UUE/HRB/CHB;371,0
HRJP;2023,0;6,0;Pronto Atendimento;314,0
HRJP;2023,0;6,0;UDC - Unidade de Decisão Clínica;314,0
HRJP;2023,0;6,0;Unidade de Decisão Clínica;314,0
HRJP;2023,0;6,0;Unidade de Urgência - Maternidade;314,0
HRJP;2023,0;6,0;Unidade Urgência Emergência Ginecológica-Obstetrícia;314,0
HRJP;2023,0;6,0;Unidade Urgência/Emergência;314,0
HRJP;2023,0;6,0;Unidade Urgência-Emergência;314,0
HRJP;2023,0;6,0;UUE/HRB/CHB;314,0
HRJP;2023,0;7,0;Pronto Atendimento;298,0
HRJP;2023,0;7,0;UDC - Unidade de Decisão Clínica;298,0
HRJP;2023,0;7,0;Unidade de Decisão Clínica;298,0
HRJP;2023,0;7,0;Unidade de Urgência - Maternidade;298,0
HRJP;2023,0;7,0;Unidade Urgência Emergência Ginecológica-Obstetrícia;298,0
HRJP;2023,0;7,0;Unidade Urgência/Emergência;298,0
HRJP;2023,0;7,0;Unidade Urgência-Emergência;298,0
HRJP;2023,0;7,0;UUE/HRB/CHB;298,0
HRJP;2023,0;8,0;Pronto Atendimento;394,0
HRJP;2023,0;8,0;UDC - Unidade de Decisão Clínica;394,0
HRJP;2023,0;8,0;Unidade de Decisão Clínica;394,0
HRJP;2023,0;8,0;Unidade de Urgência - Maternidade;394,0
HRJP;2023,0;8,0;Unidade Urgência Emergência Ginecológica-Obstetrícia;394,0
HRJP;2023,0;8,0;Unidade Urgência/Emergência;394,0
HRJP;2023,0;8,0;Unidade Urgência-Emergência;394,0
HRJP;2023,0;8,0;UUE/HRB/CHB;394,0
HRJP;2023,0;9,0;Pronto Atendimento;324,0
HRJP;2023,0;9,0;UDC - Unidade de Decisão Clínica;324,0
HRJP;2023,0;9,0;Unidade de Decisão Clínica;324,0
HRJP;2023,0;9,0;Unidade de Urgência - Maternidade;324,0
HRJP;2023,0;9,0;Unidade Urgência Emergência Ginecológica-Obstetrícia;324,0
HRJP;2023,0;9,0;Unidade Urgência/Emergência;324,0
HRJP;2023,0;9,0;Unidade Urgência-Emergência;324,0
HRJP;2023,0;9,0;UUE/HRB/CHB;324,0
HRJP;2023,0;10,0;Pronto Atendimento;354,0
HRJP;2023,0;10,0;UDC - Unidade de Decisão Clínica;354,0
HRJP;2023,0;10,0;Unidade de Decisão Clínica;354,0
HRJP;2023,0;10,0;Unidade de Urgência - Maternidade;354,0
HRJP;2023,0;10,0;Unidade Urgência Emergência Ginecológica-Obstetrícia;354,0
HRJP;2023,0;10,0;Unidade Urgência/Emergência;354,0
HRJP;2023,0;10,0;Unidade Urgência-Emergência;354,0
HRJP;2023,0;10,0;UUE/HRB/CHB;354,0
HRJP;2023,0;11,0;Pronto Atendimento;398,0
HRJP;2023,0;11,0;UDC - Unidade de Decisão Clínica;398,0
HRJP;2023,0;11,0;Unidade de Decisão Clínica;398,0
HRJP;2023,0;11,0;Unidade de Urgência - Maternidade;398,0
HRJP;2023,0;11,0;Unidade Urgência Emergência Ginecológica-Obstetrícia;398,0
HRJP;2023,0;11,0;Unidade Urgência/Emergência;398,0
HRJP;2023,0;11,0;Unidade Urgência-Emergência;398,0
HRJP;2023,0;11,0;UUE/HRB/CHB;398,0
HRJP;2023,0;12,0;Pronto Atendimento;384,0
HRJP;2023,0;12,0;UDC - Unidade de Decisão Clínica;384,0
HRJP;2023,0;12,0;Unidade de Decisão Clínica;384,0
HRJP;2023,0;12,0;Unidade de Urgência - Maternidade;384,0
HRJP;2023,0;12,0;Unidade Urgência Emergência Ginecológica-Obstetrícia;384,0
HRJP;2023,0;12,0;Unidade Urgência/Emergência;384,0
HRJP;2023,0;12,0;Unidade Urgência-Emergência;384,0
HRJP;2023,0;12,0;UUE/HRB/CHB;384,0
HRJP;2024,0;1,0;Pronto Atendimento;420,0
HRJP;2024,0;1,0;UDC - Unidade de Decisão Clínica;420,0
HRJP;2024,0;1,0;Unidade de Decisão Clínica;420,0
HRJP;2024,0;1,0;Unidade de Urgência - Maternidade;420,0
HRJP;2024,0;1,0;Unidade Urgência Emergência Ginecológica-Obstetrícia;420,0
HRJP;2024,0;1,0;Unidade Urgência/Emergência;420,0
HRJP;2024,0;1,0;Unidade Urgência-Emergência;420,0
HRJP;2024,0;1,0;UUE/HRB/CHB;420,0
HRJP;2024,0;2,0;Pronto Atendimento;345,0
HRJP;2024,0;2,0;UDC - Unidade de Decisão Clínica;345,0
HRJP;2024,0;2,0;Unidade de Decisão Clínica;345,0
HRJP;2024,0;2,0;Unidade de Urgência - Maternidade;345,0
HRJP;2024,0;2,0;Unidade Urgência Emergência Ginecológica-Obstetrícia;345,0
HRJP;2024,0;2,0;Unidade Urgência/Emergência;345,0
HRJP;2024,0;2,0;Unidade Urgência-Emergência;345,0
HRJP;2024,0;2,0;UUE/HRB/CHB;345,0
HRJP;2024,0;3,0;Pronto Atendimento;373,0
HRJP;2024,0;3,0;UDC - Unidade de Decisão Clínica;373,0
HRJP;2024,0;3,0;Unidade de Decisão Clínica;373,0
HRJP;2024,0;3,0;Unidade de Urgência - Maternidade;373,0
HRJP;2024,0;3,0;Unidade Urgência Emergência Ginecológica-Obstetrícia;373,0
HRJP;2024,0;3,0;Unidade Urgência/Emergência;373,0
HRJP;2024,0;3,0;Unidade Urgência-Emergência;373,0
HRJP;2024,0;3,0;UUE/HRB/CHB;373,0
HRJP;2024,0;4,0;Pronto Atendimento;356,0
HRJP;2024,0;4,0;UDC - Unidade de Decisão Clínica;356,0
HRJP;2024,0;4,0;Unidade de Decisão Clínica;356,0
HRJP;2024,0;4,0;Unidade de Urgência - Maternidade;356,0
HRJP;2024,0;4,0;Unidade Urgência Emergência Ginecológica-Obstetrícia;356,0
HRJP;2024,0;4,0;Unidade Urgência/Emergência;356,0
HRJP;2024,0;4,0;Unidade Urgência-Emergência;356,0
HRJP;2024,0;4,0;UUE/HRB/CHB;356,0
HRJP;2024,0;5,0;Pronto Atendimento;356,0
HRJP;2024,0;5,0;UDC - Unidade de Decisão Clínica;356,0
HRJP;2024,0;5,0;Unidade de Decisão Clínica;356,0
HRJP;2024,0;5,0;Unidade de Urgência - Maternidade;356,0
HRJP;2024,0;5,0;Unidade Urgência Emergência Ginecológica-Obstetrícia;356,0
HRJP;2024,0;5,0;Unidade Urgência/Emergência;356,0
HRJP;2024,0;5,0;Unidade Urgência-Emergência;356,0
HRJP;2024,0;5,0;UUE/HRB/CHB;356,0
HRJP;2024,0;6,0;Pronto Atendimento;336,0
HRJP;2024,0;6,0;UDC - Unidade de Decisão Clínica;336,0
HRJP;2024,0;6,0;Unidade de Decisão Clínica;336,0
HRJP;2024,0;6,0;Unidade de Urgência - Maternidade;336,0
HRJP;2024,0;6,0;Unidade Urgência Emergência Ginecológica-Obstetrícia;336,0
HRJP;2024,0;6,0;Unidade Urgência/Emergência;336,0
HRJP;2024,0;6,0;Unidade Urgência-Emergência;336,0
HRJP;2024,0;6,0;UUE/HRB/CHB;336,0
HRJP;2024,0;7,0;Pronto Atendimento;351,0
HRJP;2024,0;7,0;UDC - Unidade de Decisão Clínica;351,0
HRJP;2024,0;7,0;Unidade de Decisão Clínica;351,0
HRJP;2024,0;7,0;Unidade de Urgência - Maternidade;351,0
HRJP;2024,0;7,0;Unidade Urgência Emergência Ginecológica-Obstetrícia;351,0
HRJP;2024,0;7,0;Unidade Urgência/Emergência;351,0
HRJP;2024,0;7,0;Unidade Urgência-Emergência;351,0
HRJP;2024,0;7,0;UUE/HRB/CHB;351,0
HRJP;2024,0;8,0;Pronto Atendimento;380,0
HRJP;2024,0;8,0;UDC - Unidade de Decisão Clínica;380,0
HRJP;2024,0;8,0;Unidade de Decisão Clínica;380,0
HRJP;2024,0;8,0;Unidade de Urgência - Maternidade;380,0
HRJP;2024,0;8,0;Unidade Urgência Emergência Ginecológica-Obstetrícia;380,0
HRJP;2024,0;8,0;Unidade Urgência/Emergência;380,0
HRJP;2024,0;8,0;Unidade Urgência-Emergência;380,0
HRJP;2024,0;8,0;UUE/HRB/CHB;380,0
HRJP;2024,0;9,0;Pronto Atendimento;347,0
HRJP;2024,0;9,0;UDC - Unidade de Decisão Clínica;347,0
HRJP;2024,0;9,0;Unidade de Decisão Clínica;347,0
HRJP;2024,0;9,0;Unidade de Urgência - Maternidade;347,0
HRJP;2024,0;9,0;Unidade Urgência Emergência Ginecológica-Obstetrícia;347,0
HRJP;2024,0;9,0;Unidade Urgência/Emergência;347,0
HRJP;2024,0;9,0;Unidade Urgência-Emergência;347,0
HRJP;2024,0;9,0;UUE/HRB/CHB;347,0
HRJP;2024,0;10,0;Pronto Atendimento;356,0
HRJP;2024,0;10,0;UDC - Unidade de Decisão Clínica;356,0
HRJP;2024,0;10,0;Unidade de Decisão Clínica;356,0
HRJP;2024,0;10,0;Unidade de Urgência - Maternidade;357,0
HRJP;2024,0;10,0;Unidade Urgência Emergência Ginecológica-Obstetrícia;356,0
HRJP;2024,0;10,0;Unidade Urgência/Emergência;356,0
HRJP;2024,0;10,0;Unidade Urgência-Emergência;356,0
HRJP;2024,0;10,0;UUE/HRB/CHB;356,0
HRJP;2024,0;11,0;Pronto Atendimento;31,0
HRJP;2024,0;11,0;UDC - Unidade de Decisão Clínica;31,0
HRJP;2024,0;11,0;Unidade de Decisão Clínica;37,0
HRJP;2024,0;11,0;Unidade de Urgência - Maternidade;361,0
HRJP;2024,0;11,0;Unidade Urgência Emergência Ginecológica-Obstetrícia;31,0
HRJP;2024,0;11,0;Unidade Urgência/Emergência;31,0
HRJP;2024,0;11,0;Unidade Urgência-Emergência;31,0
HRJP;2024,0;11,0;UUE/HRB/CHB;31,0
HRJP;2024,0;12,0;Unidade de Decisão Clínica;29,0
HRJP;2024,0;12,0;Unidade de Urgência - Maternidade;383,0
HRJP;2025,0;1,0;Unidade de Decisão Clínica;4,0
HRJP;2025,0;1,0;Unidade de Urgência - Maternidade;476,0
HRJP;2025,0;2,0;Unidade de Decisão Clínica;3,0
HRJP;2025,0;2,0;Unidade de Urgência - Maternidade;465,0
HRJP;2025,0;3,0;Unidade de Urgência - Maternidade;548,0
HRJP;2025,0;4,0;Unidade de Decisão Clínica;1,0
HRJP;2025,0;4,0;Unidade de Urgência - Maternidade;462,0
HRJP;2025,0;5,0;Unidade de Decisão Clínica;1,0
HRJP;2025,0;5,0;Unidade de Urgência - Maternidade;525,0
HRJP;2025,0;6,0;Unidade de Urgência - Maternidade;464,0
HRJP;2025,0;7,0;Unidade de Decisão Clínica;2,0
HRJP;2025,0;7,0;Unidade de Urgência - Maternidade;447,0
HRJP;2025,0;8,0;Unidade de Decisão Clínica;4,0
HRJP;2025,0;8,0;Unidade de Urgência - Maternidade;489,0
HRJP;2025,0;9,0;Unidade de Decisão Clínica;1,0
HRJP;2025,0;9,0;Unidade de Urgência - Maternidade;447,0
HRJP;2025,0;10,0;Unidade de Decisão Clínica;9,0
HRJP;2025,0;10,0;Unidade de Urgência - Maternidade;550,0
HRJP;2025,0;11,0;Unidade de Decisão Clínica;7,0
HRJP;2025,0;11,0;Unidade de Urgência - Maternidade;520,0
HRJP;2025,0;12,0;Unidade de Decisão Clínica;1,0
HRJP;2025,0;12,0;Unidade de Urgência - Maternidade;523,0
HRJP;2026,0;1,0;Unidade de Decisão Clínica;9,0
HRJP;2026,0;1,0;Unidade de Urgência - Maternidade;552,0
HRJP;2026,0;2,0;Unidade de Decisão Clínica;19,0
HRJP;2026,0;2,0;Unidade de Urgência - Maternidade;492,0
IRS;2019,0;1,0;Pronto Atendimento;317,0
IRS;2019,0;1,0;UDC - Unidade de Decisão Clínica;317,0
IRS;2019,0;1,0;Unidade de Decisão Clínica;317,0
IRS;2019,0;1,0;Unidade de Urgência - Maternidade;317,0
IRS;2019,0;1,0;Unidade Urgência Emergência Ginecológica-Obstetrícia;317,0
IRS;2019,0;1,0;Unidade Urgência/Emergência;317,0
IRS;2019,0;1,0;Unidade Urgência-Emergência;317,0
IRS;2019,0;1,0;UUE/HRB/CHB;317,0
IRS;2019,0;2,0;Pronto Atendimento;298,0
IRS;2019,0;2,0;UDC - Unidade de Decisão Clínica;298,0
IRS;2019,0;2,0;Unidade de Decisão Clínica;298,0
IRS;2019,0;2,0;Unidade de Urgência - Maternidade;298,0
IRS;2019,0;2,0;Unidade Urgência Emergência Ginecológica-Obstetrícia;298,0
IRS;2019,0;2,0;Unidade Urgência/Emergência;298,0
IRS;2019,0;2,0;Unidade Urgência-Emergência;298,0
IRS;2019,0;2,0;UUE/HRB/CHB;298,0
IRS;2019,0;3,0;Pronto Atendimento;309,0
IRS;2019,0;3,0;UDC - Unidade de Decisão Clínica;309,0
IRS;2019,0;3,0;Unidade de Decisão Clínica;309,0
IRS;2019,0;3,0;Unidade de Urgência - Maternidade;309,0
IRS;2019,0;3,0;Unidade Urgência Emergência Ginecológica-Obstetrícia;309,0
IRS;2019,0;3,0;Unidade Urgência/Emergência;309,0
IRS;2019,0;3,0;Unidade Urgência-Emergência;309,0
IRS;2019,0;3,0;UUE/HRB/CHB;309,0
IRS;2019,0;4,0;Pronto Atendimento;343,0
IRS;2019,0;4,0;UDC - Unidade de Decisão Clínica;343,0
IRS;2019,0;4,0;Unidade de Decisão Clínica;343,0
IRS;2019,0;4,0;Unidade de Urgência - Maternidade;343,0
IRS;2019,0;4,0;Unidade Urgência Emergência Ginecológica-Obstetrícia;343,0
IRS;2019,0;4,0;Unidade Urgência/Emergência;343,0
IRS;2019,0;4,0;Unidade Urgência-Emergência;343,0
IRS;2019,0;4,0;UUE/HRB/CHB;343,0
IRS;2019,0;5,0;Pronto Atendimento;268,0
IRS;2019,0;5,0;UDC - Unidade de Decisão Clínica;268,0
IRS;2019,0;5,0;Unidade de Decisão Clínica;268,0
IRS;2019,0;5,0;Unidade de Urgência - Maternidade;268,0
IRS;2019,0;5,0;Unidade Urgência Emergência Ginecológica-Obstetrícia;268,0
IRS;2019,0;5,0;Unidade Urgência/Emergência;268,0
IRS;2019,0;5,0;Unidade Urgência-Emergência;268,0
IRS;2019,0;5,0;UUE/HRB/CHB;268,0
IRS;2019,0;6,0;Pronto Atendimento;275,0
IRS;2019,0;6,0;UDC - Unidade de Decisão Clínica;275,0
IRS;2019,0;6,0;Unidade de Decisão Clínica;275,0
IRS;2019,0;6,0;Unidade de Urgência - Maternidade;275,0
IRS;2019,0;6,0;Unidade Urgência Emergência Ginecológica-Obstetrícia;275,0
IRS;2019,0;6,0;Unidade Urgência/Emergência;275,0
IRS;2019,0;6,0;Unidade Urgência-Emergência;275,0
IRS;2019,0;6,0;UUE/HRB/CHB;275,0
IRS;2019,0;7,0;Pronto Atendimento;225,0
IRS;2019,0;7,0;UDC - Unidade de Decisão Clínica;225,0
IRS;2019,0;7,0;Unidade de Decisão Clínica;225,0
IRS;2019,0;7,0;Unidade de Urgência - Maternidade;225,0
IRS;2019,0;7,0;Unidade Urgência Emergência Ginecológica-Obstetrícia;225,0
IRS;2019,0;7,0;Unidade Urgência/Emergência;225,0
IRS;2019,0;7,0;Unidade Urgência-Emergência;225,0
IRS;2019,0;7,0;UUE/HRB/CHB;225,0
IRS;2019,0;8,0;Pronto Atendimento;309,0
IRS;2019,0;8,0;UDC - Unidade de Decisão Clínica;309,0
IRS;2019,0;8,0;Unidade de Decisão Clínica;309,0
IRS;2019,0;8,0;Unidade de Urgência - Maternidade;309,0
IRS;2019,0;8,0;Unidade Urgência Emergência Ginecológica-Obstetrícia;309,0
IRS;2019,0;8,0;Unidade Urgência/Emergência;309,0
IRS;2019,0;8,0;Unidade Urgência-Emergência;309,0
IRS;2019,0;8,0;UUE/HRB/CHB;309,0
IRS;2019,0;9,0;Pronto Atendimento;316,0
IRS;2019,0;9,0;UDC - Unidade de Decisão Clínica;316,0
IRS;2019,0;9,0;Unidade de Decisão Clínica;316,0
IRS;2019,0;9,0;Unidade de Urgência - Maternidade;316,0
IRS;2019,0;9,0;Unidade Urgência Emergência Ginecológica-Obstetrícia;316,0
IRS;2019,0;9,0;Unidade Urgência/Emergência;316,0
IRS;2019,0;9,0;Unidade Urgência-Emergência;316,0
IRS;2019,0;9,0;UUE/HRB/CHB;316,0
IRS;2019,0;10,0;Pronto Atendimento;289,0
IRS;2019,0;10,0;UDC - Unidade de Decisão Clínica;289,0
IRS;2019,0;10,0;Unidade de Decisão Clínica;289,0
IRS;2019,0;10,0;Unidade de Urgência - Maternidade;289,0
IRS;2019,0;10,0;Unidade Urgência Emergência Ginecológica-Obstetrícia;289,0
IRS;2019,0;10,0;Unidade Urgência/Emergência;289,0
IRS;2019,0;10,0;Unidade Urgência-Emergência;289,0
IRS;2019,0;10,0;UUE/HRB/CHB;289,0
IRS;2019,0;11,0;Pronto Atendimento;255,0
IRS;2019,0;11,0;UDC - Unidade de Decisão Clínica;255,0
IRS;2019,0;11,0;Unidade de Decisão Clínica;255,0
IRS;2019,0;11,0;Unidade de Urgência - Maternidade;255,0
IRS;2019,0;11,0;Unidade Urgência Emergência Ginecológica-Obstetrícia;255,0
IRS;2019,0;11,0;Unidade Urgência/Emergência;255,0
IRS;2019,0;11,0;Unidade Urgência-Emergência;255,0
IRS;2019,0;11,0;UUE/HRB/CHB;255,0
IRS;2019,0;12,0;Pronto Atendimento;245,0
IRS;2019,0;12,0;UDC - Unidade de Decisão Clínica;245,0
IRS;2019,0;12,0;Unidade de Decisão Clínica;245,0
IRS;2019,0;12,0;Unidade de Urgência - Maternidade;245,0
IRS;2019,0;12,0;Unidade Urgência Emergência Ginecológica-Obstetrícia;245,0
IRS;2019,0;12,0;Unidade Urgência/Emergência;245,0
IRS;2019,0;12,0;Unidade Urgência-Emergência;245,0
IRS;2019,0;12,0;UUE/HRB/CHB;245,0
IRS;2020,0;1,0;Pronto Atendimento;323,0
IRS;2020,0;1,0;UDC - Unidade de Decisão Clínica;323,0
IRS;2020,0;1,0;Unidade de Decisão Clínica;323,0
IRS;2020,0;1,0;Unidade de Urgência - Maternidade;323,0
IRS;2020,0;1,0;Unidade Urgência Emergência Ginecológica-Obstetrícia;323,0
IRS;2020,0;1,0;Unidade Urgência/Emergência;323,0
IRS;2020,0;1,0;Unidade Urgência-Emergência;323,0
IRS;2020,0;1,0;UUE/HRB/CHB;323,0
IRS;2020,0;2,0;Pronto Atendimento;284,0
IRS;2020,0;2,0;UDC - Unidade de Decisão Clínica;284,0
IRS;2020,0;2,0;Unidade de Decisão Clínica;284,0
IRS;2020,0;2,0;Unidade de Urgência - Maternidade;284,0
IRS;2020,0;2,0;Unidade Urgência Emergência Ginecológica-Obstetrícia;284,0
IRS;2020,0;2,0;Unidade Urgência/Emergência;284,0
IRS;2020,0;2,0;Unidade Urgência-Emergência;284,0
IRS;2020,0;2,0;UUE/HRB/CHB;284,0
IRS;2020,0;3,0;Pronto Atendimento;231,0
IRS;2020,0;3,0;UDC - Unidade de Decisão Clínica;231,0
IRS;2020,0;3,0;Unidade de Decisão Clínica;231,0
IRS;2020,0;3,0;Unidade de Urgência - Maternidade;231,0
IRS;2020,0;3,0;Unidade Urgência Emergência Ginecológica-Obstetrícia;231,0
IRS;2020,0;3,0;Unidade Urgência/Emergência;231,0
IRS;2020,0;3,0;Unidade Urgência-Emergência;231,0
IRS;2020,0;3,0;UUE/HRB/CHB;231,0
IRS;2020,0;4,0;Pronto Atendimento;184,0
IRS;2020,0;4,0;UDC - Unidade de Decisão Clínica;184,0
IRS;2020,0;4,0;Unidade de Decisão Clínica;184,0
IRS;2020,0;4,0;Unidade de Urgência - Maternidade;184,0
IRS;2020,0;4,0;Unidade Urgência Emergência Ginecológica-Obstetrícia;184,0
IRS;2020,0;4,0;Unidade Urgência/Emergência;184,0
IRS;2020,0;4,0;Unidade Urgência-Emergência;184,0
IRS;2020,0;4,0;UUE/HRB/CHB;184,0
IRS;2020,0;5,0;Pronto Atendimento;191,0
IRS;2020,0;5,0;UDC - Unidade de Decisão Clínica;191,0
IRS;2020,0;5,0;Unidade de Decisão Clínica;191,0
IRS;2020,0;5,0;Unidade de Urgência - Maternidade;191,0
IRS;2020,0;5,0;Unidade Urgência Emergência Ginecológica-Obstetrícia;191,0
IRS;2020,0;5,0;Unidade Urgência/Emergência;191,0
IRS;2020,0;5,0;Unidade Urgência-Emergência;191,0
IRS;2020,0;5,0;UUE/HRB/CHB;191,0
IRS;2020,0;6,0;Pronto Atendimento;214,0
IRS;2020,0;6,0;UDC - Unidade de Decisão Clínica;214,0
IRS;2020,0;6,0;Unidade de Decisão Clínica;214,0
IRS;2020,0;6,0;Unidade de Urgência - Maternidade;214,0
IRS;2020,0;6,0;Unidade Urgência Emergência Ginecológica-Obstetrícia;214,0
IRS;2020,0;6,0;Unidade Urgência/Emergência;214,0
IRS;2020,0;6,0;Unidade Urgência-Emergência;214,0
IRS;2020,0;6,0;UUE/HRB/CHB;214,0
IRS;2020,0;7,0;Pronto Atendimento;219,0
IRS;2020,0;7,0;UDC - Unidade de Decisão Clínica;219,0
IRS;2020,0;7,0;Unidade de Decisão Clínica;219,0
IRS;2020,0;7,0;Unidade de Urgência - Maternidade;219,0
IRS;2020,0;7,0;Unidade Urgência Emergência Ginecológica-Obstetrícia;219,0
IRS;2020,0;7,0;Unidade Urgência/Emergência;219,0
IRS;2020,0;7,0;Unidade Urgência-Emergência;219,0
IRS;2020,0;7,0;UUE/HRB/CHB;219,0
IRS;2020,0;8,0;Pronto Atendimento;241,0
IRS;2020,0;8,0;UDC - Unidade de Decisão Clínica;241,0
IRS;2020,0;8,0;Unidade de Decisão Clínica;241,0
IRS;2020,0;8,0;Unidade de Urgência - Maternidade;241,0
IRS;2020,0;8,0;Unidade Urgência Emergência Ginecológica-Obstetrícia;241,0
IRS;2020,0;8,0;Unidade Urgência/Emergência;241,0
IRS;2020,0;8,0;Unidade Urgência-Emergência;241,0
IRS;2020,0;8,0;UUE/HRB/CHB;241,0
IRS;2020,0;9,0;Pronto Atendimento;218,0
IRS;2020,0;9,0;UDC - Unidade de Decisão Clínica;218,0
IRS;2020,0;9,0;Unidade de Decisão Clínica;218,0
IRS;2020,0;9,0;Unidade de Urgência - Maternidade;218,0
IRS;2020,0;9,0;Unidade Urgência Emergência Ginecológica-Obstetrícia;218,0
IRS;2020,0;9,0;Unidade Urgência/Emergência;218,0
IRS;2020,0;9,0;Unidade Urgência-Emergência;218,0
IRS;2020,0;9,0;UUE/HRB/CHB;218,0
IRS;2020,0;10,0;Pronto Atendimento;209,0
IRS;2020,0;10,0;UDC - Unidade de Decisão Clínica;209,0
IRS;2020,0;10,0;Unidade de Decisão Clínica;209,0
IRS;2020,0;10,0;Unidade de Urgência - Maternidade;209,0
IRS;2020,0;10,0;Unidade Urgência Emergência Ginecológica-Obstetrícia;209,0
IRS;2020,0;10,0;Unidade Urgência/Emergência;209,0
IRS;2020,0;10,0;Unidade Urgência-Emergência;209,0
IRS;2020,0;10,0;UUE/HRB/CHB;209,0
IRS;2020,0;11,0;Pronto Atendimento;199,0
IRS;2020,0;11,0;UDC - Unidade de Decisão Clínica;199,0
IRS;2020,0;11,0;Unidade de Decisão Clínica;199,0
IRS;2020,0;11,0;Unidade de Urgência - Maternidade;199,0
IRS;2020,0;11,0;Unidade Urgência Emergência Ginecológica-Obstetrícia;199,0
IRS;2020,0;11,0;Unidade Urgência/Emergência;199,0
IRS;2020,0;11,0;Unidade Urgência-Emergência;199,0
IRS;2020,0;11,0;UUE/HRB/CHB;199,0
IRS;2020,0;12,0;Pronto Atendimento;234,0
IRS;2020,0;12,0;UDC - Unidade de Decisão Clínica;234,0
IRS;2020,0;12,0;Unidade de Decisão Clínica;234,0
IRS;2020,0;12,0;Unidade de Urgência - Maternidade;234,0
IRS;2020,0;12,0;Unidade Urgência Emergência Ginecológica-Obstetrícia;234,0
IRS;2020,0;12,0;Unidade Urgência/Emergência;234,0
IRS;2020,0;12,0;Unidade Urgência-Emergência;234,0
IRS;2020,0;12,0;UUE/HRB/CHB;234,0
IRS;2021,0;1,0;Pronto Atendimento;193,0
IRS;2021,0;1,0;UDC - Unidade de Decisão Clínica;193,0
IRS;2021,0;1,0;Unidade de Decisão Clínica;193,0
IRS;2021,0;1,0;Unidade de Urgência - Maternidade;193,0
IRS;2021,0;1,0;Unidade Urgência Emergência Ginecológica-Obstetrícia;193,0
IRS;2021,0;1,0;Unidade Urgência/Emergência;193,0
IRS;2021,0;1,0;Unidade Urgência-Emergência;193,0
IRS;2021,0;1,0;UUE/HRB/CHB;193,0
IRS;2021,0;2,0;Pronto Atendimento;225,0
IRS;2021,0;2,0;UDC - Unidade de Decisão Clínica;225,0
IRS;2021,0;2,0;Unidade de Decisão Clínica;225,0
IRS;2021,0;2,0;Unidade de Urgência - Maternidade;225,0
IRS;2021,0;2,0;Unidade Urgência Emergência Ginecológica-Obstetrícia;225,0
IRS;2021,0;2,0;Unidade Urgência/Emergência;225,0
IRS;2021,0;2,0;Unidade Urgência-Emergência;225,0
IRS;2021,0;2,0;UUE/HRB/CHB;225,0
IRS;2021,0;3,0;Pronto Atendimento;251,0
IRS;2021,0;3,0;UDC - Unidade de Decisão Clínica;251,0
IRS;2021,0;3,0;Unidade de Decisão Clínica;251,0
IRS;2021,0;3,0;Unidade de Urgência - Maternidade;251,0
IRS;2021,0;3,0;Unidade Urgência Emergência Ginecológica-Obstetrícia;251,0
IRS;2021,0;3,0;Unidade Urgência/Emergência;251,0
IRS;2021,0;3,0;Unidade Urgência-Emergência;251,0
IRS;2021,0;3,0;UUE/HRB/CHB;251,0
IRS;2021,0;4,0;Pronto Atendimento;215,0
IRS;2021,0;4,0;UDC - Unidade de Decisão Clínica;215,0
IRS;2021,0;4,0;Unidade de Decisão Clínica;215,0
IRS;2021,0;4,0;Unidade de Urgência - Maternidade;215,0
IRS;2021,0;4,0;Unidade Urgência Emergência Ginecológica-Obstetrícia;215,0
IRS;2021,0;4,0;Unidade Urgência/Emergência;215,0
IRS;2021,0;4,0;Unidade Urgência-Emergência;215,0
IRS;2021,0;4,0;UUE/HRB/CHB;215,0
IRS;2021,0;5,0;Pronto Atendimento;229,0
IRS;2021,0;5,0;UDC - Unidade de Decisão Clínica;229,0
IRS;2021,0;5,0;Unidade de Decisão Clínica;229,0
IRS;2021,0;5,0;Unidade de Urgência - Maternidade;229,0
IRS;2021,0;5,0;Unidade Urgência Emergência Ginecológica-Obstetrícia;229,0
IRS;2021,0;5,0;Unidade Urgência/Emergência;229,0
IRS;2021,0;5,0;Unidade Urgência-Emergência;229,0
IRS;2021,0;5,0;UUE/HRB/CHB;229,0
IRS;2021,0;6,0;Pronto Atendimento;218,0
IRS;2021,0;6,0;UDC - Unidade de Decisão Clínica;218,0
IRS;2021,0;6,0;Unidade de Decisão Clínica;218,0
IRS;2021,0;6,0;Unidade de Urgência - Maternidade;218,0
IRS;2021,0;6,0;Unidade Urgência Emergência Ginecológica-Obstetrícia;218,0
IRS;2021,0;6,0;Unidade Urgência/Emergência;218,0
IRS;2021,0;6,0;Unidade Urgência-Emergência;218,0
IRS;2021,0;6,0;UUE/HRB/CHB;218,0
IRS;2021,0;7,0;Pronto Atendimento;190,0
IRS;2021,0;7,0;UDC - Unidade de Decisão Clínica;190,0
IRS;2021,0;7,0;Unidade de Decisão Clínica;190,0
IRS;2021,0;7,0;Unidade de Urgência - Maternidade;190,0
IRS;2021,0;7,0;Unidade Urgência Emergência Ginecológica-Obstetrícia;190,0
IRS;2021,0;7,0;Unidade Urgência/Emergência;190,0
IRS;2021,0;7,0;Unidade Urgência-Emergência;190,0
IRS;2021,0;7,0;UUE/HRB/CHB;190,0
IRS;2021,0;8,0;Pronto Atendimento;221,0
IRS;2021,0;8,0;UDC - Unidade de Decisão Clínica;221,0
IRS;2021,0;8,0;Unidade de Decisão Clínica;221,0
IRS;2021,0;8,0;Unidade de Urgência - Maternidade;221,0
IRS;2021,0;8,0;Unidade Urgência Emergência Ginecológica-Obstetrícia;221,0
IRS;2021,0;8,0;Unidade Urgência/Emergência;221,0
IRS;2021,0;8,0;Unidade Urgência-Emergência;221,0
IRS;2021,0;8,0;UUE/HRB/CHB;221,0
IRS;2021,0;9,0;Pronto Atendimento;235,0
IRS;2021,0;9,0;UDC - Unidade de Decisão Clínica;235,0
IRS;2021,0;9,0;Unidade de Decisão Clínica;235,0
IRS;2021,0;9,0;Unidade de Urgência - Maternidade;235,0
IRS;2021,0;9,0;Unidade Urgência Emergência Ginecológica-Obstetrícia;235,0
IRS;2021,0;9,0;Unidade Urgência/Emergência;235,0
IRS;2021,0;9,0;Unidade Urgência-Emergência;235,0
IRS;2021,0;9,0;UUE/HRB/CHB;235,0
IRS;2021,0;10,0;Pronto Atendimento;236,0
IRS;2021,0;10,0;UDC - Unidade de Decisão Clínica;236,0
IRS;2021,0;10,0;Unidade de Decisão Clínica;236,0
IRS;2021,0;10,0;Unidade de Urgência - Maternidade;236,0
IRS;2021,0;10,0;Unidade Urgência Emergência Ginecológica-Obstetrícia;236,0
IRS;2021,0;10,0;Unidade Urgência/Emergência;236,0
IRS;2021,0;10,0;Unidade Urgência-Emergência;236,0
IRS;2021,0;10,0;UUE/HRB/CHB;236,0
IRS;2021,0;11,0;Pronto Atendimento;265,0
IRS;2021,0;11,0;UDC - Unidade de Decisão Clínica;265,0
IRS;2021,0;11,0;Unidade de Decisão Clínica;265,0
IRS;2021,0;11,0;Unidade de Urgência - Maternidade;265,0
IRS;2021,0;11,0;Unidade Urgência Emergência Ginecológica-Obstetrícia;265,0
IRS;2021,0;11,0;Unidade Urgência/Emergência;265,0
IRS;2021,0;11,0;Unidade Urgência-Emergência;265,0
IRS;2021,0;11,0;UUE/HRB/CHB;265,0
IRS;2021,0;12,0;Pronto Atendimento;266,0
IRS;2021,0;12,0;UDC - Unidade de Decisão Clínica;266,0
IRS;2021,0;12,0;Unidade de Decisão Clínica;266,0
IRS;2021,0;12,0;Unidade de Urgência - Maternidade;266,0
IRS;2021,0;12,0;Unidade Urgência Emergência Ginecológica-Obstetrícia;266,0
IRS;2021,0;12,0;Unidade Urgência/Emergência;266,0
IRS;2021,0;12,0;Unidade Urgência-Emergência;266,0
IRS;2021,0;12,0;UUE/HRB/CHB;266,0
IRS;2022,0;1,0;Pronto Atendimento;270,0
IRS;2022,0;1,0;UDC - Unidade de Decisão Clínica;270,0
IRS;2022,0;1,0;Unidade de Decisão Clínica;270,0
IRS;2022,0;1,0;Unidade de Urgência - Maternidade;270,0
IRS;2022,0;1,0;Unidade Urgência Emergência Ginecológica-Obstetrícia;270,0
IRS;2022,0;1,0;Unidade Urgência/Emergência;270,0
IRS;2022,0;1,0;Unidade Urgência-Emergência;270,0
IRS;2022,0;1,0;UUE/HRB/CHB;270,0
IRS;2022,0;2,0;Pronto Atendimento;218,0
IRS;2022,0;2,0;UDC - Unidade de Decisão Clínica;218,0
IRS;2022,0;2,0;Unidade de Decisão Clínica;218,0
IRS;2022,0;2,0;Unidade de Urgência - Maternidade;218,0
IRS;2022,0;2,0;Unidade Urgência Emergência Ginecológica-Obstetrícia;218,0
IRS;2022,0;2,0;Unidade Urgência/Emergência;218,0
IRS;2022,0;2,0;Unidade Urgência-Emergência;218,0
IRS;2022,0;2,0;UUE/HRB/CHB;218,0
IRS;2022,0;3,0;Pronto Atendimento;309,0
IRS;2022,0;3,0;UDC - Unidade de Decisão Clínica;309,0
IRS;2022,0;3,0;Unidade de Decisão Clínica;309,0
IRS;2022,0;3,0;Unidade de Urgência - Maternidade;309,0
IRS;2022,0;3,0;Unidade Urgência Emergência Ginecológica-Obstetrícia;309,0
IRS;2022,0;3,0;Unidade Urgência/Emergência;309,0
IRS;2022,0;3,0;Unidade Urgência-Emergência;309,0
IRS;2022,0;3,0;UUE/HRB/CHB;309,0
IRS;2022,0;4,0;Pronto Atendimento;280,0
IRS;2022,0;4,0;UDC - Unidade de Decisão Clínica;280,0
IRS;2022,0;4,0;Unidade de Decisão Clínica;280,0
IRS;2022,0;4,0;Unidade de Urgência - Maternidade;280,0
IRS;2022,0;4,0;Unidade Urgência Emergência Ginecológica-Obstetrícia;280,0
IRS;2022,0;4,0;Unidade Urgência/Emergência;280,0
IRS;2022,0;4,0;Unidade Urgência-Emergência;280,0
IRS;2022,0;4,0;UUE/HRB/CHB;280,0
IRS;2022,0;5,0;Pronto Atendimento;279,0
IRS;2022,0;5,0;UDC - Unidade de Decisão Clínica;279,0
IRS;2022,0;5,0;Unidade de Decisão Clínica;279,0
IRS;2022,0;5,0;Unidade de Urgência - Maternidade;279,0
IRS;2022,0;5,0;Unidade Urgência Emergência Ginecológica-Obstetrícia;279,0
IRS;2022,0;5,0;Unidade Urgência/Emergência;279,0
IRS;2022,0;5,0;Unidade Urgência-Emergência;279,0
IRS;2022,0;5,0;UUE/HRB/CHB;279,0
IRS;2022,0;6,0;Pronto Atendimento;259,0
IRS;2022,0;6,0;UDC - Unidade de Decisão Clínica;259,0
IRS;2022,0;6,0;Unidade de Decisão Clínica;259,0
IRS;2022,0;6,0;Unidade de Urgência - Maternidade;259,0
IRS;2022,0;6,0;Unidade Urgência Emergência Ginecológica-Obstetrícia;259,0
IRS;2022,0;6,0;Unidade Urgência/Emergência;259,0
IRS;2022,0;6,0;Unidade Urgência-Emergência;259,0
IRS;2022,0;6,0;UUE/HRB/CHB;259,0
IRS;2022,0;7,0;Pronto Atendimento;281,0
IRS;2022,0;7,0;UDC - Unidade de Decisão Clínica;281,0
IRS;2022,0;7,0;Unidade de Decisão Clínica;281,0
IRS;2022,0;7,0;Unidade de Urgência - Maternidade;281,0
IRS;2022,0;7,0;Unidade Urgência Emergência Ginecológica-Obstetrícia;281,0
IRS;2022,0;7,0;Unidade Urgência/Emergência;281,0
IRS;2022,0;7,0;Unidade Urgência-Emergência;281,0
IRS;2022,0;7,0;UUE/HRB/CHB;281,0
IRS;2022,0;8,0;Pronto Atendimento;329,0
IRS;2022,0;8,0;UDC - Unidade de Decisão Clínica;329,0
IRS;2022,0;8,0;Unidade de Decisão Clínica;329,0
IRS;2022,0;8,0;Unidade de Urgência - Maternidade;329,0
IRS;2022,0;8,0;Unidade Urgência Emergência Ginecológica-Obstetrícia;329,0
IRS;2022,0;8,0;Unidade Urgência/Emergência;329,0
IRS;2022,0;8,0;Unidade Urgência-Emergência;329,0
IRS;2022,0;8,0;UUE/HRB/CHB;329,0
IRS;2022,0;9,0;Pronto Atendimento;283,0
IRS;2022,0;9,0;UDC - Unidade de Decisão Clínica;283,0
IRS;2022,0;9,0;Unidade de Decisão Clínica;283,0
IRS;2022,0;9,0;Unidade de Urgência - Maternidade;283,0
IRS;2022,0;9,0;Unidade Urgência Emergência Ginecológica-Obstetrícia;283,0
IRS;2022,0;9,0;Unidade Urgência/Emergência;283,0
IRS;2022,0;9,0;Unidade Urgência-Emergência;283,0
IRS;2022,0;9,0;UUE/HRB/CHB;283,0
IRS;2022,0;10,0;Pronto Atendimento;270,0
IRS;2022,0;10,0;UDC - Unidade de Decisão Clínica;270,0
IRS;2022,0;10,0;Unidade de Decisão Clínica;270,0
IRS;2022,0;10,0;Unidade de Urgência - Maternidade;270,0
IRS;2022,0;10,0;Unidade Urgência Emergência Ginecológica-Obstetrícia;270,0
IRS;2022,0;10,0;Unidade Urgência/Emergência;270,0
IRS;2022,0;10,0;Unidade Urgência-Emergência;270,0
IRS;2022,0;10,0;UUE/HRB/CHB;270,0
IRS;2022,0;11,0;Pronto Atendimento;307,0
IRS;2022,0;11,0;UDC - Unidade de Decisão Clínica;307,0
IRS;2022,0;11,0;Unidade de Decisão Clínica;307,0
IRS;2022,0;11,0;Unidade de Urgência - Maternidade;307,0
IRS;2022,0;11,0;Unidade Urgência Emergência Ginecológica-Obstetrícia;307,0
IRS;2022,0;11,0;Unidade Urgência/Emergência;307,0
IRS;2022,0;11,0;Unidade Urgência-Emergência;307,0
IRS;2022,0;11,0;UUE/HRB/CHB;307,0
IRS;2022,0;12,0;Pronto Atendimento;344,0
IRS;2022,0;12,0;UDC - Unidade de Decisão Clínica;344,0
IRS;2022,0;12,0;Unidade de Decisão Clínica;344,0
IRS;2022,0;12,0;Unidade de Urgência - Maternidade;344,0
IRS;2022,0;12,0;Unidade Urgência Emergência Ginecológica-Obstetrícia;344,0
IRS;2022,0;12,0;Unidade Urgência/Emergência;344,0
IRS;2022,0;12,0;Unidade Urgência-Emergência;344,0
IRS;2022,0;12,0;UUE/HRB/CHB;344,0
IRS;2023,0;1,0;Pronto Atendimento;307,0
IRS;2023,0;1,0;UDC - Unidade de Decisão Clínica;307,0
IRS;2023,0;1,0;Unidade de Decisão Clínica;307,0
IRS;2023,0;1,0;Unidade de Urgência - Maternidade;307,0
IRS;2023,0;1,0;Unidade Urgência Emergência Ginecológica-Obstetrícia;307,0
IRS;2023,0;1,0;Unidade Urgência/Emergência;307,0
IRS;2023,0;1,0;Unidade Urgência-Emergência;307,0
IRS;2023,0;1,0;UUE/HRB/CHB;307,0
IRS;2023,0;2,0;Pronto Atendimento;291,0
IRS;2023,0;2,0;UDC - Unidade de Decisão Clínica;291,0
IRS;2023,0;2,0;Unidade de Decisão Clínica;291,0
IRS;2023,0;2,0;Unidade de Urgência - Maternidade;291,0
IRS;2023,0;2,0;Unidade Urgência Emergência Ginecológica-Obstetrícia;291,0
IRS;2023,0;2,0;Unidade Urgência/Emergência;291,0
IRS;2023,0;2,0;Unidade Urgência-Emergência;291,0
IRS;2023,0;2,0;UUE/HRB/CHB;291,0
IRS;2023,0;3,0;Pronto Atendimento;346,0
IRS;2023,0;3,0;UDC - Unidade de Decisão Clínica;346,0
IRS;2023,0;3,0;Unidade de Decisão Clínica;346,0
IRS;2023,0;3,0;Unidade de Urgência - Maternidade;346,0
IRS;2023,0;3,0;Unidade Urgência Emergência Ginecológica-Obstetrícia;346,0
IRS;2023,0;3,0;Unidade Urgência/Emergência;346,0
IRS;2023,0;3,0;Unidade Urgência-Emergência;346,0
IRS;2023,0;3,0;UUE/HRB/CHB;346,0
IRS;2023,0;4,0;Pronto Atendimento;276,0
IRS;2023,0;4,0;UDC - Unidade de Decisão Clínica;276,0
IRS;2023,0;4,0;Unidade de Decisão Clínica;276,0
IRS;2023,0;4,0;Unidade de Urgência - Maternidade;276,0
IRS;2023,0;4,0;Unidade Urgência Emergência Ginecológica-Obstetrícia;276,0
IRS;2023,0;4,0;Unidade Urgência/Emergência;276,0
IRS;2023,0;4,0;Unidade Urgência-Emergência;276,0
IRS;2023,0;4,0;UUE/HRB/CHB;276,0
IRS;2023,0;5,0;Pronto Atendimento;297,0
IRS;2023,0;5,0;UDC - Unidade de Decisão Clínica;297,0
IRS;2023,0;5,0;Unidade de Decisão Clínica;297,0
IRS;2023,0;5,0;Unidade de Urgência - Maternidade;297,0
IRS;2023,0;5,0;Unidade Urgência Emergência Ginecológica-Obstetrícia;297,0
IRS;2023,0;5,0;Unidade Urgência/Emergência;299,0
IRS;2023,0;5,0;Unidade Urgência-Emergência;297,0
IRS;2023,0;5,0;UUE/HRB/CHB;297,0
IRS;2023,0;6,0;Pronto Atendimento;276,0
IRS;2023,0;6,0;UDC - Unidade de Decisão Clínica;276,0
IRS;2023,0;6,0;Unidade de Decisão Clínica;276,0
IRS;2023,0;6,0;Unidade de Urgência - Maternidade;276,0
IRS;2023,0;6,0;Unidade Urgência Emergência Ginecológica-Obstetrícia;276,0
IRS;2023,0;6,0;Unidade Urgência/Emergência;283,0
IRS;2023,0;6,0;Unidade Urgência-Emergência;276,0
IRS;2023,0;6,0;UUE/HRB/CHB;276,0
IRS;2023,0;7,0;Pronto Atendimento;275,0
IRS;2023,0;7,0;UDC - Unidade de Decisão Clínica;275,0
IRS;2023,0;7,0;Unidade de Decisão Clínica;275,0
IRS;2023,0;7,0;Unidade de Urgência - Maternidade;275,0
IRS;2023,0;7,0;Unidade Urgência Emergência Ginecológica-Obstetrícia;275,0
IRS;2023,0;7,0;Unidade Urgência/Emergência;275,0
IRS;2023,0;7,0;Unidade Urgência-Emergência;275,0
IRS;2023,0;7,0;UUE/HRB/CHB;275,0
IRS;2023,0;8,0;Pronto Atendimento;7,0
IRS;2023,0;8,0;UDC - Unidade de Decisão Clínica;7,0
IRS;2023,0;8,0;Unidade de Decisão Clínica;7,0
IRS;2023,0;8,0;Unidade de Urgência - Maternidade;7,0
IRS;2023,0;8,0;Unidade Urgência Emergência Ginecológica-Obstetrícia;7,0
IRS;2023,0;8,0;Unidade Urgência/Emergência;366,0
IRS;2023,0;8,0;Unidade Urgência-Emergência;7,0
IRS;2023,0;8,0;UUE/HRB/CHB;7,0
IRS;2023,0;9,0;Unidade Urgência/Emergência;388,0
IRS;2023,0;10,0;Unidade Urgência/Emergência;403,0
IRS;2023,0;11,0;Unidade Urgência/Emergência;360,0
IRS;2023,0;12,0;Unidade Urgência/Emergência;350,0
IRS;2024,0;1,0;Unidade Urgência/Emergência;407,0
IRS;2024,0;2,0;Unidade Urgência/Emergência;377,0
IRS;2024,0;3,0;Unidade Urgência/Emergência;422,0
IRS;2024,0;4,0;Unidade Urgência/Emergência;379,0
IRS;2024,0;5,0;Unidade Urgência/Emergência;387,0
IRS;2024,0;6,0;Unidade Urgência/Emergência;347,0
IRS;2024,0;7,0;Unidade Urgência/Emergência;363,0
IRS;2024,0;8,0;Unidade Urgência/Emergência;302,0
IRS;2024,0;9,0;Unidade Urgência/Emergência;333,0
IRS;2024,0;10,0;Unidade Urgência/Emergência;367,0
IRS;2024,0;11,0;Unidade Urgência/Emergência;318,0
IRS;2024,0;12,0;Unidade Urgência/Emergência;310,0
IRS;2025,0;1,0;Unidade Urgência/Emergência;318,0
IRS;2025,0;2,0;Unidade Urgência/Emergência;283,0
IRS;2025,0;3,0;Unidade Urgência/Emergência;378,0
IRS;2025,0;4,0;Unidade Urgência/Emergência;357,0
IRS;2025,0;5,0;Unidade Urgência/Emergência;329,0
IRS;2025,0;6,0;Unidade Urgência/Emergência;312,0
IRS;2025,0;7,0;Unidade Urgência/Emergência;322,0
IRS;2025,0;8,0;Unidade Urgência/Emergência;326,0
IRS;2025,0;9,0;Unidade Urgência/Emergência;343,0
IRS;2025,0;10,0;Unidade Urgência/Emergência;343,0
IRS;2025,0;11,0;Unidade Urgência/Emergência;298,0
IRS;2025,0;12,0;Unidade Urgência/Emergência;313,0
IRS;2026,0;1,0;Unidade Urgência/Emergência;316,0
IRS;2026,0;2,0;Unidade Urgência/Emergência;318,0
MOV;2019,0;1,0;Pronto Atendimento;2073,0
MOV;2019,0;1,0;UDC - Unidade de Decisão Clínica;2073,0
MOV;2019,0;1,0;Unidade de Decisão Clínica;2073,0
MOV;2019,0;1,0;Unidade de Urgência - Maternidade;2073,0
MOV;2019,0;1,0;Unidade Urgência Emergência Ginecológica-Obstetrícia;2073,0
MOV;2019,0;1,0;Unidade Urgência/Emergência;2073,0
MOV;2019,0;1,0;Unidade Urgência-Emergência;2073,0
MOV;2019,0;1,0;UUE/HRB/CHB;2073,0
MOV;2019,0;2,0;Pronto Atendimento;1728,0
MOV;2019,0;2,0;UDC - Unidade de Decisão Clínica;1728,0
MOV;2019,0;2,0;Unidade de Decisão Clínica;1728,0
MOV;2019,0;2,0;Unidade de Urgência - Maternidade;1728,0
MOV;2019,0;2,0;Unidade Urgência Emergência Ginecológica-Obstetrícia;1728,0
MOV;2019,0;2,0;Unidade Urgência/Emergência;1728,0
MOV;2019,0;2,0;Unidade Urgência-Emergência;1728,0
MOV;2019,0;2,0;UUE/HRB/CHB;1728,0
MOV;2019,0;3,0;Pronto Atendimento;1938,0
MOV;2019,0;3,0;UDC - Unidade de Decisão Clínica;1938,0
MOV;2019,0;3,0;Unidade de Decisão Clínica;1938,0
MOV;2019,0;3,0;Unidade de Urgência - Maternidade;1938,0
MOV;2019,0;3,0;Unidade Urgência Emergência Ginecológica-Obstetrícia;1938,0
MOV;2019,0;3,0;Unidade Urgência/Emergência;1938,0
MOV;2019,0;3,0;Unidade Urgência-Emergência;1938,0
MOV;2019,0;3,0;UUE/HRB/CHB;1938,0
MOV;2019,0;4,0;Pronto Atendimento;1942,0
MOV;2019,0;4,0;UDC - Unidade de Decisão Clínica;1942,0
MOV;2019,0;4,0;Unidade de Decisão Clínica;1942,0
MOV;2019,0;4,0;Unidade de Urgência - Maternidade;1942,0
MOV;2019,0;4,0;Unidade Urgência Emergência Ginecológica-Obstetrícia;1942,0
MOV;2019,0;4,0;Unidade Urgência/Emergência;1942,0
MOV;2019,0;4,0;Unidade Urgência-Emergência;1942,0
MOV;2019,0;4,0;UUE/HRB/CHB;1942,0
MOV;2019,0;5,0;Pronto Atendimento;2005,0
MOV;2019,0;5,0;UDC - Unidade de Decisão Clínica;2005,0
MOV;2019,0;5,0;Unidade de Decisão Clínica;2005,0
MOV;2019,0;5,0;Unidade de Urgência - Maternidade;2005,0
MOV;2019,0;5,0;Unidade Urgência Emergência Ginecológica-Obstetrícia;2005,0
MOV;2019,0;5,0;Unidade Urgência/Emergência;2005,0
MOV;2019,0;5,0;Unidade Urgência-Emergência;2005,0
MOV;2019,0;5,0;UUE/HRB/CHB;2005,0
MOV;2019,0;6,0;Pronto Atendimento;1669,0
MOV;2019,0;6,0;UDC - Unidade de Decisão Clínica;1669,0
MOV;2019,0;6,0;Unidade de Decisão Clínica;1669,0
MOV;2019,0;6,0;Unidade de Urgência - Maternidade;1669,0
MOV;2019,0;6,0;Unidade Urgência Emergência Ginecológica-Obstetrícia;1669,0
MOV;2019,0;6,0;Unidade Urgência/Emergência;1669,0
MOV;2019,0;6,0;Unidade Urgência-Emergência;1669,0
MOV;2019,0;6,0;UUE/HRB/CHB;1669,0
MOV;2019,0;7,0;Pronto Atendimento;2015,0
MOV;2019,0;7,0;UDC - Unidade de Decisão Clínica;2015,0
MOV;2019,0;7,0;Unidade de Decisão Clínica;2015,0
MOV;2019,0;7,0;Unidade de Urgência - Maternidade;2015,0
MOV;2019,0;7,0;Unidade Urgência Emergência Ginecológica-Obstetrícia;2015,0
MOV;2019,0;7,0;Unidade Urgência/Emergência;2015,0
MOV;2019,0;7,0;Unidade Urgência-Emergência;2015,0
MOV;2019,0;7,0;UUE/HRB/CHB;2015,0
MOV;2019,0;8,0;Pronto Atendimento;1825,0
MOV;2019,0;8,0;UDC - Unidade de Decisão Clínica;1825,0
MOV;2019,0;8,0;Unidade de Decisão Clínica;1825,0
MOV;2019,0;8,0;Unidade de Urgência - Maternidade;1825,0
MOV;2019,0;8,0;Unidade Urgência Emergência Ginecológica-Obstetrícia;1825,0
MOV;2019,0;8,0;Unidade Urgência/Emergência;1825,0
MOV;2019,0;8,0;Unidade Urgência-Emergência;1825,0
MOV;2019,0;8,0;UUE/HRB/CHB;1825,0
MOV;2019,0;9,0;Pronto Atendimento;1716,0
MOV;2019,0;9,0;UDC - Unidade de Decisão Clínica;1716,0
MOV;2019,0;9,0;Unidade de Decisão Clínica;1716,0
MOV;2019,0;9,0;Unidade de Urgência - Maternidade;1716,0
MOV;2019,0;9,0;Unidade Urgência Emergência Ginecológica-Obstetrícia;1716,0
MOV;2019,0;9,0;Unidade Urgência/Emergência;1716,0
MOV;2019,0;9,0;Unidade Urgência-Emergência;1716,0
MOV;2019,0;9,0;UUE/HRB/CHB;1716,0
MOV;2019,0;10,0;Pronto Atendimento;1899,0
MOV;2019,0;10,0;UDC - Unidade de Decisão Clínica;1899,0
MOV;2019,0;10,0;Unidade de Decisão Clínica;1899,0
MOV;2019,0;10,0;Unidade de Urgência - Maternidade;1899,0
MOV;2019,0;10,0;Unidade Urgência Emergência Ginecológica-Obstetrícia;1899,0
MOV;2019,0;10,0;Unidade Urgência/Emergência;1899,0
MOV;2019,0;10,0;Unidade Urgência-Emergência;1899,0
MOV;2019,0;10,0;UUE/HRB/CHB;1899,0
MOV;2019,0;11,0;Pronto Atendimento;1726,0
MOV;2019,0;11,0;UDC - Unidade de Decisão Clínica;1726,0
MOV;2019,0;11,0;Unidade de Decisão Clínica;1726,0
MOV;2019,0;11,0;Unidade de Urgência - Maternidade;1726,0
MOV;2019,0;11,0;Unidade Urgência Emergência Ginecológica-Obstetrícia;1726,0
MOV;2019,0;11,0;Unidade Urgência/Emergência;1726,0
MOV;2019,0;11,0;Unidade Urgência-Emergência;1726,0
MOV;2019,0;11,0;UUE/HRB/CHB;1726,0
MOV;2019,0;12,0;Pronto Atendimento;1629,0
MOV;2019,0;12,0;UDC - Unidade de Decisão Clínica;1629,0
MOV;2019,0;12,0;Unidade de Decisão Clínica;1629,0
MOV;2019,0;12,0;Unidade de Urgência - Maternidade;1629,0
MOV;2019,0;12,0;Unidade Urgência Emergência Ginecológica-Obstetrícia;1629,0
MOV;2019,0;12,0;Unidade Urgência/Emergência;1629,0
MOV;2019,0;12,0;Unidade Urgência-Emergência;1629,0
MOV;2019,0;12,0;UUE/HRB/CHB;1629,0
MOV;2020,0;1,0;Pronto Atendimento;1843,0
MOV;2020,0;1,0;UDC - Unidade de Decisão Clínica;1843,0
MOV;2020,0;1,0;Unidade de Decisão Clínica;1843,0
MOV;2020,0;1,0;Unidade de Urgência - Maternidade;1843,0
MOV;2020,0;1,0;Unidade Urgência Emergência Ginecológica-Obstetrícia;1843,0
MOV;2020,0;1,0;Unidade Urgência/Emergência;1843,0
MOV;2020,0;1,0;Unidade Urgência-Emergência;1843,0
MOV;2020,0;1,0;UUE/HRB/CHB;1843,0
MOV;2020,0;2,0;Pronto Atendimento;1669,0
MOV;2020,0;2,0;UDC - Unidade de Decisão Clínica;1669,0
MOV;2020,0;2,0;Unidade de Decisão Clínica;1669,0
MOV;2020,0;2,0;Unidade de Urgência - Maternidade;1669,0
MOV;2020,0;2,0;Unidade Urgência Emergência Ginecológica-Obstetrícia;1669,0
MOV;2020,0;2,0;Unidade Urgência/Emergência;1669,0
MOV;2020,0;2,0;Unidade Urgência-Emergência;1669,0
MOV;2020,0;2,0;UUE/HRB/CHB;1669,0
MOV;2020,0;3,0;Pronto Atendimento;1462,0
MOV;2020,0;3,0;UDC - Unidade de Decisão Clínica;1462,0
MOV;2020,0;3,0;Unidade de Decisão Clínica;1462,0
MOV;2020,0;3,0;Unidade de Urgência - Maternidade;1462,0
MOV;2020,0;3,0;Unidade Urgência Emergência Ginecológica-Obstetrícia;1462,0
MOV;2020,0;3,0;Unidade Urgência/Emergência;1462,0
MOV;2020,0;3,0;Unidade Urgência-Emergência;1462,0
MOV;2020,0;3,0;UUE/HRB/CHB;1462,0
MOV;2020,0;4,0;Pronto Atendimento;1078,0
MOV;2020,0;4,0;UDC - Unidade de Decisão Clínica;1078,0
MOV;2020,0;4,0;Unidade de Decisão Clínica;1078,0
MOV;2020,0;4,0;Unidade de Urgência - Maternidade;1078,0
MOV;2020,0;4,0;Unidade Urgência Emergência Ginecológica-Obstetrícia;1078,0
MOV;2020,0;4,0;Unidade Urgência/Emergência;1078,0
MOV;2020,0;4,0;Unidade Urgência-Emergência;1078,0
MOV;2020,0;4,0;UUE/HRB/CHB;1078,0
MOV;2020,0;5,0;Pronto Atendimento;1053,0
MOV;2020,0;5,0;UDC - Unidade de Decisão Clínica;1053,0
MOV;2020,0;5,0;Unidade de Decisão Clínica;1053,0
MOV;2020,0;5,0;Unidade de Urgência - Maternidade;1053,0
MOV;2020,0;5,0;Unidade Urgência Emergência Ginecológica-Obstetrícia;1053,0
MOV;2020,0;5,0;Unidade Urgência/Emergência;1053,0
MOV;2020,0;5,0;Unidade Urgência-Emergência;1053,0
MOV;2020,0;5,0;UUE/HRB/CHB;1053,0
MOV;2020,0;6,0;Pronto Atendimento;1360,0
MOV;2020,0;6,0;UDC - Unidade de Decisão Clínica;1360,0
MOV;2020,0;6,0;Unidade de Decisão Clínica;1360,0
MOV;2020,0;6,0;Unidade de Urgência - Maternidade;1360,0
MOV;2020,0;6,0;Unidade Urgência Emergência Ginecológica-Obstetrícia;1360,0
MOV;2020,0;6,0;Unidade Urgência/Emergência;1360,0
MOV;2020,0;6,0;Unidade Urgência-Emergência;1360,0
MOV;2020,0;6,0;UUE/HRB/CHB;1360,0
MOV;2020,0;7,0;Pronto Atendimento;1377,0
MOV;2020,0;7,0;UDC - Unidade de Decisão Clínica;1377,0
MOV;2020,0;7,0;Unidade de Decisão Clínica;1377,0
MOV;2020,0;7,0;Unidade de Urgência - Maternidade;1377,0
MOV;2020,0;7,0;Unidade Urgência Emergência Ginecológica-Obstetrícia;1377,0
MOV;2020,0;7,0;Unidade Urgência/Emergência;1377,0
MOV;2020,0;7,0;Unidade Urgência-Emergência;1377,0
MOV;2020,0;7,0;UUE/HRB/CHB;1377,0
MOV;2020,0;8,0;Pronto Atendimento;1296,0
MOV;2020,0;8,0;UDC - Unidade de Decisão Clínica;1296,0
MOV;2020,0;8,0;Unidade de Decisão Clínica;1296,0
MOV;2020,0;8,0;Unidade de Urgência - Maternidade;1296,0
MOV;2020,0;8,0;Unidade Urgência Emergência Ginecológica-Obstetrícia;1296,0
MOV;2020,0;8,0;Unidade Urgência/Emergência;1296,0
MOV;2020,0;8,0;Unidade Urgência-Emergência;1296,0
MOV;2020,0;8,0;UUE/HRB/CHB;1296,0
MOV;2020,0;9,0;Pronto Atendimento;1431,0
MOV;2020,0;9,0;UDC - Unidade de Decisão Clínica;1431,0
MOV;2020,0;9,0;Unidade de Decisão Clínica;1431,0
MOV;2020,0;9,0;Unidade de Urgência - Maternidade;1431,0
MOV;2020,0;9,0;Unidade Urgência Emergência Ginecológica-Obstetrícia;1431,0
MOV;2020,0;9,0;Unidade Urgência/Emergência;1431,0
MOV;2020,0;9,0;Unidade Urgência-Emergência;1431,0
MOV;2020,0;9,0;UUE/HRB/CHB;1431,0
MOV;2020,0;10,0;Pronto Atendimento;1420,0
MOV;2020,0;10,0;UDC - Unidade de Decisão Clínica;1420,0
MOV;2020,0;10,0;Unidade de Decisão Clínica;1420,0
MOV;2020,0;10,0;Unidade de Urgência - Maternidade;1420,0
MOV;2020,0;10,0;Unidade Urgência Emergência Ginecológica-Obstetrícia;1420,0
MOV;2020,0;10,0;Unidade Urgência/Emergência;1420,0
MOV;2020,0;10,0;Unidade Urgência-Emergência;1420,0
MOV;2020,0;10,0;UUE/HRB/CHB;1420,0
MOV;2020,0;11,0;Pronto Atendimento;1418,0
MOV;2020,0;11,0;UDC - Unidade de Decisão Clínica;1418,0
MOV;2020,0;11,0;Unidade de Decisão Clínica;1418,0
MOV;2020,0;11,0;Unidade de Urgência - Maternidade;1418,0
MOV;2020,0;11,0;Unidade Urgência Emergência Ginecológica-Obstetrícia;1418,0
MOV;2020,0;11,0;Unidade Urgência/Emergência;1418,0
MOV;2020,0;11,0;Unidade Urgência-Emergência;1418,0
MOV;2020,0;11,0;UUE/HRB/CHB;1418,0
MOV;2020,0;12,0;Pronto Atendimento;1553,0
MOV;2020,0;12,0;UDC - Unidade de Decisão Clínica;1553,0
MOV;2020,0;12,0;Unidade de Decisão Clínica;1553,0
MOV;2020,0;12,0;Unidade de Urgência - Maternidade;1553,0
MOV;2020,0;12,0;Unidade Urgência Emergência Ginecológica-Obstetrícia;1553,0
MOV;2020,0;12,0;Unidade Urgência/Emergência;1553,0
MOV;2020,0;12,0;Unidade Urgência-Emergência;1553,0
MOV;2020,0;12,0;UUE/HRB/CHB;1553,0
MOV;2021,0;1,0;Pronto Atendimento;1520,0
MOV;2021,0;1,0;UDC - Unidade de Decisão Clínica;1520,0
MOV;2021,0;1,0;Unidade de Decisão Clínica;1520,0
MOV;2021,0;1,0;Unidade de Urgência - Maternidade;1520,0
MOV;2021,0;1,0;Unidade Urgência Emergência Ginecológica-Obstetrícia;1520,0
MOV;2021,0;1,0;Unidade Urgência/Emergência;1520,0
MOV;2021,0;1,0;Unidade Urgência-Emergência;1520,0
MOV;2021,0;1,0;UUE/HRB/CHB;1520,0
MOV;2021,0;2,0;Pronto Atendimento;1357,0
MOV;2021,0;2,0;UDC - Unidade de Decisão Clínica;1357,0
MOV;2021,0;2,0;Unidade de Decisão Clínica;1357,0
MOV;2021,0;2,0;Unidade de Urgência - Maternidade;1357,0
MOV;2021,0;2,0;Unidade Urgência Emergência Ginecológica-Obstetrícia;1357,0
MOV;2021,0;2,0;Unidade Urgência/Emergência;1357,0
MOV;2021,0;2,0;Unidade Urgência-Emergência;1357,0
MOV;2021,0;2,0;UUE/HRB/CHB;1357,0
MOV;2021,0;3,0;Pronto Atendimento;1496,0
MOV;2021,0;3,0;UDC - Unidade de Decisão Clínica;1496,0
MOV;2021,0;3,0;Unidade de Decisão Clínica;1496,0
MOV;2021,0;3,0;Unidade de Urgência - Maternidade;1496,0
MOV;2021,0;3,0;Unidade Urgência Emergência Ginecológica-Obstetrícia;1496,0
MOV;2021,0;3,0;Unidade Urgência/Emergência;1496,0
MOV;2021,0;3,0;Unidade Urgência-Emergência;1496,0
MOV;2021,0;3,0;UUE/HRB/CHB;1496,0
MOV;2021,0;4,0;Pronto Atendimento;1359,0
MOV;2021,0;4,0;UDC - Unidade de Decisão Clínica;1359,0
MOV;2021,0;4,0;Unidade de Decisão Clínica;1359,0
MOV;2021,0;4,0;Unidade de Urgência - Maternidade;1359,0
MOV;2021,0;4,0;Unidade Urgência Emergência Ginecológica-Obstetrícia;1359,0
MOV;2021,0;4,0;Unidade Urgência/Emergência;1359,0
MOV;2021,0;4,0;Unidade Urgência-Emergência;1359,0
MOV;2021,0;4,0;UUE/HRB/CHB;1359,0
MOV;2021,0;5,0;Pronto Atendimento;1443,0
MOV;2021,0;5,0;UDC - Unidade de Decisão Clínica;1443,0
MOV;2021,0;5,0;Unidade de Decisão Clínica;1443,0
MOV;2021,0;5,0;Unidade de Urgência - Maternidade;1443,0
MOV;2021,0;5,0;Unidade Urgência Emergência Ginecológica-Obstetrícia;1443,0
MOV;2021,0;5,0;Unidade Urgência/Emergência;1443,0
MOV;2021,0;5,0;Unidade Urgência-Emergência;1443,0
MOV;2021,0;5,0;UUE/HRB/CHB;1443,0
MOV;2021,0;6,0;Pronto Atendimento;1402,0
MOV;2021,0;6,0;UDC - Unidade de Decisão Clínica;1402,0
MOV;2021,0;6,0;Unidade de Decisão Clínica;1402,0
MOV;2021,0;6,0;Unidade de Urgência - Maternidade;1402,0
MOV;2021,0;6,0;Unidade Urgência Emergência Ginecológica-Obstetrícia;1402,0
MOV;2021,0;6,0;Unidade Urgência/Emergência;1402,0
MOV;2021,0;6,0;Unidade Urgência-Emergência;1402,0
MOV;2021,0;6,0;UUE/HRB/CHB;1402,0
MOV;2021,0;7,0;Pronto Atendimento;1429,0
MOV;2021,0;7,0;UDC - Unidade de Decisão Clínica;1429,0
MOV;2021,0;7,0;Unidade de Decisão Clínica;1429,0
MOV;2021,0;7,0;Unidade de Urgência - Maternidade;1429,0
MOV;2021,0;7,0;Unidade Urgência Emergência Ginecológica-Obstetrícia;1429,0
MOV;2021,0;7,0;Unidade Urgência/Emergência;1429,0
MOV;2021,0;7,0;Unidade Urgência-Emergência;1429,0
MOV;2021,0;7,0;UUE/HRB/CHB;1429,0
MOV;2021,0;8,0;Pronto Atendimento;1522,0
MOV;2021,0;8,0;UDC - Unidade de Decisão Clínica;1522,0
MOV;2021,0;8,0;Unidade de Decisão Clínica;1522,0
MOV;2021,0;8,0;Unidade de Urgência - Maternidade;1522,0
MOV;2021,0;8,0;Unidade Urgência Emergência Ginecológica-Obstetrícia;1522,0
MOV;2021,0;8,0;Unidade Urgência/Emergência;1522,0
MOV;2021,0;8,0;Unidade Urgência-Emergência;1522,0
MOV;2021,0;8,0;UUE/HRB/CHB;1522,0
MOV;2021,0;9,0;Pronto Atendimento;1503,0
MOV;2021,0;9,0;UDC - Unidade de Decisão Clínica;1503,0
MOV;2021,0;9,0;Unidade de Decisão Clínica;1503,0
MOV;2021,0;9,0;Unidade de Urgência - Maternidade;1503,0
MOV;2021,0;9,0;Unidade Urgência Emergência Ginecológica-Obstetrícia;1503,0
MOV;2021,0;9,0;Unidade Urgência/Emergência;1503,0
MOV;2021,0;9,0;Unidade Urgência-Emergência;1503,0
MOV;2021,0;9,0;UUE/HRB/CHB;1503,0
MOV;2021,0;10,0;Pronto Atendimento;1368,0
MOV;2021,0;10,0;UDC - Unidade de Decisão Clínica;1368,0
MOV;2021,0;10,0;Unidade de Decisão Clínica;1368,0
MOV;2021,0;10,0;Unidade de Urgência - Maternidade;1368,0
MOV;2021,0;10,0;Unidade Urgência Emergência Ginecológica-Obstetrícia;1368,0
MOV;2021,0;10,0;Unidade Urgência/Emergência;1368,0
MOV;2021,0;10,0;Unidade Urgência-Emergência;1368,0
MOV;2021,0;10,0;UUE/HRB/CHB;1368,0
MOV;2021,0;11,0;Pronto Atendimento;1481,0
MOV;2021,0;11,0;UDC - Unidade de Decisão Clínica;1481,0
MOV;2021,0;11,0;Unidade de Decisão Clínica;1481,0
MOV;2021,0;11,0;Unidade de Urgência - Maternidade;1481,0
MOV;2021,0;11,0;Unidade Urgência Emergência Ginecológica-Obstetrícia;1481,0
MOV;2021,0;11,0;Unidade Urgência/Emergência;1481,0
MOV;2021,0;11,0;Unidade Urgência-Emergência;1481,0
MOV;2021,0;11,0;UUE/HRB/CHB;1481,0
MOV;2021,0;12,0;Pronto Atendimento;1376,0
MOV;2021,0;12,0;UDC - Unidade de Decisão Clínica;1376,0
MOV;2021,0;12,0;Unidade de Decisão Clínica;1376,0
MOV;2021,0;12,0;Unidade de Urgência - Maternidade;1376,0
MOV;2021,0;12,0;Unidade Urgência Emergência Ginecológica-Obstetrícia;1376,0
MOV;2021,0;12,0;Unidade Urgência/Emergência;1376,0
MOV;2021,0;12,0;Unidade Urgência-Emergência;1376,0
MOV;2021,0;12,0;UUE/HRB/CHB;1376,0
MOV;2022,0;1,0;Pronto Atendimento;1476,0
MOV;2022,0;1,0;UDC - Unidade de Decisão Clínica;1476,0
MOV;2022,0;1,0;Unidade de Decisão Clínica;1476,0
MOV;2022,0;1,0;Unidade de Urgência - Maternidade;1476,0
MOV;2022,0;1,0;Unidade Urgência Emergência Ginecológica-Obstetrícia;1476,0
MOV;2022,0;1,0;Unidade Urgência/Emergência;1476,0
MOV;2022,0;1,0;Unidade Urgência-Emergência;1476,0
MOV;2022,0;1,0;UUE/HRB/CHB;1476,0
MOV;2022,0;2,0;Pronto Atendimento;1281,0
MOV;2022,0;2,0;UDC - Unidade de Decisão Clínica;1281,0
MOV;2022,0;2,0;Unidade de Decisão Clínica;1281,0
MOV;2022,0;2,0;Unidade de Urgência - Maternidade;1281,0
MOV;2022,0;2,0;Unidade Urgência Emergência Ginecológica-Obstetrícia;1281,0
MOV;2022,0;2,0;Unidade Urgência/Emergência;1281,0
MOV;2022,0;2,0;Unidade Urgência-Emergência;1281,0
MOV;2022,0;2,0;UUE/HRB/CHB;1281,0
MOV;2022,0;3,0;Pronto Atendimento;1479,0
MOV;2022,0;3,0;UDC - Unidade de Decisão Clínica;1479,0
MOV;2022,0;3,0;Unidade de Decisão Clínica;1479,0
MOV;2022,0;3,0;Unidade de Urgência - Maternidade;1479,0
MOV;2022,0;3,0;Unidade Urgência Emergência Ginecológica-Obstetrícia;1479,0
MOV;2022,0;3,0;Unidade Urgência/Emergência;1479,0
MOV;2022,0;3,0;Unidade Urgência-Emergência;1479,0
MOV;2022,0;3,0;UUE/HRB/CHB;1479,0
MOV;2022,0;4,0;Pronto Atendimento;1416,0
MOV;2022,0;4,0;UDC - Unidade de Decisão Clínica;1416,0
MOV;2022,0;4,0;Unidade de Decisão Clínica;1416,0
MOV;2022,0;4,0;Unidade de Urgência - Maternidade;1416,0
MOV;2022,0;4,0;Unidade Urgência Emergência Ginecológica-Obstetrícia;1416,0
MOV;2022,0;4,0;Unidade Urgência/Emergência;1416,0
MOV;2022,0;4,0;Unidade Urgência-Emergência;1416,0
MOV;2022,0;4,0;UUE/HRB/CHB;1416,0
MOV;2022,0;5,0;Pronto Atendimento;1604,0
MOV;2022,0;5,0;UDC - Unidade de Decisão Clínica;1604,0
MOV;2022,0;5,0;Unidade de Decisão Clínica;1604,0
MOV;2022,0;5,0;Unidade de Urgência - Maternidade;1604,0
MOV;2022,0;5,0;Unidade Urgência Emergência Ginecológica-Obstetrícia;1604,0
MOV;2022,0;5,0;Unidade Urgência/Emergência;1604,0
MOV;2022,0;5,0;Unidade Urgência-Emergência;1604,0
MOV;2022,0;5,0;UUE/HRB/CHB;1604,0
MOV;2022,0;6,0;Pronto Atendimento;1391,0
MOV;2022,0;6,0;UDC - Unidade de Decisão Clínica;1391,0
MOV;2022,0;6,0;Unidade de Decisão Clínica;1391,0
MOV;2022,0;6,0;Unidade de Urgência - Maternidade;1391,0
MOV;2022,0;6,0;Unidade Urgência Emergência Ginecológica-Obstetrícia;1391,0
MOV;2022,0;6,0;Unidade Urgência/Emergência;1391,0
MOV;2022,0;6,0;Unidade Urgência-Emergência;1391,0
MOV;2022,0;6,0;UUE/HRB/CHB;1391,0
MOV;2022,0;7,0;Pronto Atendimento;1665,0
MOV;2022,0;7,0;UDC - Unidade de Decisão Clínica;1665,0
MOV;2022,0;7,0;Unidade de Decisão Clínica;1665,0
MOV;2022,0;7,0;Unidade de Urgência - Maternidade;1665,0
MOV;2022,0;7,0;Unidade Urgência Emergência Ginecológica-Obstetrícia;1665,0
MOV;2022,0;7,0;Unidade Urgência/Emergência;1665,0
MOV;2022,0;7,0;Unidade Urgência-Emergência;1665,0
MOV;2022,0;7,0;UUE/HRB/CHB;1665,0
MOV;2022,0;8,0;Pronto Atendimento;1785,0
MOV;2022,0;8,0;UDC - Unidade de Decisão Clínica;1785,0
MOV;2022,0;8,0;Unidade de Decisão Clínica;1785,0
MOV;2022,0;8,0;Unidade de Urgência - Maternidade;1785,0
MOV;2022,0;8,0;Unidade Urgência Emergência Ginecológica-Obstetrícia;1785,0
MOV;2022,0;8,0;Unidade Urgência/Emergência;1785,0
MOV;2022,0;8,0;Unidade Urgência-Emergência;1785,0
MOV;2022,0;8,0;UUE/HRB/CHB;1785,0
MOV;2022,0;9,0;Pronto Atendimento;1679,0
MOV;2022,0;9,0;UDC - Unidade de Decisão Clínica;1679,0
MOV;2022,0;9,0;Unidade de Decisão Clínica;1679,0
MOV;2022,0;9,0;Unidade de Urgência - Maternidade;1679,0
MOV;2022,0;9,0;Unidade Urgência Emergência Ginecológica-Obstetrícia;1679,0
MOV;2022,0;9,0;Unidade Urgência/Emergência;1679,0
MOV;2022,0;9,0;Unidade Urgência-Emergência;1679,0
MOV;2022,0;9,0;UUE/HRB/CHB;1679,0
MOV;2022,0;10,0;Pronto Atendimento;1678,0
MOV;2022,0;10,0;UDC - Unidade de Decisão Clínica;1678,0
MOV;2022,0;10,0;Unidade de Decisão Clínica;1678,0
MOV;2022,0;10,0;Unidade de Urgência - Maternidade;1678,0
MOV;2022,0;10,0;Unidade Urgência Emergência Ginecológica-Obstetrícia;1678,0
MOV;2022,0;10,0;Unidade Urgência/Emergência;1678,0
MOV;2022,0;10,0;Unidade Urgência-Emergência;1678,0
MOV;2022,0;10,0;UUE/HRB/CHB;1678,0
MOV;2022,0;11,0;Pronto Atendimento;1636,0
MOV;2022,0;11,0;UDC - Unidade de Decisão Clínica;1636,0
MOV;2022,0;11,0;Unidade de Decisão Clínica;1636,0
MOV;2022,0;11,0;Unidade de Urgência - Maternidade;1636,0
MOV;2022,0;11,0;Unidade Urgência Emergência Ginecológica-Obstetrícia;1636,0
MOV;2022,0;11,0;Unidade Urgência/Emergência;1636,0
MOV;2022,0;11,0;Unidade Urgência-Emergência;1636,0
MOV;2022,0;11,0;UUE/HRB/CHB;1636,0
MOV;2022,0;12,0;Pronto Atendimento;1635,0
MOV;2022,0;12,0;UDC - Unidade de Decisão Clínica;1635,0
MOV;2022,0;12,0;Unidade de Decisão Clínica;1635,0
MOV;2022,0;12,0;Unidade de Urgência - Maternidade;1635,0
MOV;2022,0;12,0;Unidade Urgência Emergência Ginecológica-Obstetrícia;1635,0
MOV;2022,0;12,0;Unidade Urgência/Emergência;1635,0
MOV;2022,0;12,0;Unidade Urgência-Emergência;1635,0
MOV;2022,0;12,0;UUE/HRB/CHB;1635,0
MOV;2023,0;1,0;Pronto Atendimento;1821,0
MOV;2023,0;1,0;UDC - Unidade de Decisão Clínica;1821,0
MOV;2023,0;1,0;Unidade de Decisão Clínica;1821,0
MOV;2023,0;1,0;Unidade de Urgência - Maternidade;1821,0
MOV;2023,0;1,0;Unidade Urgência Emergência Ginecológica-Obstetrícia;1821,0
MOV;2023,0;1,0;Unidade Urgência/Emergência;1821,0
MOV;2023,0;1,0;Unidade Urgência-Emergência;1821,0
MOV;2023,0;1,0;UUE/HRB/CHB;1821,0
MOV;2023,0;2,0;Pronto Atendimento;1728,0
MOV;2023,0;2,0;UDC - Unidade de Decisão Clínica;1728,0
MOV;2023,0;2,0;Unidade de Decisão Clínica;1728,0
MOV;2023,0;2,0;Unidade de Urgência - Maternidade;1728,0
MOV;2023,0;2,0;Unidade Urgência Emergência Ginecológica-Obstetrícia;1728,0
MOV;2023,0;2,0;Unidade Urgência/Emergência;1728,0
MOV;2023,0;2,0;Unidade Urgência-Emergência;1728,0
MOV;2023,0;2,0;UUE/HRB/CHB;1728,0
MOV;2023,0;3,0;Pronto Atendimento;1990,0
MOV;2023,0;3,0;UDC - Unidade de Decisão Clínica;1990,0
MOV;2023,0;3,0;Unidade de Decisão Clínica;1990,0
MOV;2023,0;3,0;Unidade de Urgência - Maternidade;1990,0
MOV;2023,0;3,0;Unidade Urgência Emergência Ginecológica-Obstetrícia;1990,0
MOV;2023,0;3,0;Unidade Urgência/Emergência;1990,0
MOV;2023,0;3,0;Unidade Urgência-Emergência;1990,0
MOV;2023,0;3,0;UUE/HRB/CHB;1990,0
MOV;2023,0;4,0;Pronto Atendimento;285,0
MOV;2023,0;4,0;UDC - Unidade de Decisão Clínica;285,0
MOV;2023,0;4,0;Unidade de Decisão Clínica;285,0
MOV;2023,0;4,0;Unidade de Urgência - Maternidade;285,0
MOV;2023,0;4,0;Unidade Urgência Emergência Ginecológica-Obstetrícia;285,0
MOV;2023,0;4,0;Unidade Urgência/Emergência;1643,0
MOV;2023,0;4,0;Unidade Urgência-Emergência;285,0
MOV;2023,0;4,0;UUE/HRB/CHB;285,0
MOV;2023,0;5,0;Unidade Urgência/Emergência;1699,0
MOV;2023,0;6,0;Unidade Urgência/Emergência;1601,0
MOV;2023,0;7,0;Unidade Urgência/Emergência;1606,0
MOV;2023,0;8,0;Unidade Urgência/Emergência;1830,0
MOV;2023,0;9,0;Unidade Urgência/Emergência;1742,0
MOV;2023,0;10,0;Unidade Urgência/Emergência;1866,0
MOV;2023,0;11,0;Unidade Urgência/Emergência;1789,0
MOV;2023,0;12,0;Unidade Urgência/Emergência;1682,0
MOV;2024,0;1,0;Unidade Urgência/Emergência;1900,0
MOV;2024,0;2,0;Unidade Urgência/Emergência;1895,0
MOV;2024,0;3,0;Unidade Urgência/Emergência;1970,0
MOV;2024,0;4,0;Unidade Urgência/Emergência;1792,0
MOV;2024,0;5,0;Unidade Urgência/Emergência;1755,0
MOV;2024,0;6,0;Unidade Urgência/Emergência;1473,0
MOV;2024,0;7,0;Unidade Urgência/Emergência;1615,0
MOV;2024,0;8,0;Unidade Urgência/Emergência;1600,0
MOV;2024,0;9,0;Unidade Urgência/Emergência;1679,0
MOV;2024,0;10,0;Unidade Urgência/Emergência;1672,0
MOV;2024,0;11,0;Unidade Urgência/Emergência;1650,0
MOV;2024,0;12,0;Unidade Urgência/Emergência;1587,0
MOV;2025,0;1,0;Unidade Urgência/Emergência;1852,0
MOV;2025,0;2,0;Unidade Urgência/Emergência;1702,0
MOV;2025,0;3,0;Unidade Urgência/Emergência;1974,0
MOV;2025,0;4,0;Unidade Urgência/Emergência;1926,0
MOV;2025,0;5,0;Unidade Urgência/Emergência;1841,0
MOV;2025,0;6,0;Unidade Urgência/Emergência;1688,0
MOV;2025,0;7,0;Unidade Urgência/Emergência;1727,0
MOV;2025,0;8,0;Unidade Urgência/Emergência;1761,0
MOV;2025,0;9,0;Unidade Urgência/Emergência;1751,0
MOV;2025,0;10,0;Unidade Urgência/Emergência;1838,0
MOV;2025,0;11,0;Unidade Urgência/Emergência;1721,0
MOV;2025,0;12,0;Unidade Urgência/Emergência;1712,0
MOV;2026,0;1,0;Unidade Urgência/Emergência;1820,0
MOV;2026,0;2,0;Unidade Urgência/Emergência;1631,0
Total;;;;1689478,0
;;;;
Filtros aplicados: Setor de atendimento não está em branco total consultas urgencia não é 0 estabelecimento não é (Em branco), CEPAI ou MGT Status operacional é Filtro de Ex-Unidades AnoMes não é (Em branco);;;;
